-- MySQL dump 10.13  Distrib 5.7.22, for Linux (x86_64)
--
-- Host: localhost    Database: mars
-- ------------------------------------------------------
-- Server version	5.7.22-0ubuntu0.16.04.1

/*!40101 SET @OLD_CHARACTER_SET_CLIENT=@@CHARACTER_SET_CLIENT */;
/*!40101 SET @OLD_CHARACTER_SET_RESULTS=@@CHARACTER_SET_RESULTS */;
/*!40101 SET @OLD_COLLATION_CONNECTION=@@COLLATION_CONNECTION */;
/*!40101 SET NAMES utf8 */;
/*!40103 SET @OLD_TIME_ZONE=@@TIME_ZONE */;
/*!40103 SET TIME_ZONE='+00:00' */;
/*!40014 SET @OLD_UNIQUE_CHECKS=@@UNIQUE_CHECKS, UNIQUE_CHECKS=0 */;
/*!40014 SET @OLD_FOREIGN_KEY_CHECKS=@@FOREIGN_KEY_CHECKS, FOREIGN_KEY_CHECKS=0 */;
/*!40101 SET @OLD_SQL_MODE=@@SQL_MODE, SQL_MODE='NO_AUTO_VALUE_ON_ZERO' */;
/*!40111 SET @OLD_SQL_NOTES=@@SQL_NOTES, SQL_NOTES=0 */;

--
-- Table structure for table `mars_card_decks`
--

DROP TABLE IF EXISTS `mars_card_decks`;
/*!40101 SET @saved_cs_client     = @@character_set_client */;
/*!40101 SET character_set_client = utf8 */;
CREATE TABLE `mars_card_decks` (
  `deck_id` int(11) NOT NULL AUTO_INCREMENT,
  `title` varchar(100) NOT NULL,
  PRIMARY KEY (`deck_id`)
) ENGINE=InnoDB AUTO_INCREMENT=5 DEFAULT CHARSET=latin1;
/*!40101 SET character_set_client = @saved_cs_client */;

--
-- Dumping data for table `mars_card_decks`
--

LOCK TABLES `mars_card_decks` WRITE;
/*!40000 ALTER TABLE `mars_card_decks` DISABLE KEYS */;
INSERT INTO `mars_card_decks` VALUES (1,'Basic'),(2,'Corporate'),(3,'Promo'),(4,'Venus');
/*!40000 ALTER TABLE `mars_card_decks` ENABLE KEYS */;
UNLOCK TABLES;

--
-- Table structure for table `mars_card_types`
--

DROP TABLE IF EXISTS `mars_card_types`;
/*!40101 SET @saved_cs_client     = @@character_set_client */;
/*!40101 SET character_set_client = utf8 */;
CREATE TABLE `mars_card_types` (
  `type_id` int(11) NOT NULL AUTO_INCREMENT,
  `title` varchar(100) NOT NULL,
  PRIMARY KEY (`type_id`)
) ENGINE=InnoDB AUTO_INCREMENT=4 DEFAULT CHARSET=latin1;
/*!40101 SET character_set_client = @saved_cs_client */;

--
-- Dumping data for table `mars_card_types`
--

LOCK TABLES `mars_card_types` WRITE;
/*!40000 ALTER TABLE `mars_card_types` DISABLE KEYS */;
INSERT INTO `mars_card_types` VALUES (1,'Event'),(2,'Automated'),(3,'Active');
/*!40000 ALTER TABLE `mars_card_types` ENABLE KEYS */;
UNLOCK TABLES;

--
-- Table structure for table `mars_cards`
--

DROP TABLE IF EXISTS `mars_cards`;
/*!40101 SET @saved_cs_client     = @@character_set_client */;
/*!40101 SET character_set_client = utf8 */;
CREATE TABLE `mars_cards` (
  `card_id` int(11) NOT NULL AUTO_INCREMENT,
  `card_type` int(11) NOT NULL,
  `card_deck` int(11) NOT NULL,
  `cost` int(11) NOT NULL,
  `card_title` varchar(100) DEFAULT NULL,
  `req_min_temp` int(11) NOT NULL,
  `req_max_temp` int(11) NOT NULL,
  `req_min_oxyg` int(11) NOT NULL,
  `req_max_oxyg` int(11) NOT NULL,
  `req_min_ocean` int(11) NOT NULL,
  `req_max_ocean` int(11) NOT NULL,
  `req_min_venus` int(11) DEFAULT NULL,
  `req_max_venus` int(11) DEFAULT NULL,
  `req_scence` int(11) DEFAULT NULL,
  `req_building` int(11) DEFAULT NULL,
  `req_space` int(11) DEFAULT NULL,
  `req_microbe` int(11) DEFAULT NULL,
  `req_plant` int(11) DEFAULT NULL,
  `req_animal` int(11) DEFAULT NULL,
  `req_city` int(11) DEFAULT NULL,
  `req_earth` int(11) DEFAULT NULL,
  `req_jovian` int(11) DEFAULT NULL,
  `req_energy` int(11) DEFAULT NULL,
  `req_venus` int(11) DEFAULT NULL,
  `req_titan_prod` int(11) NOT NULL DEFAULT '0',
  `req_steel_prod` int(11) NOT NULL DEFAULT '0',
  `req_plant_prod` int(11) NOT NULL DEFAULT '0',
  `req_energy_prod` int(11) NOT NULL DEFAULT '0',
  `req_heat_prod` int(11) NOT NULL DEFAULT '0',
  `req_tile_green` int(11) NOT NULL DEFAULT '0',
  `req_tile_city` int(11) NOT NULL DEFAULT '0',
  `req_min_rating` int(11) NOT NULL DEFAULT '1',
  `req_max_rating` int(11) NOT NULL DEFAULT '1000',
  `req_floaters` int(11) NOT NULL DEFAULT '0',
  `tag_scence` int(11) NOT NULL,
  `tag_building` int(11) NOT NULL,
  `tag_space` int(11) NOT NULL,
  `tag_microbe` int(11) NOT NULL,
  `tag_plant` int(11) NOT NULL,
  `tag_animal` int(11) NOT NULL,
  `tag_city` int(11) NOT NULL,
  `tag_earth` int(11) NOT NULL,
  `tag_jovian` int(11) NOT NULL,
  `tag_energy` int(11) NOT NULL,
  `tag_venus` int(11) NOT NULL,
  `tag_event` int(11) NOT NULL,
  `prod_eff_money` int(11) NOT NULL,
  `prod_eff_money_oth` int(11) NOT NULL,
  `prod_eff_steel` int(11) NOT NULL,
  `prod_eff_steel_oth` int(11) NOT NULL,
  `prod_eff_titan` int(11) NOT NULL,
  `prod_eff_titan_oth` int(11) NOT NULL,
  `prod_eff_plant` int(11) NOT NULL,
  `prod_eff_plant_oth` int(11) NOT NULL,
  `prod_eff_energy` int(11) NOT NULL,
  `prod_eff_energy_oth` int(11) NOT NULL,
  `prod_eff_heat` int(11) NOT NULL,
  `prod_eff_heat_oth` int(11) NOT NULL,
  `res_eff_money` int(11) NOT NULL,
  `res_eff_money_oth` int(11) NOT NULL,
  `res_eff_steel` int(11) NOT NULL,
  `res_eff_steel_oth` int(11) NOT NULL,
  `res_eff_titan` int(11) NOT NULL,
  `res_eff_titan_oth` int(11) NOT NULL,
  `res_eff_plant` int(11) NOT NULL,
  `res_eff_plant_oth` int(11) NOT NULL,
  `res_eff_energy` int(11) NOT NULL,
  `res_eff_energy_oth` int(11) NOT NULL,
  `res_eff_heat` int(11) NOT NULL,
  `res_eff_heat_oth` int(11) NOT NULL,
  `terr_eff_temp` int(11) NOT NULL,
  `terr_eff_oxygen` int(11) NOT NULL,
  `terr_eff_ocean` int(11) NOT NULL,
  `terr_eff_venus` int(11) NOT NULL,
  `terr_eff_rating` int(11) NOT NULL,
  `terr_eff_points` int(11) NOT NULL,
  `rec_action_text` varchar(255) DEFAULT NULL,
  `one_time_effect_text` varchar(255) DEFAULT NULL,
  PRIMARY KEY (`card_id`)
) ENGINE=InnoDB AUTO_INCREMENT=262 DEFAULT CHARSET=latin1;
/*!40101 SET character_set_client = @saved_cs_client */;

--
-- Dumping data for table `mars_cards`
--

LOCK TABLES `mars_cards` WRITE;
/*!40000 ALTER TABLE `mars_cards` DISABLE KEYS */;
INSERT INTO `mars_cards` VALUES (1,2,1,8,'Colonizer Training Camp',-30,8,0,5,0,9,0,30,0,0,0,0,0,0,0,0,0,0,0,0,0,0,0,0,0,0,1,1000,0,0,1,0,0,0,0,0,0,1,0,0,0,0,0,0,0,0,0,0,0,0,0,0,0,0,0,0,0,0,0,0,0,0,0,0,0,0,0,0,0,0,2,'','Oxygen must be 5% or less.'),(2,2,2,13,'Asteroid Mining Consortium',-30,8,0,14,0,9,0,30,0,0,0,0,0,0,0,0,0,0,0,0,0,0,0,0,0,0,1,1000,0,0,0,0,0,0,0,0,0,1,0,0,0,0,0,0,0,0,0,0,0,0,0,0,0,0,0,0,0,0,0,0,0,0,0,0,0,0,0,0,0,0,1,'','Requires that you have titanium production. Decrease any titanium production 1 step and increase your own 1 step.'),(3,2,1,13,'Deep Well Heating',-30,8,0,14,0,9,0,30,0,0,0,0,0,0,0,0,0,0,0,0,0,0,0,0,0,0,1,1000,0,0,1,0,0,0,0,0,0,0,1,0,0,0,0,0,0,0,0,0,0,1,0,0,0,0,0,0,0,0,0,0,0,0,0,0,0,1,0,0,0,0,0,'','Increase your energy production 1 step. Increase temperature 1 step.'),(4,2,1,11,'Cloud Seeding',-30,8,0,14,3,9,0,30,0,0,0,0,0,0,0,0,0,0,0,0,0,0,0,0,0,0,1,1000,0,0,0,0,0,0,0,0,0,0,0,0,0,-1,0,0,0,0,0,2,0,0,0,0,0,0,0,0,0,0,0,0,0,0,0,0,0,0,0,0,0,0,0,'','Requires 3 ocean tiles. Decrease your MC production 1 step and any heat production 1 step.  Increase your plant production 2 steps.'),(5,3,1,3,'Search For Life',-30,8,0,6,0,9,0,30,0,0,0,0,0,0,0,0,0,0,0,0,0,0,0,0,0,0,1,1000,0,1,0,0,0,0,0,0,0,0,0,0,0,0,0,0,0,0,0,0,0,0,0,0,0,0,0,0,0,0,0,0,0,0,0,0,0,0,0,0,0,0,0,'Action: Spend 1 MC to reveal and discard the top card of the draw deck. If that card has a microbe tag, add a science resource here.','Oxygen must be 6% or less. 3 VPs if you have one or more science resource here.'),(6,3,2,9,'Inventors` Guild',-30,8,0,14,0,9,0,30,0,0,0,0,0,0,0,0,0,0,0,0,0,0,0,0,0,0,1,1000,0,1,0,0,0,0,0,0,0,0,0,0,0,0,0,0,0,0,0,0,0,0,0,0,0,0,0,0,0,0,0,0,0,0,0,0,0,0,0,0,0,0,0,'Action: Look at the top card and either buy it or discard it',''),(7,3,1,13,'Martian Rail',-30,8,0,14,0,9,0,30,0,0,0,0,0,0,0,0,0,0,0,0,0,0,0,0,0,0,1,1000,0,0,1,0,0,0,0,0,0,0,0,0,0,0,0,0,0,0,0,0,0,0,0,0,0,0,0,0,0,0,0,0,0,0,0,0,0,0,0,0,0,0,0,'Action: Spend 1 energy to gain 1 MC for each city tile ON MARS.',''),(8,2,1,26,'Capital',-30,8,0,14,4,9,0,30,0,0,0,0,0,0,0,0,0,0,0,0,0,0,0,0,0,0,1,1000,0,0,1,0,0,0,0,1,0,0,0,0,0,5,0,0,0,0,0,0,0,-2,0,0,0,0,0,0,0,0,0,0,0,0,0,0,0,0,0,0,0,0,99,'','Requires 4 ocean tiles. Place [the capital city] tile. Decrease your energy production 2 steps and increase your MC production 5 steps. 1 ADDITIONAL VP FOR EACH OCEAN TILE ADJACENT TO THIS CITY TILE.'),(9,1,1,14,'Asteroid',-30,8,0,14,0,9,0,30,0,0,0,0,0,0,0,0,0,0,0,0,0,0,0,0,0,0,1,1000,0,0,0,1,0,0,0,0,0,0,0,0,1,0,0,0,0,0,0,0,0,0,0,0,0,0,0,0,0,2,0,0,0,0,0,0,0,1,0,0,0,0,0,'','Raise temperature 1 step and gain 2 titanium. Remove up to 3 plants from any player.'),(10,1,1,21,'Comet',-30,8,0,14,0,9,0,30,0,0,0,0,0,0,0,0,0,0,0,0,0,0,0,0,0,0,1,1000,0,0,0,1,0,0,0,0,0,0,0,0,1,0,0,0,0,0,0,0,0,0,0,0,0,0,0,0,0,0,0,0,0,0,0,0,0,1,0,1,0,0,0,'','Raise temperature 1 step and place an ocean tile. Remove up to 3 plants from any player.'),(11,1,1,27,'Big Asteroid',-30,8,0,14,0,9,0,30,0,0,0,0,0,0,0,0,0,0,0,0,0,0,0,0,0,0,1,1000,0,0,0,1,0,0,0,0,0,0,0,0,1,0,0,0,0,0,0,0,0,0,0,0,0,0,0,0,0,4,0,0,0,0,0,0,0,2,0,0,0,0,0,'','Raise temperature 2 steps and gain 4 titanium. Remove up to 4 plants from any player.'),(12,3,1,25,'Water Import From Europa',-30,8,0,14,0,9,0,30,0,0,0,0,0,0,0,0,0,0,0,0,0,0,0,0,0,0,1,1000,0,0,0,1,0,0,0,0,0,1,0,0,0,0,0,0,0,0,0,0,0,0,0,0,0,0,0,0,0,0,0,0,0,0,0,0,0,0,0,99,0,0,99,'Action: Pay 12 MC to place an ocean tile. TITANIUM MAY BE USED as if playing a space card.','1 VP for each Jovian tag you have.'),(13,3,2,27,'Space Elevator',-30,8,0,14,0,9,0,30,0,0,0,0,0,0,0,0,0,0,0,0,0,0,0,0,0,0,1,1000,0,0,1,1,0,0,0,0,0,0,0,0,0,0,0,0,0,1,0,0,0,0,0,0,0,0,0,0,0,0,0,0,0,0,0,0,0,0,0,0,0,0,2,'Action: Spend 1 steel to gain 5 MC','Increase your titanium production 1 step.'),(14,3,2,11,'Development Center',-30,8,0,14,0,9,0,30,0,0,0,0,0,0,0,0,0,0,0,0,0,0,0,0,0,0,1,1000,0,1,1,0,0,0,0,0,0,0,0,0,0,0,0,0,0,0,0,0,0,0,0,0,0,0,0,0,0,0,0,0,0,0,0,0,0,0,0,0,0,0,0,'Action: Spend 1 energy to draw a card.',''),(15,3,1,11,'Equatorial Magnetizer',-30,8,0,14,0,9,0,30,0,0,0,0,0,0,0,0,0,0,0,0,0,0,0,0,0,0,1,1000,0,0,1,0,0,0,0,0,0,0,0,0,0,0,0,0,0,0,0,0,0,0,0,0,0,0,0,0,0,0,0,0,0,0,0,0,0,0,0,0,0,99,0,'Action: Decrease your energy production 1 step to increase your terraforming rating 1 step.',''),(16,2,1,24,'Domed Crater',-30,8,0,7,0,9,0,30,0,0,0,0,0,0,0,0,0,0,0,0,0,0,0,0,0,0,1,1000,0,0,1,0,0,0,0,1,0,0,0,0,0,3,0,0,0,0,0,0,0,-1,0,0,0,0,0,0,0,0,0,3,0,0,0,0,0,0,0,0,0,0,1,'','Oxygen must be 7% or less. Gain 3 plants and place a city tile. Decrease your energy production 1 step and increase MC production 3 steps.'),(17,2,1,18,'Noctis City',-30,8,0,14,0,9,0,30,0,0,0,0,0,0,0,0,0,0,0,0,0,0,0,0,0,0,1,1000,0,0,1,0,0,0,0,1,0,0,0,0,0,3,0,0,0,0,0,0,0,-1,0,0,0,0,0,0,0,0,0,0,0,0,0,0,0,0,0,0,0,0,0,'','Decrease your energy production 1 step and increase your MC production 3 steps. Place a tile ON THE RESERVED AREA, disregarding normal placement restrictions.'),(18,2,1,28,'Methane From Titan',-30,8,2,14,0,9,0,30,0,0,0,0,0,0,0,0,0,0,0,0,0,0,0,0,0,0,1,1000,0,0,0,1,0,0,0,0,0,1,0,0,0,0,0,0,0,0,0,2,0,0,0,2,0,0,0,0,0,0,0,0,0,0,0,0,0,0,0,0,0,0,2,'','Requires 2% oxygen. Increase your heat production 2 steps and your plant production 2 steps.'),(19,1,1,16,'Imported Hydrogen',-30,8,0,14,0,9,0,30,0,0,0,0,0,0,0,0,0,0,0,0,0,0,0,0,0,0,1,1000,0,0,0,1,0,0,0,0,1,0,0,0,1,0,0,0,0,0,0,0,0,0,0,0,0,0,0,0,0,0,0,0,0,0,0,0,0,0,0,1,0,0,0,'','Gain 3 plants, or add 3 microbes or 2 animals to ANOTHER card. Place an ocean tile.'),(20,3,1,18,'Research Outpost',-30,8,0,14,0,9,0,30,0,0,0,0,0,0,0,0,0,0,0,0,0,0,0,0,0,0,1,1000,0,1,1,0,0,0,0,1,0,0,0,0,0,0,0,0,0,0,0,0,0,0,0,0,0,0,0,0,0,0,0,0,0,0,0,0,0,0,0,0,0,0,0,'Effect: When you play a card, you pay 1 MC less for it.','Place a city tile NEXT TO NO OTHER TILE.'),(21,2,1,25,'Phobos Space Haven',-30,8,0,14,0,9,0,30,0,0,0,0,0,0,0,0,0,0,0,0,0,0,0,0,0,0,1,1000,0,0,0,1,0,0,0,1,0,0,0,0,0,0,0,0,0,1,0,0,0,0,0,0,0,0,0,0,0,0,0,0,0,0,0,0,0,0,0,0,0,0,3,'','Increase your titanium production 1 step and place a city tile ON THE RESERVED AREA.'),(22,2,1,15,'Black Polar Dust',-30,8,0,14,0,9,0,30,0,0,0,0,0,0,0,0,0,0,0,0,0,0,0,0,0,0,1,1000,0,0,0,0,0,0,0,0,0,0,0,0,0,-2,0,0,0,0,0,0,0,0,0,3,0,0,0,0,0,0,0,0,0,0,0,0,0,0,0,1,0,0,0,'','Place an ocean tile. Decrease your MC production 2 steps and increase your heat production 3 steps.'),(23,3,1,12,'Arctic Algae',-30,-12,0,14,0,9,0,30,0,0,0,0,0,0,0,0,0,0,0,0,0,0,0,0,0,0,1,1000,0,0,0,0,0,1,0,0,0,0,0,0,0,0,0,0,0,0,0,0,0,0,0,0,0,0,0,0,0,0,0,0,0,0,0,0,0,0,0,0,0,0,0,'Effect: When anyone places an ocean tile, gain 2 plants.','It must be -12°C or colder to play. Gain 1 plant.'),(24,3,1,14,'Predators',-30,8,11,14,0,9,0,30,0,0,0,0,0,0,0,0,0,0,0,0,0,0,0,0,0,0,1,1000,0,0,0,0,0,0,1,0,0,0,0,0,0,0,0,0,0,0,0,0,0,0,0,0,0,0,0,0,0,0,0,0,0,0,0,0,0,0,0,0,0,0,99,'Action: Remove 1 animal from any card and add it to this card.','Requires 11% oxygen. 1 VP per animal on this card.'),(25,3,2,10,'Space Station',-30,8,0,14,0,9,0,30,0,0,0,0,0,0,0,0,0,0,0,0,0,0,0,0,0,0,1,1000,0,0,0,1,0,0,0,0,0,0,0,0,0,0,0,0,0,0,0,0,0,0,0,0,0,0,0,0,0,0,0,0,0,0,0,0,0,0,0,0,0,0,1,'Effect: When you play a space card, you pay 2 MC less for it.',''),(26,2,1,16,'Eos Chasma National Park',-12,8,0,14,0,9,0,30,0,0,0,0,0,0,0,0,0,0,0,0,0,0,0,0,0,0,1,1000,0,0,1,0,0,1,0,0,0,0,0,0,0,2,0,0,0,0,0,0,0,0,0,0,0,0,0,0,0,0,0,3,0,0,0,0,0,0,0,0,0,0,1,'','Requires -128°C  or warmer. Add 1 animal TO ANY ANIMAL CARD. Gain 3 plants. Increase your MC production 2 steps.'),(27,1,2,24,'Interstellar Colony Ship',-30,8,0,14,0,9,0,30,5,0,0,0,0,0,0,0,0,0,0,0,0,0,0,0,0,0,1,1000,0,0,0,1,0,0,0,0,1,0,0,0,1,0,0,0,0,0,0,0,0,0,0,0,0,0,0,0,0,0,0,0,0,0,0,0,0,0,0,0,0,0,0,'','Requires 5 science tags.'),(28,3,2,12,'Security Fleet',-30,8,0,14,0,9,0,30,0,0,0,0,0,0,0,0,0,0,0,0,0,0,0,0,0,0,1,1000,0,0,0,1,0,0,0,0,0,0,0,0,0,0,0,0,0,0,0,0,0,0,0,0,0,0,0,0,0,0,0,0,0,0,0,0,0,0,0,0,0,0,99,'Action: Spend 1 titanium to add 1 fighter resource to this card.','1 VP for each fighter resource on this card.'),(29,2,1,16,'Cupola City',-30,8,0,9,0,9,0,30,0,0,0,0,0,0,0,0,0,0,0,0,0,0,0,0,0,0,1,1000,0,0,1,0,0,0,0,1,0,0,0,0,0,3,0,0,0,0,0,0,0,-1,0,0,0,0,0,0,0,0,0,0,0,0,0,0,0,0,0,0,0,0,0,'','Oxygen must be 9% or less. Place a city tile. Decrease your energy production 1 step and increase your MC production 3 steps.'),(30,2,1,13,'Lunar Beam',-30,8,0,14,0,9,0,30,0,0,0,0,0,0,0,0,0,0,0,0,0,0,0,0,0,0,1,1000,0,0,0,0,0,0,0,0,1,0,1,0,0,-2,0,0,0,0,0,0,0,2,0,2,0,0,0,0,0,0,0,0,0,0,0,0,0,0,0,0,0,0,0,'','Decrease your MC production 2 steps and increase your heat production and energy production 2 steps each.'),(31,3,1,7,'Optimal Aerobraking',-30,8,0,14,0,9,0,30,0,0,0,0,0,0,0,0,0,0,0,0,0,0,0,0,0,0,1,1000,0,0,0,1,0,0,0,0,0,0,0,0,0,0,0,0,0,0,0,0,0,0,0,0,0,0,0,0,0,0,0,0,0,0,0,0,0,0,0,0,0,0,0,'Effect: When you place a space event, you gain 3 MC and 3 heat.',''),(32,2,1,18,'Underground City',-30,8,0,14,0,9,0,30,0,0,0,0,0,0,0,0,0,0,0,0,0,0,0,0,0,0,1,1000,0,0,1,0,0,0,0,1,0,0,0,0,0,0,0,2,0,0,0,0,0,-2,0,0,0,0,0,0,0,0,0,0,0,0,0,0,0,0,0,0,0,0,0,'','Place a city tile. Decrease your energy production 2 steps and increase your steel production 2 steps.'),(33,3,1,13,'Regolith Eaters',-30,8,0,14,0,9,0,30,0,0,0,0,0,0,0,0,0,0,0,0,0,0,0,0,0,0,1,1000,0,1,0,0,1,0,0,0,0,0,0,0,0,0,0,0,0,0,0,0,0,0,0,0,0,0,0,0,0,0,0,0,0,0,0,0,0,0,99,0,0,0,0,'Action: Add 1 microbe to this card, or remove 2 microbe from this card to raise oxygen level 1 step.',''),(34,3,1,8,'GHG Producing Bacteria',-30,8,4,14,0,9,0,30,0,0,0,0,0,0,0,0,0,0,0,0,0,0,0,0,0,0,1,1000,0,1,0,0,1,0,0,0,0,0,0,0,0,0,0,0,0,0,0,0,0,0,0,0,0,0,0,0,0,0,0,0,0,0,0,0,0,99,0,0,0,0,0,'Action: Add 1 microbe to this card, or remove 2 microbes to raise temperature 1 step.','Requires 4% oxygen.'),(35,3,1,9,'Ants',-30,8,4,14,0,9,0,30,0,0,0,0,0,0,0,0,0,0,0,0,0,0,0,0,0,0,1,1000,0,0,0,0,1,0,0,0,0,0,0,0,0,0,0,0,0,0,0,0,0,0,0,0,0,0,0,0,0,0,0,0,0,0,0,0,0,0,0,0,0,0,99,'Action: Remove 1 microbe from any card to add 1 to this card.','Requires 4% oxygen. 1 VP per 2 microbes on this card.'),(36,1,1,14,'Release of Inert Gases',-30,8,0,14,0,9,0,30,0,0,0,0,0,0,0,0,0,0,0,0,0,0,0,0,0,0,1,1000,0,0,0,0,0,0,0,0,0,0,0,0,1,0,0,0,0,0,0,0,0,0,0,0,0,0,0,0,0,0,0,0,0,0,0,0,0,0,0,0,0,2,0,'','Raise your terraform rating 2 steps.'),(37,1,1,31,'Nitrogen-Rich Asteroid',-30,8,0,14,0,9,0,30,0,0,0,0,0,0,0,0,0,0,0,0,0,0,0,0,0,0,1,1000,0,1,0,0,0,0,0,0,0,0,0,0,1,0,0,0,0,0,0,0,0,0,0,0,0,0,0,0,0,0,0,0,0,0,0,0,0,1,0,0,0,2,0,'','Raise your terraforming rating 2 steps and temperature 1 step. Increase your plant production 1 step, or 4 steps if you have 3 plant tags.'),(38,3,1,8,'Rover Construction',-30,8,0,14,0,9,0,30,0,0,0,0,0,0,0,0,0,0,0,0,0,0,0,0,0,0,1,1000,0,0,1,0,0,0,0,0,0,0,0,0,0,0,0,0,0,0,0,0,0,0,0,0,0,0,0,0,0,0,0,0,0,0,0,0,0,0,0,0,0,0,1,'Effect: When any city tile is placed, gain 2 MC',''),(39,1,1,31,'Deimos Down',-30,8,0,14,0,9,0,30,0,0,0,0,0,0,0,0,0,0,0,0,0,0,0,0,0,0,1,1000,0,0,0,1,0,0,0,0,0,0,0,0,1,0,0,0,0,0,0,0,0,0,0,0,0,0,0,4,0,0,0,0,0,0,0,0,0,3,0,0,0,0,0,'','Raise temperature 3 steps and gain 4 steel. Remove up to 8 plants from any player.'),(40,2,1,30,'Asteroid Mining',-30,8,0,14,0,9,0,30,0,0,0,0,0,0,0,0,0,0,0,0,0,0,0,0,0,0,1,1000,0,0,0,1,0,0,0,0,0,1,0,0,0,0,0,0,0,2,0,0,0,0,0,0,0,0,0,0,0,0,0,0,0,0,0,0,0,0,0,0,0,0,2,'','Increase your titanium production 2 steps.'),(41,2,1,12,'Food Factory',-30,8,0,14,0,9,0,30,0,0,0,0,0,0,0,0,0,0,0,0,0,0,0,0,0,0,1,1000,0,0,1,0,0,0,0,0,0,0,0,0,0,4,0,0,0,0,0,-1,0,0,0,0,0,0,0,0,0,0,0,0,0,0,0,0,0,0,0,0,0,0,1,'','Decrease your plant production 1 step and increase your MC production 4 steps.'),(42,2,1,6,'Archaebacteria',-30,-18,0,14,0,9,0,30,0,0,0,0,0,0,0,0,0,0,0,0,0,0,0,0,0,0,1,1000,0,0,0,0,1,0,0,0,0,0,0,0,0,0,0,0,0,0,0,1,0,0,0,0,0,0,0,0,0,0,0,0,0,0,0,0,0,0,0,0,0,0,0,'','It must be -18°C or colder. Increase your plant production 1 step.'),(43,2,1,6,'Carbonate Processing',-30,8,0,14,0,9,0,30,0,0,0,0,0,0,0,0,0,0,0,0,0,0,0,0,0,0,1,1000,0,0,1,0,0,0,0,0,0,0,0,0,0,0,0,0,0,0,0,0,0,-1,0,3,0,0,0,0,0,0,0,0,0,-1,0,0,0,0,0,0,0,0,0,'','Decrease your energy production 1 step and increase your heat production 3 steps.'),(44,2,1,9,'Natural Preserve',-30,8,0,4,0,9,0,30,0,0,0,0,0,0,0,0,0,0,0,0,0,0,0,0,0,0,1,1000,0,1,1,0,0,0,0,0,0,0,0,0,0,1,0,0,0,0,0,0,0,0,0,0,0,0,0,0,0,0,0,0,0,0,0,0,0,0,0,0,0,0,0,'','Oxygen must be 4% or less. Place this tile NEXT TO NO OTHER TILE. Increase your MC production 1 step.'),(45,2,1,10,'Nuclear Power',-30,8,0,14,0,9,0,30,0,0,0,0,0,0,0,0,0,0,0,0,0,0,0,0,0,0,1,1000,0,0,1,0,0,0,0,0,0,0,1,0,0,-2,0,0,0,0,0,0,0,3,0,0,0,0,0,0,0,0,0,0,0,0,0,0,0,0,0,0,0,0,0,'','Decrease your MC production 2 steps and increase your energy production 3 steps.'),(46,2,2,8,'Lightning Harvest',-30,8,0,14,0,9,0,30,3,0,0,0,0,0,0,0,0,0,0,0,0,0,0,0,0,0,1,1000,0,0,0,0,0,0,0,0,0,0,1,0,0,1,0,0,0,0,0,0,0,1,0,0,0,0,0,0,0,0,0,0,0,0,0,0,0,0,0,0,0,0,1,'','Requires 3 science tags. Increase your energy production and your MC production 1 step each.'),(47,2,1,10,'Algae',-30,8,0,14,5,9,0,30,0,0,0,0,0,0,0,0,0,0,0,0,0,0,0,0,0,0,1,1000,0,0,0,0,0,1,0,0,0,0,0,0,0,0,0,0,0,0,0,2,0,0,0,0,0,0,0,0,0,0,0,1,0,0,0,0,0,0,0,0,0,0,0,'','Requires 5 ocean tiles. Gain 1 plant and increase your plant production 2 steps.'),(48,2,1,9,'Adapted Lichen',-30,8,0,14,0,9,0,30,0,0,0,0,0,0,0,0,0,0,0,0,0,0,0,0,0,0,1,1000,0,0,0,0,0,1,0,0,0,0,0,0,0,0,0,0,0,0,0,1,0,0,0,0,0,0,0,0,0,0,0,0,0,0,0,0,0,0,0,0,0,0,0,'','Increase your plant production 1 step.'),(49,3,2,4,'Tardigrades',-30,8,0,14,0,9,0,30,0,0,0,0,0,0,0,0,0,0,0,0,0,0,0,0,0,0,1,1000,0,0,0,0,1,0,0,0,0,0,0,0,0,0,0,0,0,0,0,0,0,0,0,0,0,0,0,0,0,0,0,0,0,0,0,0,0,0,0,0,0,0,99,'Action: Add 1 microbe to this card.','1 VP per 4 microbes on this card.'),(50,1,2,1,'Virus',-30,8,0,14,0,9,0,30,0,0,0,0,0,0,0,0,0,0,0,0,0,0,0,0,0,0,1,1000,0,0,0,0,1,0,0,0,0,0,0,0,1,0,0,0,0,0,0,0,0,0,0,0,0,0,0,0,0,0,0,0,0,0,0,0,0,0,0,0,0,0,0,'','Remove up to 2 animals or 5 plants from any player.'),(51,2,2,12,'Miranda Resort',-30,8,0,14,0,9,0,30,0,0,0,0,0,0,0,0,0,0,0,0,0,0,0,0,0,0,1,1000,0,0,0,1,0,0,0,0,0,1,0,0,0,0,0,0,0,0,0,0,0,0,0,0,0,0,0,0,0,0,0,0,0,0,0,0,0,0,0,0,0,0,1,'','Increase your MC production 1 step for each Earth tag you have.'),(52,3,1,9,'Fish',2,8,0,14,0,9,0,30,0,0,0,0,0,0,0,0,0,0,0,0,0,0,0,0,0,0,1,1000,0,0,0,0,0,0,1,0,0,0,0,0,0,0,0,0,0,0,0,0,0,0,0,0,0,0,0,0,0,0,0,0,0,0,0,0,0,0,0,0,0,0,99,'Action: Add 1 animal to this card.','Requires 2°C or warmer. Decrease any plant production 1 step. 1 VP for each animal on this card.'),(53,2,1,18,'Lake Marineris',0,8,0,14,0,9,0,30,0,0,0,0,0,0,0,0,0,0,0,0,0,0,0,0,0,0,1,1000,0,0,0,0,0,0,0,0,0,0,0,0,0,0,0,0,0,0,0,0,0,0,0,0,0,0,0,0,0,0,0,0,0,0,0,0,0,0,0,2,0,0,2,'','Requires 0°C or warmer. Place 2 ocean tiles.'),(54,3,1,6,'Small Animals',-30,8,6,14,0,9,0,30,0,0,0,0,0,0,0,0,0,0,0,0,0,0,0,0,0,0,1,1000,0,0,0,0,0,0,1,0,0,0,0,0,0,0,0,0,0,0,0,0,0,0,0,0,0,0,0,0,0,0,0,0,0,0,0,0,0,0,0,0,0,0,99,'Action: Add 1 animal to this card.','Requires 6% oxygen. Decrease any plant production 1 step. 1 VP per 2 animals on this card.'),(55,2,1,17,'Kelp Farming',-30,8,0,14,6,9,0,30,0,0,0,0,0,0,0,0,0,0,0,0,0,0,0,0,0,0,1,1000,0,0,0,0,0,0,0,0,0,0,0,0,0,2,0,0,0,0,0,3,0,0,0,0,0,0,0,0,0,0,0,2,0,0,0,0,0,0,0,0,0,0,1,'','Requires 6 ocean tiles. Increase your MC production 2 steps and your plant production 3 steps. Gain 2 plants.'),(56,2,2,4,'Mine',-30,8,0,14,0,9,0,30,0,0,0,0,0,0,0,0,0,0,0,0,0,0,0,0,0,0,1,1000,0,0,1,0,0,0,0,0,0,0,0,0,0,0,0,1,0,0,0,0,0,0,0,0,0,0,0,0,0,0,0,0,0,0,0,0,0,0,0,0,0,0,0,'','Increase your steel production 1 step.'),(57,2,2,15,'Vesta Shipyard',-30,8,0,14,0,9,0,30,0,0,0,0,0,0,0,0,0,0,0,0,0,0,0,0,0,0,1,1000,0,0,0,1,0,0,0,0,0,1,0,0,0,0,0,0,0,1,0,0,0,0,0,0,0,0,0,0,0,0,0,0,0,0,0,0,0,0,0,0,0,0,1,'','Increase your titanium production 1 step.'),(58,2,1,32,'Beam From a Thorium Asteroid',-30,8,0,14,0,9,0,30,0,0,0,0,0,0,0,0,1,0,0,0,0,0,0,0,0,0,1,1000,0,0,0,1,0,0,0,0,0,1,1,0,0,0,0,0,0,0,0,0,0,3,0,3,0,0,0,0,0,0,0,0,0,0,0,0,0,0,0,0,0,0,1,'','Requires a Jovian tag. Increase your heat production and energy production 3 steps each.'),(59,2,1,12,'Mangrove',4,8,0,14,0,9,0,30,0,0,0,0,0,0,0,0,0,0,0,0,0,0,0,0,0,0,1,1000,0,0,0,0,0,1,0,0,0,0,0,0,0,0,0,0,0,0,0,0,0,0,0,0,0,0,0,0,0,0,0,0,0,0,0,0,0,0,1,0,0,0,1,'','Requires +4°C or warmer. Place a Greenery tile ON AN AREA RESERVED FOR OCEAN and raise oxygen 1 step. Disregard normal placement restrictions for this.'),(60,2,1,13,'Trees',-4,8,0,14,0,9,0,30,0,0,0,0,0,0,0,0,0,0,0,0,0,0,0,0,0,0,1,1000,0,0,0,0,0,1,0,0,0,0,0,0,0,0,0,0,0,0,0,3,0,0,0,0,0,0,0,0,0,0,0,1,0,0,0,0,0,0,0,0,0,0,1,'','Requires -4°C or warmer. Increase your plant production 3 steps. Gain 1 plant.'),(61,2,2,6,'Great Escarpment Consortium',-30,8,0,14,0,9,0,30,0,0,0,0,0,0,0,0,0,0,0,0,0,0,0,0,0,0,1,1000,0,0,0,0,0,0,0,0,0,0,0,0,0,0,0,0,0,0,0,0,0,0,0,0,0,0,0,0,0,0,0,0,0,0,0,0,0,0,0,0,0,0,0,'','Requires that you have steel production. Decrease any steel production 1 step and increase your own 1 step'),(62,1,2,5,'Mineral Deposit',-30,8,0,14,0,9,0,30,0,0,0,0,0,0,0,0,0,0,0,0,0,0,0,0,0,0,1,1000,0,0,0,0,0,0,0,0,0,0,0,0,1,0,0,0,0,0,0,0,0,0,0,0,0,0,0,5,0,0,0,0,0,0,0,0,0,0,0,0,0,0,0,'','Gain 5 steel.'),(63,1,1,12,'Mining Expedition',-30,8,0,14,0,9,0,30,0,0,0,0,0,0,0,0,0,0,0,0,0,0,0,0,0,0,1,1000,0,0,0,0,0,0,0,0,0,0,0,0,1,0,0,0,0,0,0,0,0,0,0,0,0,0,0,2,0,0,0,0,0,0,0,0,0,0,1,0,0,0,0,'','Raise oxygen 1 step. Remove 2 plants from any player. Gain 2 steel.'),(64,2,2,4,'Mining Area',-30,8,0,14,0,9,0,30,0,0,0,0,0,0,0,0,0,0,0,0,0,0,0,0,0,0,1,1000,0,0,1,0,0,0,0,0,0,0,0,0,0,0,0,0,0,0,0,0,0,0,0,0,0,0,0,0,0,0,0,0,0,0,0,0,0,0,0,0,0,0,0,'','Place [the mining] tile on an area with a steel or titanium placement bonus, adjacent to another of your tiles. Increase your production of that resource 1 step.'),(65,2,2,6,'Building Industries',-30,8,0,14,0,9,0,30,0,0,0,0,0,0,0,0,0,0,0,0,0,0,0,0,0,0,1,1000,0,0,1,0,0,0,0,0,0,0,0,0,0,0,0,2,0,0,0,0,0,-1,0,0,0,0,0,0,0,0,0,0,0,0,0,0,0,0,0,0,0,0,0,'','Decrease your energy production 1 step and increase your steel production 2 steps.'),(66,1,2,1,'Land Claim',-30,8,0,14,0,9,0,30,0,0,0,0,0,0,0,0,0,0,0,0,0,0,0,0,0,0,1,1000,0,0,0,0,0,0,0,0,0,0,0,0,1,0,0,0,0,0,0,0,0,0,0,0,0,0,0,0,0,0,0,0,0,0,0,0,0,0,0,0,0,0,0,'','Place your marker on a non-reserved area. Only you may place a tile here'),(67,2,1,9,'Mining Rights',-30,8,0,14,0,9,0,30,0,0,0,0,0,0,0,0,0,0,0,0,0,0,0,0,0,0,1,1000,0,0,1,0,0,0,0,0,0,0,0,0,0,0,0,0,0,0,0,0,0,0,0,0,0,0,0,0,0,0,0,0,0,0,0,0,0,0,0,0,0,0,0,'','Place [the mining] tile on an area with a steel or titanium placement bonus. Increase that production 1 step.'),(68,2,2,6,'Sponsors',-30,8,0,14,0,9,0,30,0,0,0,0,0,0,0,0,0,0,0,0,0,0,0,0,0,0,1,1000,0,0,0,0,0,0,0,0,1,0,0,0,0,2,0,0,0,0,0,0,0,0,0,0,0,0,0,0,0,0,0,0,0,0,0,0,0,0,0,0,0,0,0,'','Increase your MC production 2  steps.'),(69,3,2,17,'Electro Catapult',-30,8,0,8,0,9,0,30,0,0,0,0,0,0,0,0,0,0,0,0,0,0,0,0,0,0,1,1000,0,0,1,0,0,0,0,0,0,0,0,0,0,0,0,0,0,0,0,0,0,-1,0,0,0,0,0,0,0,0,0,0,0,0,0,0,0,0,0,0,0,0,1,'Action: Spend 1 plant or 1 steel to gain 7 MC','Oxygen must be 8% or less. Decrease your energy production 1 step.'),(70,3,2,23,'Earth Catapult',-30,8,0,14,0,9,0,30,0,0,0,0,0,0,0,0,0,0,0,0,0,0,0,0,0,0,1,1000,0,0,0,0,0,0,0,0,1,0,0,0,0,0,0,0,0,0,0,0,0,0,0,0,0,0,0,0,0,0,0,0,0,0,0,0,0,0,0,0,0,0,2,'Effect: when you play a card, you pay 2 MC less for it.',''),(71,3,2,9,'Advanced Alloys',-30,8,0,14,0,9,0,30,0,0,0,0,0,0,0,0,0,0,0,0,0,0,0,0,0,0,1,1000,0,1,0,0,0,0,0,0,0,0,0,0,0,0,0,0,0,0,0,0,0,0,0,0,0,0,0,0,0,0,0,0,0,0,0,0,0,0,0,0,0,0,0,'Effect: Each titanium you have is worth 1MC extra. Each steel you have is worth 1 MC extra.',''),(72,3,1,10,'Birds',-30,8,13,14,0,9,0,30,0,0,0,0,0,0,0,0,0,0,0,0,0,0,0,0,0,0,1,1000,0,0,0,0,0,0,1,0,0,0,0,0,0,0,0,0,0,0,0,0,0,0,0,0,0,0,0,0,0,0,0,0,0,0,0,0,0,0,0,0,0,0,99,'Action: Add an animal to this card.','Requires 13% oxygen. Decrease any plant production 2 steps. 1 VP for each animal on this card'),(73,3,2,8,'Mars University',-30,8,0,14,0,9,0,30,0,0,0,0,0,0,0,0,0,0,0,0,0,0,0,0,0,0,1,1000,0,1,1,0,0,0,0,0,0,0,0,0,0,0,0,0,0,0,0,0,0,0,0,0,0,0,0,0,0,0,0,0,0,0,0,0,0,0,0,0,0,0,1,'Effect: When you play a science tag, including this, you may discard a card from hand to draw a card.',''),(74,3,2,9,'Viral Enhancers',-30,8,0,14,0,9,0,30,0,0,0,0,0,0,0,0,0,0,0,0,0,0,0,0,0,0,1,1000,0,1,0,0,1,0,0,0,0,0,0,0,0,0,0,0,0,0,0,0,0,0,0,0,0,0,0,0,0,0,0,0,0,0,0,0,0,0,0,0,0,0,0,'Effect: When you play a plant, microbe, or an animal tag, including this, gain 1 plant or add 1 resource TO THAT CARD.',''),(75,1,1,23,'Towing a Comet',-30,8,0,14,0,9,0,30,0,0,0,0,0,0,0,0,0,0,0,0,0,0,0,0,0,0,1,1000,0,0,0,1,0,0,0,0,0,0,0,0,1,0,0,0,0,0,0,0,0,0,0,0,0,0,0,0,0,0,0,2,0,0,0,0,0,0,1,1,0,0,0,'','Gain 2 plants. Raise oxygen level 1 step and place an ocean tile.'),(76,3,1,3,'Space Mirrors',-30,8,0,14,0,9,0,30,0,0,0,0,0,0,0,0,0,0,0,0,0,0,0,0,0,0,1,1000,0,0,0,1,0,0,0,0,0,0,1,0,0,0,0,0,0,0,0,0,0,0,0,0,0,0,0,0,0,0,0,0,0,0,0,0,0,0,0,0,0,0,0,'Action: Spend 7MC to increase your energy production 1 step.',''),(77,2,1,11,'Solar Wind Power',-30,8,0,14,0,9,0,30,0,0,0,0,0,0,0,0,0,0,0,0,0,0,0,0,0,0,1,1000,0,1,0,1,0,0,0,0,0,0,1,0,0,0,0,0,0,0,0,0,0,1,0,0,0,0,0,0,0,2,0,0,0,0,0,0,0,0,0,0,0,0,0,'','Increase your energy production 1 step and gain 2 titanium.'),(78,1,1,23,'Ice Asteroid',-30,8,0,14,0,9,0,30,0,0,0,0,0,0,0,0,0,0,0,0,0,0,0,0,0,0,1,1000,0,0,0,1,0,0,0,0,0,0,0,0,1,0,0,0,0,0,0,0,0,0,0,0,0,0,0,0,0,0,0,0,0,0,0,0,0,0,0,2,0,0,0,'','Place 2 ocean tiles.'),(79,3,2,13,'Quantum Extractor',-30,8,0,14,0,9,0,30,4,0,0,0,0,0,0,0,0,0,0,0,0,0,0,0,0,0,1,1000,0,1,0,0,0,0,0,0,0,0,1,0,0,0,0,0,0,0,0,0,0,4,0,0,0,0,0,0,0,0,0,0,0,0,0,0,0,0,0,0,0,0,0,'Effect: When you play a space card, you pay 2 MC less for it',''),(80,1,1,36,'Giant Ice Asteroid',-30,8,0,14,0,9,0,30,0,0,0,0,0,0,0,0,0,0,0,0,0,0,0,0,0,0,1,1000,0,0,0,1,0,0,0,0,0,0,0,0,1,0,0,0,0,0,0,0,0,0,0,0,0,0,0,0,0,0,0,0,0,0,0,0,0,2,0,2,0,0,0,'','Raise temperature 2 steps and place 2 ocean tiles. Remove up to 6 plants from any plyer.'),(81,2,1,20,'Ganymede Colony',-30,8,0,14,0,9,0,30,0,0,0,0,0,0,0,0,0,0,0,0,0,0,0,0,0,0,1,1000,0,0,0,1,0,0,0,1,0,1,0,0,0,0,0,0,0,0,0,0,0,0,0,0,0,0,0,0,0,0,0,0,0,0,0,0,0,0,0,0,0,0,99,'','Place a city tile ON THE RESERVED AREA [for Ganymede Colony]. 1 VP per Jovian tag you have.'),(82,2,2,24,'Callisto Penal Mines',-30,8,0,14,0,9,0,30,0,0,0,0,0,0,0,0,0,0,0,0,0,0,0,0,0,0,1,1000,0,0,0,1,0,0,0,0,0,1,0,0,0,3,0,0,0,0,0,0,0,0,0,0,0,0,0,0,0,0,0,0,0,0,0,0,0,0,0,0,0,0,2,'','Increase your MC production 3 steps.'),(83,2,1,17,'Giant Space Mirror',-30,8,0,14,0,9,0,30,0,0,0,0,0,0,0,0,0,0,0,0,0,0,0,0,0,0,1,1000,0,0,0,1,0,0,0,0,0,0,1,0,0,0,0,0,0,0,0,0,0,3,0,0,0,0,0,0,0,0,0,0,0,0,0,0,0,0,0,0,0,0,0,'','Increase your energy production 3 steps.'),(84,2,2,6,'Trans-Neptune Probe',-30,8,0,14,0,9,0,30,0,0,0,0,0,0,0,0,0,0,0,0,0,0,0,0,0,0,1,1000,0,1,0,1,0,0,0,0,0,0,0,0,0,0,0,0,0,0,0,0,0,0,0,0,0,0,0,0,0,0,0,0,0,0,0,0,0,0,0,0,0,0,0,'',''),(85,2,2,16,'Commercial District',-30,8,0,14,0,9,0,30,0,0,0,0,0,0,0,0,0,0,0,0,0,0,0,0,0,0,1,1000,0,0,1,0,0,0,0,0,0,0,0,0,0,4,0,0,0,0,0,0,0,-1,0,0,0,0,0,0,0,0,0,0,0,0,0,0,0,0,0,0,0,0,99,'','Decrease your energy production 1 step and increase your MC production 4 steps. Place [the commercial district] tile. 1 VP PER ADJACENT CITY TILE.'),(86,2,2,9,'Robotic Workforce',-30,8,0,14,0,9,0,30,0,0,0,0,0,0,0,0,0,0,0,0,0,0,0,0,0,0,1,1000,0,1,0,0,0,0,0,0,0,0,0,0,0,0,0,0,0,0,0,0,0,0,0,0,0,0,0,0,0,0,0,0,0,0,0,0,0,0,0,0,0,0,0,'','Duplicate only the production box of one of your building cards.'),(87,2,1,11,'Grass',-16,8,0,14,0,9,0,30,0,0,0,0,0,0,0,0,0,0,0,0,0,0,0,0,0,0,1,1000,0,0,0,0,0,1,0,0,0,0,0,0,0,0,0,0,0,0,0,1,0,0,0,0,0,0,0,0,0,0,0,3,0,0,0,0,0,0,0,0,0,0,0,'','Requires -16°C or warmer. Increase your plant production 1 step. Gain 3 plants.'),(88,2,1,6,'Heather',-14,8,0,14,0,9,0,30,0,0,0,0,0,0,0,0,0,0,0,0,0,0,0,0,0,0,1,1000,0,0,0,0,0,1,0,0,0,0,0,0,0,0,0,0,0,0,0,1,0,0,0,0,0,0,0,0,0,0,0,1,0,0,0,0,0,0,0,0,0,0,0,'','Requires -14°C or warmer. Increase your plant production 1 step. Gain 1 plant.'),(89,2,1,7,'Peroxide Power',-30,8,0,14,0,9,0,30,0,0,0,0,0,0,0,0,0,0,0,0,0,0,0,0,0,0,1,1000,0,0,1,0,0,0,0,0,0,0,1,0,0,-1,0,0,0,0,0,0,0,2,0,0,0,0,0,0,0,0,0,0,0,0,0,0,0,0,0,0,0,0,0,'','Decrease your MC production 1 step and increase your energy production 2 steps.'),(90,2,2,11,'Research',-30,8,0,14,0,9,0,30,0,0,0,0,0,0,0,0,0,0,0,0,0,0,0,0,0,0,1,1000,0,2,0,0,0,0,0,0,0,0,0,0,0,0,0,0,0,0,0,0,0,0,0,0,0,0,0,0,0,0,0,0,0,0,0,0,0,0,0,0,0,0,2,'','Counts as playing 2 science cards. Draw 2 cards.'),(91,2,2,12,'Gene Repair',-30,8,0,14,0,9,0,30,3,0,0,0,0,0,0,0,0,0,0,0,0,0,0,0,0,0,1,1000,0,1,0,0,0,0,0,0,0,0,0,0,0,2,0,0,0,0,0,0,0,0,0,0,0,0,0,0,0,0,0,0,0,0,0,0,0,0,0,0,0,0,2,'','Requires 3 science tags. Increase your MC production 2 steps.'),(92,2,2,41,'Io Mining Industries',-30,8,0,14,0,9,0,30,0,0,0,0,0,0,0,0,0,0,0,0,0,0,0,0,0,0,1,1000,0,0,0,1,0,0,0,0,0,1,0,0,0,2,0,0,0,2,0,0,0,0,0,0,0,0,0,0,0,0,0,0,0,0,0,0,0,0,0,0,0,0,99,'','Increase your titanium production 2 steps and your MC production 2 steps. 1 VP per Jovian tag you have.'),(93,2,1,10,'Bushes',-10,8,0,14,0,9,0,30,0,0,0,0,0,0,0,0,0,0,0,0,0,0,0,0,0,0,1,1000,0,0,0,0,0,1,0,0,0,0,0,0,0,0,0,0,0,0,0,2,0,0,0,0,0,0,0,0,0,0,0,2,0,0,0,0,0,0,0,0,0,0,0,'','Requires -10°C or warmer. Increase your plant production 2 steps. Gain 2 plants.'),(94,3,2,8,'Mass Converter',-30,8,0,14,0,9,0,30,5,0,0,0,0,0,0,0,0,0,0,0,0,0,0,0,0,0,1,1000,0,1,0,0,0,0,0,0,0,0,1,0,0,0,0,0,0,0,0,0,0,6,0,0,0,0,0,0,0,0,0,0,0,0,0,0,0,0,0,0,0,0,0,'Effect: When you play a space card, you pay 2 MC less for it.','Requires 5 science tags. Increase your energy production 6 steps.'),(95,3,2,12,'Physics Complex',-30,8,0,14,0,9,0,30,0,0,0,0,0,0,0,0,0,0,0,0,0,0,0,0,0,0,1,1000,0,1,1,0,0,0,0,0,0,0,0,0,0,0,0,0,0,0,0,0,0,0,0,0,0,0,0,0,0,0,0,0,0,0,0,0,0,0,0,0,0,0,99,'Action: Spend 6 energy to add a science resource to this card.','2 VP for each science resource on this card.'),(96,2,1,6,'Greenhouses',-30,8,0,14,0,9,0,30,0,0,0,0,0,0,0,0,0,0,0,0,0,0,0,0,0,0,1,1000,0,0,1,0,0,1,0,0,0,0,0,0,0,0,0,0,0,0,0,0,0,0,0,0,0,0,0,0,0,0,0,0,0,0,0,0,0,0,0,0,0,0,0,'','Gain 1 plant for each city tile in play.'),(97,2,1,10,'Nuclear Zone',-30,8,0,14,0,9,0,30,0,0,0,0,0,0,0,0,0,0,0,0,0,0,0,0,0,0,1,1000,0,0,0,0,0,0,0,0,1,0,0,0,0,0,0,0,0,0,0,0,0,0,0,0,0,0,0,0,0,0,0,0,0,0,0,0,0,2,0,0,0,0,-2,'','Place [the nuclear zone] tile and raise the temperature 2 steps.'),(98,2,2,13,'Tropical Resort',-30,8,0,14,0,9,0,30,0,0,0,0,0,0,0,0,0,0,0,0,0,0,0,0,0,0,1,1000,0,0,1,0,0,0,0,0,0,0,0,0,0,3,0,0,0,0,0,0,0,0,0,-2,0,0,0,0,0,0,0,0,0,0,0,0,0,0,0,0,0,0,2,'','Decrease your heat production 2 steps and increase your MC production 3 steps.'),(99,2,2,12,'Toll Station',-30,8,0,14,0,9,0,30,0,0,0,0,0,0,0,0,0,0,0,0,0,0,0,0,0,0,1,1000,0,0,0,1,0,0,0,0,0,0,0,0,0,0,0,0,0,0,0,0,0,0,0,0,0,0,0,0,0,0,0,0,0,0,0,0,0,0,0,0,0,0,0,'','Increase your MC production 1 step for each space tag your OPPONENTS have.'),(100,2,1,1,'Fueled Generators',-30,8,0,14,0,9,0,30,0,0,0,0,0,0,0,0,0,0,0,0,0,0,0,0,0,0,1,1000,0,0,1,0,0,0,0,0,0,0,1,0,0,-1,0,0,0,0,0,0,0,1,0,0,0,0,0,0,0,0,0,0,0,0,0,0,0,0,0,0,0,0,0,'','Decrease your MC production 1 step and increase your energy production 1 step.'),(101,3,1,11,'Ironworks',-30,8,0,14,0,9,0,30,0,0,0,0,0,0,0,0,0,0,0,0,0,0,0,0,0,0,1,1000,0,0,1,0,0,0,0,0,0,0,0,0,0,0,0,0,0,0,0,0,0,0,0,0,0,0,0,0,0,0,0,0,0,0,0,0,0,0,99,0,0,0,0,'Action: Spend 4 energy to gain 1 steel and increase oxygen 1 step.',''),(102,2,1,18,'Power Grid',-30,8,0,14,0,9,0,30,0,0,0,0,0,0,0,0,0,0,0,0,0,0,0,0,0,0,1,1000,0,0,0,0,0,0,0,0,0,0,1,0,0,0,0,0,0,0,0,0,0,0,0,0,0,0,0,0,0,0,0,0,0,0,0,0,0,0,0,0,0,0,0,'','Increase your energy production 1 step for each power tag you have, including this.)'),(103,3,1,15,'Steelworks',-30,8,0,14,0,9,0,30,0,0,0,0,0,0,0,0,0,0,0,0,0,0,0,0,0,0,1,1000,0,0,1,0,0,0,0,0,0,0,0,0,0,0,0,0,0,0,0,0,0,0,0,0,0,0,0,0,0,0,0,0,0,0,0,0,0,0,99,0,0,0,0,'Action: Spend 4 energy to gain 2 steel and increase oxygen 1 step.',''),(104,3,1,13,'Ore Processor',-30,8,0,14,0,9,0,30,0,0,0,0,0,0,0,0,0,0,0,0,0,0,0,0,0,0,1,1000,0,0,1,0,0,0,0,0,0,0,0,0,0,0,0,0,0,0,0,0,0,0,0,0,0,0,0,0,0,0,0,0,0,0,0,0,0,0,99,0,0,0,0,'Action: Spend 4 energy to gain 1 titanium and increase oxygen 1 step.',''),(105,3,2,1,'Earth Office',-30,8,0,14,0,9,0,30,0,0,0,0,0,0,0,0,0,0,0,0,0,0,0,0,0,0,1,1000,0,0,0,0,0,0,0,0,1,0,0,0,0,0,0,0,0,0,0,0,0,0,0,0,0,0,0,0,0,0,0,0,0,0,0,0,0,0,0,0,0,0,0,'Effect: When you play an Earth tag, you pay 3 MC less for it.',''),(106,2,2,10,'Acquired Company',-30,8,0,14,0,9,0,30,0,0,0,0,0,0,0,0,0,0,0,0,0,0,0,0,0,0,1,1000,0,0,0,0,0,0,0,0,1,0,0,0,0,3,0,0,0,0,0,0,0,0,0,0,0,0,0,0,0,0,0,0,0,0,0,0,0,0,0,0,0,0,0,'','Increase your MC production 3 steps.'),(107,2,2,8,'Media Archives',-30,8,0,14,0,9,0,30,0,0,0,0,0,0,0,0,0,0,0,0,0,0,0,0,0,0,1,1000,0,0,0,0,0,0,0,0,1,0,0,0,0,0,0,0,0,0,0,0,0,0,0,0,0,0,0,0,0,0,0,0,0,0,0,0,0,0,0,0,0,0,0,'','Gain 1 MC for each event EVER PLAYED by all players'),(108,2,1,23,'Open City',-30,8,12,14,0,9,0,30,0,0,0,0,0,0,0,0,0,0,0,0,0,0,0,0,0,0,1,1000,0,0,1,0,0,0,0,1,0,0,0,0,0,4,0,0,0,0,0,0,0,-1,0,0,0,0,0,0,0,0,0,2,0,0,0,0,0,0,0,0,0,0,1,'','Requires 12% oxygen. Decrease your energy production 1 step and increase your MC production 4 steps. Gain 2 plants and place a city tile.'),(109,3,2,6,'Media Group',-30,8,0,14,0,9,0,30,0,0,0,0,0,0,0,0,0,0,0,0,0,0,0,0,0,0,1,1000,0,0,0,0,0,0,0,0,1,0,0,0,0,0,0,0,0,0,0,0,0,0,0,0,0,0,0,0,0,0,0,0,0,0,0,0,0,0,0,0,0,0,0,'Effect: After you play an event card, you gain 3MC',''),(110,3,2,4,'Business Network',-30,8,0,14,0,9,0,30,0,0,0,0,0,0,0,0,0,0,0,0,0,0,0,0,0,0,1,1000,0,0,0,0,0,0,0,0,1,0,0,0,0,-1,0,0,0,0,0,0,0,0,0,0,0,0,0,0,0,0,0,0,0,0,0,0,0,0,0,0,0,0,0,'Action: Look at the top card and either buy it or discard it','Decrease your MC production 1 step.'),(111,1,2,7,'Business Contacts',-30,8,0,14,0,9,0,30,0,0,0,0,0,0,0,0,0,0,0,0,0,0,0,0,0,0,1,1000,0,0,0,0,0,0,0,0,1,0,0,0,1,0,0,0,0,0,0,0,0,0,0,0,0,0,0,0,0,0,0,0,0,0,0,0,0,0,0,0,0,0,0,'','Look at the top 4 cards from the deck. Take 2 of them into hand and discard the other 2'),(112,1,2,7,'Bribed Committee',-30,8,0,14,0,9,0,30,0,0,0,0,0,0,0,0,0,0,0,0,0,0,0,0,0,0,1,1000,0,0,0,0,0,0,0,0,1,0,0,0,1,0,0,0,0,0,0,0,0,0,0,0,0,0,0,0,0,0,0,0,0,0,0,0,0,0,0,0,0,2,-2,'','Raise your terraform rating 2 steps.'),(113,2,1,11,'Solar Power',-30,8,0,14,0,9,0,30,0,0,0,0,0,0,0,0,0,0,0,0,0,0,0,0,0,0,1,1000,0,0,1,0,0,0,0,0,0,0,1,0,0,0,0,0,0,0,0,0,0,1,0,0,0,0,0,0,0,0,0,0,0,0,0,0,0,0,0,0,0,0,1,'','Increase your energy production 1 step.'),(114,2,1,11,'Breathing Filters',-30,8,7,14,0,9,0,30,0,0,0,0,0,0,0,0,0,0,0,0,0,0,0,0,0,0,1,1000,0,1,0,0,0,0,0,0,0,0,0,0,0,0,0,0,0,0,0,0,0,0,0,0,0,0,0,0,0,0,0,0,0,0,0,0,0,0,0,0,0,0,2,'','Requires 7% oxygen.'),(115,2,1,12,'Artificial Photosynthesis',-30,8,0,14,0,9,0,30,0,0,0,0,0,0,0,0,0,0,0,0,0,0,0,0,0,0,1,1000,0,1,0,0,0,0,0,0,0,0,0,0,0,0,0,0,0,0,0,0,0,0,0,0,0,0,0,0,0,0,0,0,0,0,0,0,0,0,0,0,0,0,0,'','Increase your plant production 1 step or your energy production 2 steps.'),(116,2,1,15,'Artificial Lake',-6,8,0,14,0,9,0,30,0,0,0,0,0,0,0,0,0,0,0,0,0,0,0,0,0,0,1,1000,0,0,1,0,0,0,0,0,0,0,0,0,0,0,0,0,0,0,0,0,0,0,0,0,0,0,0,0,0,0,0,0,0,0,0,0,0,0,0,1,0,0,1,'','Requires -6°C or warmer. Place 1 ocean tile ON AN AREA NOT RESERVED FOR OCEAN.'),(117,2,1,11,'Geothermal Power',-30,8,0,14,0,9,0,30,0,0,0,0,0,0,0,0,0,0,0,0,0,0,0,0,0,0,1,1000,0,0,1,0,0,0,0,0,0,0,1,0,0,0,0,0,0,0,0,0,0,2,0,0,0,0,0,0,0,0,0,0,0,0,0,0,0,0,0,0,0,0,0,'','Increase your energy production 2 steps.'),(118,2,1,16,'Farming',4,8,0,14,0,9,0,30,0,0,0,0,0,0,0,0,0,0,0,0,0,0,0,0,0,0,1,1000,0,0,0,0,1,0,0,0,0,0,0,0,0,2,0,0,0,0,0,2,0,0,0,0,0,0,0,0,0,0,0,2,0,0,0,0,0,0,0,0,0,0,2,'','Requires +4°C or warmer. Increase your MC production 2 steps and your plant production 2 steps. Gain 2 plants.'),(119,2,1,2,'Dust Seals',-30,8,0,14,0,3,0,30,0,0,0,0,0,0,0,0,0,0,0,0,0,0,0,0,0,0,1,1000,0,0,0,0,0,0,0,0,0,0,0,0,0,0,0,0,0,0,0,0,0,0,0,0,0,0,0,0,0,0,0,0,0,0,0,0,0,0,0,0,0,0,1,'','Requires 3 or less ocean tiles.'),(120,2,1,10,'Urbanized Area',-30,8,0,14,0,9,0,30,0,0,0,0,0,0,0,0,0,0,0,0,0,0,0,0,0,0,1,1000,0,0,1,0,0,0,0,1,0,0,0,0,0,2,0,0,0,0,0,0,0,-1,0,0,0,0,0,0,0,0,0,0,0,0,0,0,0,0,0,0,0,0,0,'','Decrease your energy production 1 step and increase your MC production 2 steps. Place a city tile ADJACENT TO AT LEAST 2 OTHER CITY TILES.'),(121,1,2,1,'Sabotage',-30,8,0,14,0,9,0,30,0,0,0,0,0,0,0,0,0,0,0,0,0,0,0,0,0,0,1,1000,0,0,0,0,0,0,0,0,0,0,0,0,1,0,0,0,0,0,0,0,0,0,0,0,0,0,0,0,0,0,0,0,0,0,0,0,0,0,0,0,0,0,0,'','Remove up to 3 titanium from any player, or 4 steel, or 7 MC.'),(122,2,1,4,'Moss',-30,8,0,14,3,9,0,30,0,0,0,0,0,0,0,0,0,0,0,0,0,0,0,0,0,0,1,1000,0,0,0,0,0,1,0,0,0,0,0,0,0,0,0,0,0,0,0,1,0,0,0,0,0,0,0,0,0,0,0,-1,0,0,0,0,0,0,0,0,0,0,0,'','Requires 3 ocean tiles and that you lose 1 plant. Increase your plant production 1 step.'),(123,3,2,4,'Industrial Center',-30,8,0,14,0,9,0,30,0,0,0,0,0,0,0,0,0,0,0,0,0,0,0,0,0,0,1,1000,0,0,1,0,0,0,0,0,0,0,0,0,0,0,0,0,0,0,0,0,0,0,0,0,0,0,0,0,0,0,0,0,0,0,0,0,0,0,0,0,0,0,0,'Action: Spend 7 MC to increase your steel production 1 step.','Place [the Industrial Center] tile ADJACENT TO A CITY TILE.'),(124,1,2,1,'Hired Raiders',-30,8,0,14,0,9,0,30,0,0,0,0,0,0,0,0,0,0,0,0,0,0,0,0,0,0,1,1000,0,0,0,0,0,0,0,0,0,0,0,0,1,0,0,0,0,0,0,0,0,0,0,0,0,0,0,0,0,0,0,0,0,0,0,0,0,0,0,0,0,0,0,'','Steal up to 2 steel, or 3MC from any player.'),(125,2,2,3,'Hackers',-30,8,0,14,0,9,0,30,0,0,0,0,0,0,0,0,0,0,0,0,0,0,0,0,0,0,1,1000,0,0,0,0,0,0,0,0,0,0,0,0,0,0,0,0,0,0,0,0,0,-1,0,0,0,0,0,0,0,0,0,0,0,0,0,0,0,0,0,0,0,0,-1,'','Decrease your energy production 1 step and any MC production 2 steps. Increase your MC production 2 steps.'),(126,2,1,11,'GHG Factories',-30,8,0,14,0,9,0,30,0,0,0,0,0,0,0,0,0,0,0,0,0,0,0,0,0,0,1,1000,0,0,1,0,0,0,0,0,0,0,0,0,0,0,0,0,0,0,0,0,0,-1,0,4,0,0,0,0,0,0,0,0,0,0,0,0,0,0,0,0,0,0,0,'','Decrease your energy production 1 step and increase your heat production 4 steps.'),(127,1,1,11,'Subterranean Reservoir',-30,8,0,14,0,9,0,30,0,0,0,0,0,0,0,0,0,0,0,0,0,0,0,0,0,0,1,1000,0,0,0,0,0,0,0,0,0,0,0,0,1,0,0,0,0,0,0,0,0,0,0,0,0,0,0,0,0,0,0,0,0,0,0,0,0,0,0,1,0,0,0,'','Place 1 ocean tile.'),(128,3,1,12,'Ecological Zone',-30,8,0,14,0,9,0,30,0,0,0,0,0,0,0,0,0,0,0,0,0,0,0,0,0,0,1,1000,0,0,0,0,0,1,1,0,0,0,0,0,0,0,0,0,0,0,0,0,0,0,0,0,0,0,0,0,0,0,0,0,0,0,0,0,0,0,0,0,0,0,99,'Effect: When you play an animal or a plant tag (including these 2), add an animal to this card.','Requires that you have a greenery tile. Place [the Ecological Zone] tile ADJACENT TO ANY GREENERY TILE. 1 VP per 2 animals on this card.'),(129,2,1,13,'Zeppelins',-30,8,5,14,0,9,0,30,0,0,0,0,0,0,0,0,0,0,0,0,0,0,0,0,0,0,1,1000,0,0,0,0,0,0,0,0,0,0,0,0,0,0,0,0,0,0,0,0,0,0,0,0,0,0,0,0,0,0,0,0,0,0,0,0,0,0,0,0,0,0,1,'','Requires 5% oxygen. Increase your MC production 1 step for each city tile ON MARS.'),(130,2,1,8,'Worms',-30,8,4,14,0,9,0,30,0,0,0,0,0,0,0,0,0,0,0,0,0,0,0,0,0,0,1,1000,0,0,0,0,1,0,0,0,0,0,0,0,0,0,0,0,0,0,0,0,0,0,0,0,0,0,0,0,0,0,0,0,0,0,0,0,0,0,0,0,0,0,0,'','Requires 4% oxygen. Increase your plant production 1 step for every 2 microbe tags you have, including this.'),(131,3,1,5,'Decomposers',-30,8,3,14,0,9,0,30,0,0,0,0,0,0,0,0,0,0,0,0,0,0,0,0,0,0,1,1000,0,0,0,0,1,0,0,0,0,0,0,0,0,0,0,0,0,0,0,0,0,0,0,0,0,0,0,0,0,0,0,0,0,0,0,0,0,0,0,0,0,0,99,'Effect: When you play an animal, plant, or microbe tag, including this, add a microbe to this card.','Requires 3# oxygen. 1 VP per 3 microbes on this card.'),(132,2,1,14,'Fusion Power',-30,8,0,14,0,9,0,30,0,0,0,0,0,0,0,0,0,2,0,0,0,0,0,0,0,0,1,1000,0,1,1,0,0,0,0,0,0,0,1,0,0,0,0,0,0,0,0,0,0,3,0,0,0,0,0,0,0,0,0,0,0,0,0,0,0,0,0,0,0,0,0,'','Requires 2 power tags. Increase your energy production 3 steps.'),(133,3,1,4,'Symbiotic Fungus',-14,8,0,14,0,9,0,30,0,0,0,0,0,0,0,0,0,0,0,0,0,0,0,0,0,0,1,1000,0,0,0,0,1,0,0,0,0,0,0,0,0,0,0,0,0,0,0,0,0,0,0,0,0,0,0,0,0,0,0,0,0,0,0,0,0,0,0,0,0,0,0,'Action: Add a microbe to ANOTHER card.','Requires -14°C or warmer.'),(134,3,1,13,'Extreme-Cold Fungus',-30,-10,0,14,0,9,0,30,0,0,0,0,0,0,0,0,0,0,0,0,0,0,0,0,0,0,1,1000,0,0,0,0,1,0,0,0,0,0,0,0,0,0,0,0,0,0,0,0,0,0,0,0,0,0,0,0,0,0,0,0,0,0,0,0,0,0,0,0,0,0,0,'Action: Gain 1 plant or add 2 microbes to ANOTHER card.','It must be -10°C or colder.'),(135,2,1,11,'Advanced Ecosystems',-30,8,0,14,0,9,0,30,0,0,0,1,1,1,0,0,0,0,0,0,0,0,0,0,0,0,1,1000,0,0,0,0,1,1,1,0,0,0,0,0,0,0,0,0,0,0,0,0,0,0,0,0,0,0,0,0,0,0,0,0,0,0,0,0,0,0,0,0,0,0,3,'','Requires a plant tag, a microbe tag, and an animal tag.'),(136,2,1,12,'Great Dam',-30,8,0,14,4,9,0,30,0,0,0,0,0,0,0,0,0,0,0,0,0,0,0,0,0,0,1,1000,0,0,1,0,0,0,0,0,0,0,1,0,0,0,0,0,0,0,0,0,0,2,0,0,0,0,0,0,0,0,0,0,0,0,0,0,0,0,0,0,0,0,1,'','Requires 4 ocean tiles. Increase your energy production 2 steps.'),(137,2,2,8,'Cartel',-30,8,0,14,0,9,0,30,0,0,0,0,0,0,0,0,0,0,0,0,0,0,0,0,0,0,1,1000,0,0,0,0,0,0,0,0,1,0,0,0,0,0,0,0,0,0,0,0,0,0,0,0,0,0,0,0,0,0,0,0,0,0,0,0,0,0,0,0,0,0,0,'','Increase your MC production 1 step for each Earth tag you have, including this.'),(138,2,1,25,'Strip Mine',-30,8,0,14,0,9,0,30,0,0,0,0,0,0,0,0,0,0,0,0,0,0,0,0,0,0,1,1000,0,0,1,0,0,0,0,0,0,0,0,0,0,0,0,2,0,1,0,0,0,-1,0,0,0,0,0,0,0,0,0,0,0,0,0,0,0,0,2,0,0,0,0,'','Decrease your energy production 2 steps. Increase your steel production 2 steps and your titanium production 1 step. Raise oxygen 2 steps.'),(139,2,1,8,'Wave Power',-30,8,0,14,3,9,0,30,0,0,0,0,0,0,0,0,0,0,0,0,0,0,0,0,0,0,1,1000,0,0,0,0,0,0,0,0,0,0,1,0,0,0,0,0,0,0,0,0,0,1,0,0,0,0,0,0,0,0,0,0,0,0,0,0,0,0,0,0,0,0,1,'','Requires 3 ocean tiles. Increase your energy production 1 step.'),(140,1,1,18,'Lava Flows',-30,8,0,14,0,9,0,30,0,0,0,0,0,0,0,0,0,0,0,0,0,0,0,0,0,0,1,1000,0,0,0,0,0,0,0,0,0,0,0,0,1,0,0,0,0,0,0,0,0,0,0,0,0,0,0,0,0,0,0,0,0,0,0,0,0,2,0,0,0,0,0,'','Raise the temperature 2 steps and place this [the Lava Flow] tile ON EITHER THARSIS THOLUS, ASCRAEUS MONS, PAVONIS MONS OR ARSIA MONS.'),(141,2,1,4,'Power Plant',-30,8,0,14,0,9,0,30,0,0,0,0,0,0,0,0,0,0,0,0,0,0,0,0,0,0,1,1000,0,0,1,0,0,0,0,0,0,0,1,0,0,0,0,0,0,0,0,0,0,1,0,0,0,0,0,0,0,0,0,0,0,0,0,0,0,0,0,0,0,0,0,'','Increase your energy production 1 step.'),(142,2,1,20,'Mohole Area',-30,8,0,14,0,9,0,30,0,0,0,0,0,0,0,0,0,0,0,0,0,0,0,0,0,0,1,1000,0,0,1,0,0,0,0,0,0,0,0,0,0,0,0,0,0,0,0,0,0,0,0,4,0,0,0,0,0,0,0,0,0,0,0,0,0,0,0,0,0,0,0,'','Increase your heat production 4 steps. Place [the Mohole Area] tile ON AN AREA RESERVED FOR OCEAN.'),(143,1,1,36,'Large Convoy',-30,8,0,14,0,9,0,30,0,0,0,0,0,0,0,0,0,0,0,0,0,0,0,0,0,0,1,1000,0,0,0,1,0,0,0,0,1,0,0,0,1,0,0,0,0,0,0,0,0,0,0,0,0,0,0,0,0,0,0,0,0,0,0,0,0,0,0,1,0,0,2,'','Place an ocean tile and draw 2 cards. Gain 5 plants, or add 4 animals to ANOTHER card.'),(144,2,2,7,'Titanium Mine',-30,8,0,14,0,9,0,30,0,0,0,0,0,0,0,0,0,0,0,0,0,0,0,0,0,0,1,1000,0,0,1,0,0,0,0,0,0,0,0,0,0,0,0,0,0,1,0,0,0,0,0,0,0,0,0,0,0,0,0,0,0,0,0,0,0,0,0,0,0,0,0,'','Increase your titanium production 1 step.'),(145,2,1,18,'Tectonic Stress Power',-30,8,0,14,0,9,0,30,2,0,0,0,0,0,0,0,0,0,0,0,0,0,0,0,0,0,1,1000,0,0,1,0,0,0,0,0,0,0,1,0,0,0,0,0,0,0,0,0,0,3,0,0,0,0,0,0,0,0,0,0,0,0,0,0,0,0,0,0,0,1,1,'','Requires 2 science tags. Increase your energy production 3 steps.'),(146,2,1,8,'Nitrophilic Moss',-30,8,0,14,3,9,0,30,0,0,0,0,0,0,0,0,0,0,0,0,0,0,0,0,0,0,1,1000,0,0,0,0,0,1,0,0,0,0,0,0,0,0,0,0,0,0,0,2,0,0,0,0,0,0,0,0,0,0,0,-2,0,0,0,0,0,0,0,0,0,0,0,'','Requires 3 ocean tiles and that you lose 2 plants. Increase your plant production 2 steps.'),(147,3,1,12,'Herbivores',-30,8,8,14,0,9,0,30,0,0,0,0,0,0,0,0,0,0,0,0,0,0,0,0,0,0,1,1000,0,0,0,0,0,0,1,0,0,0,0,0,0,0,0,0,0,0,0,0,0,0,0,0,0,0,0,0,0,0,0,0,0,0,0,0,0,0,0,0,0,0,99,'Effect: When you place a greenery tile, add an animal to this card.','Requires 8% oxygen. Add 1 animal to this card. Decrease any plant production 1 step. 1 VP per 2 animals on this card.'),(148,2,1,9,'Insects',-30,8,6,14,0,9,0,30,0,0,0,0,0,0,0,0,0,0,0,0,0,0,0,0,0,0,1,1000,0,0,0,0,1,0,0,0,0,0,0,0,0,0,0,0,0,0,0,0,0,0,0,0,0,0,0,0,0,0,0,0,0,0,0,0,0,0,0,0,0,0,0,'','Requires 6% oxygen. Increase your plant production 1 step for each plant tag you have.'),(149,1,2,1,'CEO`s Favourite Project',-30,8,0,14,0,9,0,30,0,0,0,0,0,0,0,0,0,0,0,0,0,0,0,0,0,0,1,1000,0,0,0,0,0,0,0,0,0,0,0,0,1,0,0,0,0,0,0,0,0,0,0,0,0,0,0,0,0,0,0,0,0,0,0,0,0,0,0,0,0,0,0,'','Add 1 resource to a card with at least 1 resource on it.'),(150,3,2,14,'Anti-Gravity Technology',-30,8,0,14,0,9,0,30,7,0,0,0,0,0,0,0,0,0,0,0,0,0,0,0,0,0,1,1000,0,1,0,0,0,0,0,0,0,0,0,0,0,0,0,0,0,0,0,0,0,0,0,0,0,0,0,0,0,0,0,0,0,0,0,0,0,0,0,0,0,0,3,'Effect: when you play a card, you pay 2 MC less for it.','Requires 7 science tags.'),(151,1,2,3,'Investment Loan',-30,8,0,14,0,9,0,30,0,0,0,0,0,0,0,0,0,0,0,0,0,0,0,0,0,0,1,1000,0,0,0,0,0,0,0,0,1,0,0,0,1,-1,0,0,0,0,0,0,0,0,0,0,0,10,0,0,0,0,0,0,0,0,0,0,0,0,0,0,0,0,0,'','Decrease your MC production 1 step. Gain 10 MC.'),(152,2,1,2,'Insulation',-30,8,0,14,0,9,0,30,0,0,0,0,0,0,0,0,0,0,0,0,0,0,0,0,0,0,1,1000,0,0,0,0,0,0,0,0,0,0,0,0,0,0,0,0,0,0,0,0,0,0,0,0,0,0,0,0,0,0,0,0,0,0,0,0,0,0,0,0,0,0,0,'','Decrease your heat production any number of steps and increase your MC production the same number of steps.'),(153,3,1,12,'Adaptation Technology',-30,8,0,14,0,9,0,30,0,0,0,0,0,0,0,0,0,0,0,0,0,0,0,0,0,0,1,1000,0,1,0,0,0,0,0,0,0,0,0,0,0,0,0,0,0,0,0,0,0,0,0,0,0,0,0,0,0,0,0,0,0,0,0,0,0,0,0,0,0,0,1,'Effect: Your global requirements are +2 or -2 steps, your choice in each case.',''),(154,3,2,3,'Caretaker Contract',0,8,0,14,0,9,0,30,0,0,0,0,0,0,0,0,0,0,0,0,0,0,0,0,0,0,1,1000,0,0,0,0,0,0,0,0,0,0,0,0,0,0,0,0,0,0,0,0,0,0,0,0,0,0,0,0,0,0,0,0,0,0,0,0,0,0,0,0,0,99,0,'Action: Spend 8 heat to increase your terraforming rating 1 step.','Requires 0°C or warmer.'),(155,2,1,16,'Designed Microorganisms',-30,-14,0,14,0,9,0,30,0,0,0,0,0,0,0,0,0,0,0,0,0,0,0,0,0,0,1,1000,0,1,0,0,1,0,0,0,0,0,0,0,0,0,0,0,0,0,0,2,0,0,0,0,0,0,0,0,0,0,0,0,0,0,0,0,0,0,0,0,0,0,0,'','It must be -14°C or colder. Increase your plant production 2 steps.'),(156,3,2,6,'Standard Technology',-30,8,0,14,0,9,0,30,0,0,0,0,0,0,0,0,0,0,0,0,0,0,0,0,0,0,1,1000,0,1,0,0,0,0,0,0,0,0,0,0,0,0,0,0,0,0,0,0,0,0,0,0,0,0,0,0,0,0,0,0,0,0,0,0,0,0,0,0,0,0,0,'Effect: After you pay for a standard project, except selling patents, you gain 3 MC.',''),(157,3,1,11,'Nitrite Reducing Bacteria',-30,8,0,14,0,9,0,30,0,0,0,0,0,0,0,0,0,0,0,0,0,0,0,0,0,0,1,1000,0,0,0,0,1,0,0,0,0,0,0,0,0,0,0,0,0,0,0,0,0,0,0,0,0,0,0,0,0,0,0,0,0,0,0,0,0,0,0,0,0,99,0,'Action: Add 1 microbe to this card, or remove 3 microbes to increase your TR 1 step.','Add 3 microbes to this card.'),(158,2,1,12,'Industrial Microbes',-30,8,0,14,0,9,0,30,0,0,0,0,0,0,0,0,0,0,0,0,0,0,0,0,0,0,1,1000,0,0,1,0,1,0,0,0,0,0,0,0,0,0,0,1,0,0,0,0,0,1,0,0,0,0,0,0,0,0,0,0,0,0,0,0,0,0,0,0,0,0,0,'','Increase your energy production and your steel production 1 step each.'),(159,2,1,7,'Lichen',-24,8,0,14,0,9,0,30,0,0,0,0,0,0,0,0,0,0,0,0,0,0,0,0,0,0,1,1000,0,0,0,0,0,1,0,0,0,0,0,0,0,0,0,0,0,0,0,1,0,0,0,0,0,0,0,0,0,0,0,0,0,0,0,0,0,0,0,0,0,0,0,'','Requires -24°C or warmer. Increase your plant production 1 step.'),(160,2,2,5,'Power Supply Consortium',-30,8,0,14,0,9,0,30,0,0,0,0,0,0,0,0,0,2,0,0,0,0,0,0,0,0,1,1000,0,0,0,0,0,0,0,0,0,0,1,0,0,0,0,0,0,0,0,0,0,0,0,0,0,0,0,0,0,0,0,0,0,0,0,0,0,0,0,0,0,0,0,'','Requires 2 power tags. Decrease any energy production 1 step and increase your own 1 step.'),(161,1,1,15,'Convoy From Europa',-30,8,0,14,0,9,0,30,0,0,0,0,0,0,0,0,0,0,0,0,0,0,0,0,0,0,1,1000,0,0,0,1,0,0,0,0,0,0,0,0,1,0,0,0,0,0,0,0,0,0,0,0,0,0,0,0,0,0,0,0,0,0,0,0,0,0,0,1,0,0,0,'','Place 1 ocean tile and draw 1 card.'),(162,1,1,7,'Imported GHG',-30,8,0,14,0,9,0,30,0,0,0,0,0,0,0,0,0,0,0,0,0,0,0,0,0,0,1,1000,0,0,0,1,0,0,0,0,1,0,0,0,1,0,0,0,0,0,0,0,0,0,0,1,0,0,0,0,0,0,0,0,0,0,0,3,0,0,0,0,0,0,0,'','Increase your heat production 1 step and gain 3 hear.'),(163,1,1,23,'Imported Nitrogen',-30,8,0,14,0,9,0,30,0,0,0,0,0,0,0,0,0,0,0,0,0,0,0,0,0,0,1,1000,0,0,0,1,0,0,0,0,1,0,0,0,1,0,0,0,0,0,0,0,0,0,0,0,0,0,0,0,0,0,0,4,0,0,0,0,0,0,0,0,0,1,0,'','Raise your TR 1 step and gain 4 plants. Add 3 microbes to ANOTHER card and 2 animals to ANOTHER card.'),(164,2,1,3,'Micro-Mills',-30,8,0,14,0,9,0,30,0,0,0,0,0,0,0,0,0,0,0,0,0,0,0,0,0,0,1,1000,0,0,0,0,0,0,0,0,0,0,0,0,0,0,0,0,0,0,0,0,0,0,0,1,0,0,0,0,0,0,0,0,0,0,0,0,0,0,0,0,0,0,0,'','Increase your heat production 1 step.'),(165,2,1,20,'Magnetic Field Generators',-30,8,0,14,0,9,0,30,0,0,0,0,0,0,0,0,0,0,0,0,0,0,0,0,0,0,1,1000,0,0,1,0,0,0,0,0,0,0,0,0,0,0,0,0,0,0,0,2,0,-4,0,0,0,0,0,0,0,0,0,0,0,0,0,0,0,0,0,0,0,3,0,'','Decrease your energy production 4 steps and increase your plant production 2 steps. Raise your TR 3 steps.'),(166,3,1,10,'Shuttles',-30,8,5,14,0,9,0,30,0,0,0,0,0,0,0,0,0,0,0,0,0,0,0,0,0,0,1,1000,0,0,0,1,0,0,0,0,0,0,0,0,0,2,0,0,0,0,0,0,0,-1,0,0,0,0,0,0,0,0,0,0,0,0,0,0,0,0,0,0,0,0,1,'Effect: When you play a space card, you pay 2MC less for it.','Requires 5% oxygen. Decrease your energy production 1 step and increase your MC production 2 steps.'),(167,1,1,9,'Import of Advanced GHG',-30,8,0,14,0,9,0,30,0,0,0,0,0,0,0,0,0,0,0,0,0,0,0,0,0,0,1,1000,0,0,0,1,0,0,0,0,1,0,0,0,1,0,0,0,0,0,0,0,0,0,0,2,0,0,0,0,0,0,0,0,0,0,0,0,0,0,0,0,0,0,0,'','Increase your heat production 2 steps.'),(168,2,1,6,'Windmills',-30,8,7,14,0,9,0,30,0,0,0,0,0,0,0,0,0,0,0,0,0,0,0,0,0,0,1,1000,0,0,1,0,0,0,0,0,0,0,1,0,0,0,0,0,0,0,0,0,0,1,0,0,0,0,0,0,0,0,0,0,0,0,0,0,0,0,0,0,0,0,1,'','Requires 7% oxygen. Increase your energy production 1 step.'),(169,2,1,16,'Tundra Farming',-6,8,0,14,0,9,0,30,0,0,0,0,0,0,0,0,0,0,0,0,0,0,0,0,0,0,1,1000,0,0,0,0,0,1,0,0,0,0,0,0,0,2,0,0,0,0,0,1,0,0,0,0,0,0,0,0,0,0,0,1,0,0,0,0,0,0,0,0,0,0,2,'','Requires -6°C or warmer. Increase your plant production 1 step and your MC production 2 steps. Gain 1 plant.'),(170,1,1,26,'Aerobraked Ammonia Asteroid',-30,8,0,14,0,9,0,30,0,0,0,0,0,0,0,0,0,0,0,0,0,0,0,0,0,0,1,1000,0,0,0,1,0,0,0,0,0,0,0,0,1,0,0,0,0,0,0,1,0,0,0,3,0,0,0,0,0,0,0,0,0,0,0,0,0,0,0,0,0,0,0,'','Add 2 microbes to ANOTHER card. Increase your heat production 3 steps and your plant production 1 step.'),(171,2,1,5,'Magnetic Field Dome',-30,8,0,14,0,9,0,30,0,0,0,0,0,0,0,0,0,0,0,0,0,0,0,0,0,0,1,1000,0,0,1,0,0,0,0,0,0,0,0,0,0,0,0,0,0,0,0,1,0,-2,0,0,0,0,0,0,0,0,0,0,0,0,0,0,0,0,0,0,0,1,0,'','Decrease your energy production 2 steps and increase your plant production 1 step. Raise your terraform rating 1 step.'),(172,3,1,10,'Pets',-30,8,0,14,0,9,0,30,0,0,0,0,0,0,0,0,0,0,0,0,0,0,0,0,0,0,1,1000,0,0,0,0,0,0,1,0,1,0,0,0,0,0,0,0,0,0,0,0,0,0,0,0,0,0,0,0,0,0,0,0,0,0,0,0,0,0,0,0,0,0,99,'Effect: When any city tile is placed, add an animal to this card. Animals may not be removed from this card.','Add 1 animal to this card. 1 VP per 2 animals here.'),(173,3,2,5,'Protected Habitats',-30,8,0,14,0,9,0,30,0,0,0,0,0,0,0,0,0,0,0,0,0,0,0,0,0,0,1,1000,0,0,0,0,0,0,0,0,0,0,0,0,0,0,0,0,0,0,0,0,0,0,0,0,0,0,0,0,0,0,0,0,0,0,0,0,0,0,0,0,0,0,0,'[Effect: ]Opponents may not remove your [plants, animals or microbes]',''),(174,2,1,23,'Protected Valley',-30,8,0,14,0,9,0,30,0,0,0,0,0,0,0,0,0,0,0,0,0,0,0,0,0,0,1,1000,0,0,1,0,0,1,0,0,0,0,0,0,0,2,0,0,0,0,0,0,0,0,0,0,0,0,0,0,0,0,0,0,0,0,0,0,0,0,1,0,0,0,0,'','Increase your MC production 2 steps. Place a greenery tile ON AN AREA RESERVED FOR OCEAN, disregarding normal placement restrictions, and increase oxygen 1 step.'),(175,2,2,10,'Satellites',-30,8,0,14,0,9,0,30,0,0,0,0,0,0,0,0,0,0,0,0,0,0,0,0,0,0,1,1000,0,0,0,1,0,0,0,0,0,0,0,0,0,0,0,0,0,0,0,0,0,0,0,0,0,0,0,0,0,0,0,0,0,0,0,0,0,0,0,0,0,0,0,'','Increase your MC production 1 step for each space tag you have, including this one.'),(176,2,1,10,'Noctis Farming',-20,8,0,14,0,9,0,30,0,0,0,0,0,0,0,0,0,0,0,0,0,0,0,0,0,0,1,1000,0,0,1,0,0,1,0,0,0,0,0,0,0,1,0,0,0,0,0,0,0,0,0,0,0,0,0,0,0,0,0,2,0,0,0,0,0,0,0,0,0,0,1,'','Requires -20°C or warmer. Increase your MC production 1 step and gain 2 plants.'),(177,3,1,12,'Water Splitting Plant',-30,8,0,14,2,9,0,30,0,0,0,0,0,0,0,0,0,0,0,0,0,0,0,0,0,0,1,1000,0,0,1,0,0,0,0,0,0,0,0,0,0,0,0,0,0,0,0,0,0,0,0,0,0,0,0,0,0,0,0,0,0,0,0,0,0,0,99,0,0,0,0,'Action: Spend 3 energy to raise oxygen 1 step.','Requires 2 ocean tiles.'),(178,2,1,6,'Heat Trappers',-30,8,0,14,0,9,0,30,0,0,0,0,0,0,0,0,0,0,0,0,0,0,0,0,0,0,1,1000,0,0,1,0,0,0,0,0,0,0,1,0,0,0,0,0,0,0,0,0,0,1,0,0,0,0,0,0,0,0,0,0,0,0,0,0,0,0,0,0,0,0,-1,'','Decrease any heat production 2 steps and increase your energy production 1 step.'),(179,2,1,9,'Soil Factory',-30,8,0,14,0,9,0,30,0,0,0,0,0,0,0,0,0,0,0,0,0,0,0,0,0,0,1,1000,0,0,1,0,0,0,0,0,0,0,0,0,0,0,0,0,0,0,0,1,0,-1,0,0,0,0,0,0,0,0,0,0,0,0,0,0,0,0,0,0,0,0,1,'','Decrease your energy production 1 step and increase your plant production 1 step.'),(180,2,2,6,'Fuel Factory',-30,8,0,14,0,9,0,30,0,0,0,0,0,0,0,0,0,0,0,0,0,0,0,0,0,0,1,1000,0,0,1,0,0,0,0,0,0,0,0,0,0,1,0,0,0,1,0,0,0,-1,0,0,0,0,0,0,0,0,0,0,0,0,0,0,0,0,0,0,0,0,0,'','Decreases your energy production 1 step and increase your titanium and your MC production 1 step each.'),(181,1,1,5,'Ice cap Melting',2,8,0,14,0,9,0,30,0,0,0,0,0,0,0,0,0,0,0,0,0,0,0,0,0,0,1,1000,0,0,0,0,0,0,0,0,0,0,0,0,1,0,0,0,0,0,0,0,0,0,0,0,0,0,0,0,0,0,0,0,0,0,0,0,0,0,0,1,0,0,0,'','Requires +2°C or warmer. Place 1 ocean tile.'),(182,2,2,11,'Corporate Stronghold',-30,8,0,14,0,9,0,30,0,0,0,0,0,0,0,0,0,0,0,0,0,0,0,0,0,0,1,1000,0,0,1,0,0,0,0,1,0,0,0,0,0,3,0,0,0,0,0,0,0,-1,0,0,0,0,0,0,0,0,0,0,0,0,0,0,0,0,0,0,0,0,-2,'','Decrease your energy production 1 step and increase your MC production 3 steps. Place a city tile.'),(183,2,1,4,'Biomass Combustors',-30,8,6,14,0,9,0,30,0,0,0,0,0,0,0,0,0,0,0,0,0,0,0,0,0,0,1,1000,0,0,1,0,0,0,0,0,0,0,1,0,0,0,0,0,0,0,0,0,0,2,0,0,0,0,0,0,0,0,0,0,0,0,0,0,0,0,0,0,0,0,-1,'','Requires 6% oxygen. Decrease any plant production 1 step and increase your energy production 2 steps.'),(184,3,1,13,'Livestock',-30,8,9,14,0,9,0,30,0,0,0,0,0,0,0,0,0,0,0,0,0,0,0,0,0,0,1,1000,0,0,0,0,0,0,1,0,0,0,0,0,0,2,0,0,0,0,0,-1,0,0,0,0,0,0,0,0,0,0,0,0,0,0,0,0,0,0,0,0,0,0,99,'Action: Add 1 animal to this card.','Requires 9% oxygen. Decrease your plant production 1 step and increase your MC production 2 steps. 1 VP for each animal on this card.'),(185,3,2,10,'Olympus Conference',-30,8,0,14,0,9,0,30,0,0,0,0,0,0,0,0,0,0,0,0,0,0,0,0,0,0,1,1000,0,1,1,0,0,0,0,0,1,0,0,0,0,0,0,0,0,0,0,0,0,0,0,0,0,0,0,0,0,0,0,0,0,0,0,0,0,0,0,0,0,0,1,'Effect: When you play a science tag, including this, either add a science resource to this card, or remove a science resource from this card to draw a card.',''),(186,2,2,6,'Rad-Suits',-30,8,0,14,0,9,0,30,0,0,0,0,0,0,2,0,0,0,0,0,0,0,0,0,0,0,1,1000,0,0,0,0,0,0,0,0,0,0,0,0,0,1,0,0,0,0,0,0,0,0,0,0,0,0,0,0,0,0,0,0,0,0,0,0,0,0,0,0,0,0,1,'','Requires 2 cities in play. Increase your MC production 1 step.'),(187,3,1,18,'Aquifer Pumping',-30,8,0,14,0,9,0,30,0,0,0,0,0,0,0,0,0,0,0,0,0,0,0,0,0,0,1,1000,0,0,1,0,0,0,0,0,0,0,0,0,0,0,0,0,0,0,0,0,0,0,0,0,0,0,0,0,0,0,0,0,0,0,0,0,0,0,0,99,0,0,0,'Action: Spend 8 MC to place 1 ocean tile. STEEL MAY BE USED as if you were playing a building card.',''),(188,1,1,7,'Flooding',-30,8,0,14,0,9,0,30,0,0,0,0,0,0,0,0,0,0,0,0,0,0,0,0,0,0,1,1000,0,0,0,0,0,0,0,0,0,0,0,0,1,0,0,0,0,0,0,0,0,0,0,0,0,0,0,0,0,0,0,0,0,0,0,0,0,0,0,1,0,0,-1,'','Place an ocean tile. IF THERE ARE TILES ADJACENT TO THIS OCEAN TILE, YOU MAY REMOVE 4 MC FROM THE OWNER OF ONE OF THOSE TILES.'),(189,2,1,15,'Energy Saving',-30,8,0,14,0,9,0,30,0,0,0,0,0,0,0,0,0,0,0,0,0,0,0,0,0,0,1,1000,0,0,0,0,0,0,0,0,0,0,1,0,0,0,0,0,0,0,0,0,0,0,0,0,0,0,0,0,0,0,0,0,0,0,0,0,0,0,0,0,0,0,0,'','Increase your energy production 1 step for each city tile in play.'),(190,1,1,1,'Local Heat Trapping',-30,8,0,14,0,9,0,30,0,0,0,0,0,0,0,0,0,0,0,0,0,0,0,0,0,0,1,1000,0,0,0,0,0,0,0,0,0,0,0,0,1,0,0,0,0,0,0,0,0,0,0,0,0,0,0,0,0,0,0,0,0,0,0,-5,0,0,0,0,0,0,0,'','Spend 5 heat to either gain 4 plants, or to add 2 animals to ANOTHER card.'),(191,1,1,8,'Permafrost extraction',-8,8,0,14,0,9,0,30,0,0,0,0,0,0,0,0,0,0,0,0,0,0,0,0,0,0,1,1000,0,0,0,0,0,0,0,0,0,0,0,0,1,0,0,0,0,0,0,0,0,0,0,0,0,0,0,0,0,0,0,0,0,0,0,0,0,0,0,0,0,0,0,'','Requires -8°C or warmer. Place 1 ocean tile.'),(192,1,2,2,'Invention Contest',-30,8,0,14,0,9,0,30,0,0,0,0,0,0,0,0,0,0,0,0,0,0,0,0,0,0,1,1000,0,1,0,0,0,0,0,0,0,0,0,0,1,0,0,0,0,0,0,0,0,0,0,0,0,0,0,0,0,0,0,0,0,0,0,0,0,0,0,0,0,0,0,'','Look at the top 3 cards from the deck. Take 1 of them into hand and discard the other 2'),(193,2,1,15,'Plantation',-30,8,0,14,0,9,0,30,2,0,0,0,0,0,0,0,0,0,0,0,0,0,0,0,0,0,1,1000,0,0,0,0,0,1,0,0,0,0,0,0,0,0,0,0,0,0,0,0,0,0,0,0,0,0,0,0,0,0,0,0,0,0,0,0,0,0,1,0,0,0,0,'','Requires 2 science tags. Place a greenery tile and raise oxygen 1 step.'),(194,3,2,4,'Power Infrastructure',-30,8,0,14,0,9,0,30,0,0,0,0,0,0,0,0,0,0,0,0,0,0,0,0,0,0,1,1000,0,0,1,0,0,0,0,0,0,0,1,0,0,0,0,0,0,0,0,0,0,0,0,0,0,0,0,0,0,0,0,0,0,0,0,0,0,0,0,0,0,0,0,'Action: Spend any amount of energy to gain that amount of MC.',''),(195,1,2,0,'Indentured Workers',-30,8,0,14,0,9,0,30,0,0,0,0,0,0,0,0,0,0,0,0,0,0,0,0,0,0,1,1000,0,0,0,0,0,0,0,0,0,0,0,0,1,0,0,0,0,0,0,0,0,0,0,0,0,0,0,0,0,0,0,0,0,0,0,0,0,0,0,0,0,0,-1,'','The next card you play this generation costs 8MC less.'),(196,2,2,9,'Lagrange Observatory',-30,8,0,14,0,9,0,30,0,0,0,0,0,0,0,0,0,0,0,0,0,0,0,0,0,0,1,1000,0,1,0,1,0,0,0,0,0,0,0,0,0,0,0,0,0,0,0,0,0,0,0,0,0,0,0,0,0,0,0,0,0,0,0,0,0,0,0,0,0,0,1,'','Draw 1 card.'),(197,2,2,33,'Terraforming Ganymede',-30,8,0,14,0,9,0,30,0,0,0,0,0,0,0,0,0,0,0,0,0,0,0,0,0,0,1,1000,0,0,0,1,0,0,0,0,0,1,0,0,0,0,0,0,0,0,0,0,0,0,0,0,0,0,0,0,0,0,0,0,0,0,0,0,0,0,0,0,0,99,2,'','Raise your TR 1 step for each Jovian tag you have, including this.'),(198,2,1,31,'Immigration Shuttles',-30,8,0,14,0,9,0,30,0,0,0,0,0,0,0,0,0,0,0,0,0,0,0,0,0,0,1,1000,0,0,0,1,0,0,0,0,1,0,0,0,0,5,0,0,0,0,0,0,0,0,0,0,0,0,0,0,0,0,0,0,0,0,0,0,0,0,0,0,0,0,99,'','Increase your MC production 5 steps. 1 VP for every 3rd city in play.'),(199,3,2,11,'Restricted Area',-30,8,0,14,0,9,0,30,0,0,0,0,0,0,0,0,0,0,0,0,0,0,0,0,0,0,1,1000,0,1,0,0,0,0,0,0,0,0,0,0,0,0,0,0,0,0,0,0,0,0,0,0,0,0,0,0,0,0,0,0,0,0,0,0,0,0,0,0,0,0,0,'Action: Spend 2MC to draw a card.','Place [the restricted area] tile.'),(200,3,1,13,'Immigrant City',-30,8,0,14,0,9,0,30,0,0,0,0,0,0,0,0,0,0,0,0,0,0,0,0,0,0,1,1000,0,0,1,0,0,0,0,1,0,0,0,0,0,0,0,0,0,0,0,0,0,-1,0,0,0,0,0,0,0,0,0,0,0,0,0,0,0,0,0,0,0,0,0,'Effect: Each time a city tile is placed, including this, increase your MC production 1 step.','Decrease your energy production 1 step and decrease your MC production 2 steps. Place a city tile.'),(201,2,2,3,'Energy Tapping',-30,8,0,14,0,9,0,30,0,0,0,0,0,0,0,0,0,0,0,0,0,0,0,0,0,0,1,1000,0,0,0,0,0,0,0,0,0,0,1,0,0,0,0,0,0,0,0,0,0,0,0,0,0,0,0,0,0,0,0,0,0,0,0,0,0,0,0,0,0,0,-1,'','Decrease any energy production 1 step and increase your own 1 step.'),(202,3,1,6,'Underground Detonations',-30,8,0,14,0,9,0,30,0,0,0,0,0,0,0,0,0,0,0,0,0,0,0,0,0,0,1,1000,0,0,1,0,0,0,0,0,0,0,0,0,0,0,0,0,0,0,0,0,0,0,0,0,0,0,0,0,0,0,0,0,0,0,0,0,0,0,0,0,0,0,0,'Action: Spend 10 MC to increase your heat production 2 steps.',''),(203,2,1,35,'Soletta',-30,8,0,14,0,9,0,30,0,0,0,0,0,0,0,0,0,0,0,0,0,0,0,0,0,0,1,1000,0,0,0,1,0,0,0,0,0,0,0,0,0,0,0,0,0,0,0,0,0,0,0,7,0,0,0,0,0,0,0,0,0,0,0,0,0,0,0,0,0,0,0,'','Increase your heat production 7 steps.'),(204,1,2,5,'Technology Demonstration',-30,8,0,14,0,9,0,30,0,0,0,0,0,0,0,0,0,0,0,0,0,0,0,0,0,0,1,1000,0,1,0,1,0,0,0,0,0,0,0,0,1,0,0,0,0,0,0,0,0,0,0,0,0,0,0,0,0,0,0,0,0,0,0,0,0,0,0,0,0,0,0,'','Draw 2 cards.'),(205,2,1,8,'Rad-Chem Factory',-30,8,0,14,0,9,0,30,0,0,0,0,0,0,0,0,0,0,0,0,0,0,0,0,0,0,1,1000,0,0,1,0,0,0,0,0,0,0,0,0,0,0,0,0,0,0,0,0,0,-1,0,0,0,0,0,0,0,0,0,0,0,0,0,0,0,0,0,0,0,2,0,'','Decrease your energy production 1 step. Raise your terraform rating 2 steps.'),(206,1,1,4,'Special Design',-30,8,0,14,0,9,0,30,0,0,0,0,0,0,0,0,0,0,0,0,0,0,0,0,0,0,1,1000,0,1,0,0,0,0,0,0,0,0,0,0,1,0,0,0,0,0,0,0,0,0,0,0,0,0,0,0,0,0,0,0,0,0,0,0,0,0,0,0,0,0,0,'','The next card you play this generation is +2 or -2 in global requirements, your choice.'),(207,2,2,13,'Medical Lab',-30,8,0,14,0,9,0,30,0,0,0,0,0,0,0,0,0,0,0,0,0,0,0,0,0,0,1,1000,0,1,1,0,0,0,0,0,0,0,0,0,0,0,0,0,0,0,0,0,0,0,0,0,0,0,0,0,0,0,0,0,0,0,0,0,0,0,0,0,0,0,1,'','Increase your MC production 1 step for every 2 building tags you have, including this.'),(208,3,2,21,'AI Central',-30,8,0,14,0,9,0,30,3,0,0,0,0,0,0,0,0,0,0,0,0,0,0,0,0,0,1,1000,0,1,1,0,0,0,0,0,0,0,0,0,0,0,0,0,0,0,0,0,0,-1,0,0,0,0,0,0,0,0,0,0,0,0,0,0,0,0,0,0,0,0,1,'Action: Draw 2 cards.','Requires 3 science tags to play. Decrease your energy production 1 step.'),(209,1,3,10,'Small Asteroid',-30,8,0,14,0,9,0,30,0,0,0,0,0,0,0,0,0,0,0,0,0,0,0,0,0,0,1,1000,0,0,0,1,0,0,0,0,0,0,0,0,1,0,0,0,0,0,0,0,0,0,0,0,0,0,0,0,0,0,0,0,0,0,0,0,0,1,0,0,0,0,0,'','Terraforming Mars Promo. Increase temperature 1 step. Remove up to 2 plants from any player.'),(210,3,3,7,'Self-Replicating Robots',-30,8,0,14,0,9,0,30,2,0,0,0,0,0,0,0,0,0,0,0,0,0,0,0,0,0,1,1000,0,0,0,0,0,0,0,0,0,0,0,0,0,0,0,0,0,0,0,0,0,0,0,0,0,0,0,0,0,0,0,0,0,0,0,0,0,0,0,0,0,0,0,'Action: Reveal and place a SPACE OR BUILDING card here from hand, and place 2 resources on it, OR double the resources on a card here. Effect: Cards here may be played as if from hand with its cost reduced by the number of resources on it.','Requires 2 science tags.'),(211,3,3,12,'Snow Algae',-30,8,0,14,2,9,0,30,0,0,0,0,0,0,0,0,0,0,0,0,0,0,0,0,0,0,1,1000,0,0,0,0,0,1,0,0,0,0,0,0,0,0,0,0,0,0,0,1,0,0,0,1,0,0,0,0,0,0,0,0,0,0,0,0,0,0,0,0,0,0,0,'','Requires 2 oceans. Increase your plant production and your heat production 1 step each.'),(212,3,3,7,'Penguins',-30,8,0,14,8,9,0,30,0,0,0,0,0,0,0,0,0,0,0,0,0,0,0,0,0,0,1,1000,0,0,0,0,0,0,1,0,0,0,0,0,0,0,0,0,0,0,0,0,0,0,0,0,0,0,0,0,0,0,0,0,0,0,0,0,0,0,0,0,0,0,99,'Action: Add 1 animal to this card.','Requires 8 Oceans. 1 VP per animal on this card.'),(213,3,4,11,'Aerial Mappers',-30,8,0,14,0,9,0,30,0,0,0,0,0,0,0,0,0,0,0,0,0,0,0,0,0,0,1,1000,0,0,0,0,0,0,0,0,0,0,0,1,0,0,0,0,0,0,0,0,0,0,0,0,0,0,0,0,0,0,0,0,0,0,0,0,0,0,0,0,0,0,1,'Action: Add 1 floater to ANY card, or spend 1 floater here to draw a card.',''),(214,1,4,7,'Aerosport Tournament',-30,8,0,14,0,9,0,30,0,0,0,0,0,0,0,0,0,0,0,0,0,0,0,0,0,0,1,1000,0,0,0,0,0,0,0,0,0,0,0,0,1,0,0,0,0,0,0,0,0,0,0,0,0,0,0,0,0,0,0,0,0,0,0,0,0,0,0,0,0,0,1,'','Requires that you have 5 floaters. Gain 1 MC for each city tile in play.'),(215,1,4,13,'Air-Scrapping Expedition',-30,8,0,14,0,9,0,30,0,0,0,0,0,0,0,0,0,0,0,0,0,0,0,0,0,0,1,1000,0,0,0,0,0,0,0,0,0,0,0,1,1,0,0,0,0,0,0,0,0,0,0,0,0,0,0,0,0,0,0,0,0,0,0,0,0,0,0,0,1,0,0,'','Raise Venus 1 step. Add 3 floaters to ANY VENUS CARD.'),(216,2,4,10,'Atalanta Planitia Lab',-30,8,0,14,0,9,0,30,3,0,0,0,0,0,0,0,0,0,0,0,0,0,0,0,0,0,1,1000,0,1,0,0,0,0,0,0,0,0,0,1,0,0,0,0,0,0,0,0,0,0,0,0,0,0,0,0,0,0,0,0,0,0,0,0,0,0,0,0,0,0,2,'','Requires 3 science tags. Draw 2 cards.'),(217,2,4,22,'Atmoscoop',-30,8,0,14,0,9,0,30,3,0,0,0,0,0,0,0,0,0,0,0,0,0,0,0,0,0,1,1000,0,0,0,1,0,0,0,0,0,1,0,0,0,0,0,0,0,0,0,0,0,0,0,0,0,0,0,0,0,0,0,0,0,0,0,0,0,99,0,0,99,0,1,'','Requires 3 science tags. Either raise the temperature 2 steps, or raise Venus 2 steps. Add 2 floaters to ANY card.'),(218,1,4,11,'Comet for Venus',-30,8,0,14,0,9,0,30,0,0,0,0,0,0,0,0,0,0,0,0,0,0,0,0,0,0,1,1000,0,0,0,1,0,0,0,0,0,0,0,0,1,0,0,0,0,0,0,0,0,0,0,0,0,0,0,0,0,0,0,0,0,0,0,0,0,0,0,0,1,0,0,'','Raise Venus 1 step. Remove up to 4 MC from a player WITH A VENUS TAG IN PLAY.'),(219,2,4,8,'Corroder Suits',-30,8,0,14,0,9,0,30,0,0,0,0,0,0,0,0,0,0,0,0,0,0,0,0,0,0,1,1000,0,0,0,0,0,0,0,0,0,0,0,1,0,2,0,0,0,0,0,0,0,0,0,0,0,0,0,0,0,0,0,0,0,0,0,0,0,0,0,0,0,0,0,'','Increase your MC production 2 steps. Add 1 resource to ANY VENUS CARD.'),(220,2,4,15,'Dawn City',-30,8,0,14,0,9,0,30,4,0,0,0,0,0,0,0,0,0,0,0,0,0,0,0,0,0,1,1000,0,0,0,1,0,0,0,1,0,0,0,0,0,0,0,0,0,1,0,0,0,-1,0,0,0,0,0,0,0,0,0,0,0,0,0,0,0,0,0,0,0,0,3,'','Requires 4 science tags. Decrease your energy production 1 step. Increase your titanium production 1 step. Place a city tile ON THE RESERVED AREA.'),(221,3,4,11,'Deuterium Export',-30,8,0,14,0,9,0,30,0,0,0,0,0,0,0,0,0,0,0,0,0,0,0,0,0,0,1,1000,0,0,0,1,0,0,0,0,0,0,1,1,0,0,0,0,0,0,0,0,0,0,0,0,0,0,0,0,0,0,0,0,0,0,0,0,0,0,0,0,0,0,0,'Action: Add 1 floater to this card, or spend 1 floater here to increase your energy production 1 step.',''),(222,3,4,11,'Dirigibles',-30,8,0,14,0,9,0,30,0,0,0,0,0,0,0,0,0,0,0,0,0,0,0,0,0,0,1,1000,0,0,0,0,0,0,0,0,0,0,0,1,0,0,0,0,0,0,0,0,0,0,0,0,0,0,0,0,0,0,0,0,0,0,0,0,0,0,0,0,0,0,0,'Action: Add 1 floater to ANY card. Effect: When playing a Venus tag, floaters here may be used as payment, and are worth 3 MC each',''),(223,3,4,21,'Extractor Balloons',-30,8,0,14,0,9,0,30,0,0,0,0,0,0,0,0,0,0,0,0,0,0,0,0,0,0,1,1000,0,0,0,0,0,0,0,0,0,0,0,1,0,0,0,0,0,0,0,0,0,0,0,0,0,0,0,0,0,0,0,0,0,0,0,0,0,0,0,0,99,0,0,'Action: Add 1 flaoter to this card, or remove 2 floaters here to raise Venus 1 step.','Add 3 floaters to this card.'),(224,3,4,3,'Extremophiles',-30,8,0,14,0,9,0,30,2,0,0,0,0,0,0,0,0,0,0,0,0,0,0,0,0,0,1,1000,0,0,0,0,1,0,0,0,0,0,0,1,0,0,0,0,0,0,0,0,0,0,0,0,0,0,0,0,0,0,0,0,0,0,0,0,0,0,0,0,0,0,99,'Action: Add 1 microbe to ANY card.','Requires 2 science tags. 1 VP for per 3 microbes on this card.'),(225,3,4,5,'Floating Habs',-30,8,0,14,0,9,0,30,2,0,0,0,0,0,0,0,0,0,0,0,0,0,0,0,0,0,1,1000,0,0,0,0,0,0,0,0,0,0,0,1,0,0,0,0,0,0,0,0,0,0,0,0,0,0,0,0,0,0,0,0,0,0,0,0,0,0,0,0,0,0,99,'Action: Spend 2 MC to add 1 floater to ANY card.','Requires 2 science tags. 1 VP per 2 floaters on this card.'),(226,3,4,8,'Forced Precipitation',-30,8,0,14,0,9,0,30,0,0,0,0,0,0,0,0,0,0,0,0,0,0,0,0,0,0,1,1000,0,0,0,0,0,0,0,0,0,0,0,1,0,0,0,0,0,0,0,0,0,0,0,0,0,0,0,0,0,0,0,0,0,0,0,0,0,0,0,0,99,0,0,'Action: Spend 2 MC to add a floater to this card, or spend 2 floaters here to increase Venus 1 step.',''),(227,2,4,14,'Freyja Biodomes',-30,8,0,14,0,9,10,30,0,0,0,0,0,0,0,0,0,0,0,0,0,0,0,0,0,0,1,1000,0,0,0,0,0,1,0,0,0,0,0,1,0,2,0,0,0,0,0,0,0,-1,0,0,0,0,0,0,0,0,0,0,0,0,0,0,0,0,0,0,0,0,2,'','Requires Venus 10%. Add 2 microbes or 2 animals TO ANOTHER VENUS CARD. Decrease your energy production 1 step, and increase your MC production by 2 steps.'),(228,1,4,23,'GHG Import from Venus',-30,8,0,14,0,9,0,30,0,0,0,0,0,0,0,0,0,0,0,0,0,0,0,0,0,0,1,1000,0,0,0,1,0,0,0,0,0,0,0,1,1,0,0,0,0,0,0,0,0,0,0,3,0,0,0,0,0,0,0,0,0,0,0,0,0,0,0,0,1,0,0,'','Raise Venus 1 step. Increase your heat production 3 steps.'),(229,2,4,27,'Giant Solar Shade',-30,8,0,14,0,9,0,30,0,0,0,0,0,0,0,0,0,0,0,0,0,0,0,0,0,0,1,1000,0,0,0,1,0,0,0,0,0,0,0,1,0,0,0,0,0,0,0,0,0,0,0,0,0,0,0,0,0,0,0,0,0,0,0,0,0,0,0,0,3,0,0,'','Raise Venus 3 steps.'),(230,2,4,20,'Gyropolis',-30,8,0,14,0,9,0,30,0,0,0,0,0,0,0,0,0,0,0,0,0,0,0,0,0,0,1,1000,0,0,1,0,0,0,0,1,0,0,0,0,0,0,0,0,0,0,0,0,0,-2,0,0,0,0,0,0,0,0,0,0,0,0,0,0,0,0,0,0,0,0,0,'','Decrease your energy production 2 steps. Increase your MC production 1  step for each Venus and Earth tag you have. Place a city tile.'),(231,1,4,11,'Hydrogen to Venus',-30,8,0,14,0,9,0,30,0,0,0,0,0,0,0,0,0,0,0,0,0,0,0,0,0,0,1,1000,0,0,0,1,0,0,0,0,0,0,0,0,1,0,0,0,0,0,0,0,0,0,0,0,0,0,0,0,0,0,0,0,0,0,0,0,0,0,0,0,1,0,0,'','Raise Venus 1 step. Add 1 floater to A VENUS CARD for each Jovian tag you have.'),(232,2,4,17,'Io Sulphur Research',-30,8,0,14,0,9,0,30,0,0,0,0,0,0,0,0,0,0,0,0,0,0,0,0,0,0,1,1000,0,1,0,0,0,0,0,0,0,1,0,0,0,0,0,0,0,0,0,0,0,0,0,0,0,0,0,0,0,0,0,0,0,0,0,0,0,0,0,0,0,0,2,'','Draw 1 card, or draw 3 cards if you have at least 3 Venus tags.'),(233,2,4,5,'Ishtar Mining',-30,8,0,14,0,9,8,30,0,0,0,0,0,0,0,0,0,0,0,0,0,0,0,0,0,0,1,1000,0,0,0,0,0,0,0,0,0,0,0,1,0,0,0,0,0,1,0,0,0,0,0,0,0,0,0,0,0,0,0,0,0,0,0,0,0,0,0,0,0,0,0,'','Requires Venus 8%. Increase your titanium production 1 step.'),(234,3,4,12,'Jet Stream Microscrappers',-30,8,0,14,0,9,0,30,0,0,0,0,0,0,0,0,0,0,0,0,0,0,0,0,0,0,1,1000,0,0,0,0,0,0,0,0,0,0,0,1,0,0,0,0,0,0,0,0,0,0,0,0,0,0,0,0,0,0,0,0,0,0,0,0,0,0,0,0,99,0,0,'Action: Spend 1 titanium to add 2 floaters to this card, or remove 2 floaters here to raise Venus 1 step.',''),(235,3,4,4,'Local Shading',-30,8,0,14,0,9,0,30,0,0,0,0,0,0,0,0,0,0,0,0,0,0,0,0,0,0,1,1000,0,0,0,0,0,0,0,0,0,0,0,1,0,0,0,0,0,0,0,0,0,0,0,0,0,0,0,0,0,0,0,0,0,0,0,0,0,0,0,0,0,0,0,'Action: Add 1 floater to this card, or spend 1 floater here to raise your MC production 1 step.',''),(236,2,4,21,'Luna Metropolis',-30,8,0,14,0,9,0,30,0,0,0,0,0,0,0,0,0,0,0,0,0,0,0,0,0,0,1,1000,0,0,0,1,0,0,0,1,1,0,0,0,0,0,0,0,0,0,0,0,0,0,0,0,0,0,0,0,0,0,0,0,0,0,0,0,0,0,0,0,0,0,2,'','Increase your MC production 1 step for each Earth tag you have, including this. Place a city tile ON THE RESERVED AREA.'),(237,2,4,8,'Luxury Foods',-30,8,0,14,0,9,0,30,0,0,0,0,0,0,0,1,1,0,1,0,0,0,0,0,0,0,1,1000,0,0,0,0,0,0,0,0,0,0,0,0,0,0,0,0,0,0,0,0,0,0,0,0,0,0,0,0,0,0,0,0,0,0,0,0,0,0,0,0,0,0,2,'','Requires Venus, Earth and Jovian tags.'),(238,3,4,18,'Maxwell Base',-30,8,0,14,0,9,12,30,0,0,0,0,0,0,0,0,0,0,0,0,0,0,0,0,0,0,1,1000,0,0,0,0,0,0,0,1,0,0,0,1,0,0,0,0,0,0,0,0,0,-1,0,0,0,0,0,0,0,0,0,0,0,0,0,0,0,0,0,0,0,0,3,'Action: Add 1 resource to ANOTEHR VENUS CARD.','Requires Venus 12%. Decrease your energy production 1 step. Place a city tile ON THE RESERVED AREA.'),(239,2,4,5,'Mining Quota',-30,8,0,14,0,9,0,30,0,0,0,0,0,0,0,1,1,0,1,0,0,0,0,0,0,0,1,1000,0,0,1,0,0,0,0,0,0,0,0,0,0,0,0,2,0,0,0,0,0,0,0,0,0,0,0,0,0,0,0,0,0,0,0,0,0,0,0,0,0,0,0,'','Requires Venus, Earth and Jovian tags. Increase your steel production 2 steps.'),(240,2,4,7,'Neutralizer Factory',-30,8,0,14,0,9,10,30,0,0,0,0,0,0,0,0,0,0,0,0,0,0,0,0,0,0,1,1000,0,0,0,0,0,0,0,0,0,0,0,1,0,0,0,0,0,0,0,0,0,0,0,0,0,0,0,0,0,0,0,0,0,0,0,0,0,0,0,0,1,0,0,'','Requires Venus 10%. Increase Venus 1 step.'),(241,2,4,11,'Omnicourt',-30,8,0,14,0,9,0,30,0,0,0,0,0,0,0,1,1,0,1,0,0,0,0,0,0,0,1,1000,0,0,1,0,0,0,0,0,0,0,0,0,0,0,0,0,0,0,0,0,0,0,0,0,0,0,0,0,0,0,0,0,0,0,0,0,0,0,0,0,0,2,0,'','Requires Venus, Earth, and Jovian tags. Increase your TR 2 steps.'),(242,2,4,26,'Orbital Reflectors',-30,8,0,14,0,9,0,30,0,0,0,0,0,0,0,0,0,0,0,0,0,0,0,0,0,0,1,1000,0,0,0,1,0,0,0,0,0,0,0,1,0,0,0,0,0,0,0,0,0,0,0,2,0,0,0,0,0,0,0,0,0,0,0,0,0,0,0,0,2,0,0,'','Raise Venus 2 steps. Increase your heat production 2 steps.'),(243,3,4,6,'Rotator Impacts',-30,8,0,14,0,9,0,14,0,0,0,0,0,0,0,0,0,0,0,0,0,0,0,0,0,0,1,1000,0,0,0,1,0,0,0,0,0,0,0,0,0,0,0,0,0,0,0,0,0,0,0,0,0,0,0,0,0,0,0,0,0,0,0,0,0,0,0,0,99,0,0,'Action: Spend 6 MC to add an asteroid resource to this card (TITANIUM MAY BE USED), or spend 1 resource from this card to increase VENUS 1 step.','Venus must be 14% or lower.'),(244,2,4,7,'Sister Planet Support',-30,8,0,14,0,9,0,30,0,0,0,0,0,0,0,1,0,0,1,0,0,0,0,0,0,0,1,1000,0,0,0,0,0,0,0,0,1,0,0,1,0,3,0,0,0,0,0,0,0,0,0,0,0,0,0,0,0,0,0,0,0,0,0,0,0,0,0,0,0,0,0,'','Requires Venus and Earth tag. Increase your MC production 3 steps.'),(245,2,4,7,'Solarnet',-30,8,0,14,0,9,0,30,0,0,0,0,0,0,0,1,1,0,1,0,0,0,0,0,0,0,1,1000,0,0,0,0,0,0,0,0,0,0,0,0,0,0,0,0,0,0,0,0,0,0,0,0,0,0,0,0,0,0,0,0,0,0,0,0,0,0,0,0,0,0,1,'','Requires Venus, Earth, and Jovian tags. Draw 2 cards.'),(246,1,4,16,'Spin-Inducing Asteroid',-30,8,0,14,0,9,0,10,0,0,0,0,0,0,0,0,0,0,0,0,0,0,0,0,0,0,1,1000,0,0,0,1,0,0,0,0,0,0,0,0,1,0,0,0,0,0,0,0,0,0,0,0,0,0,0,0,0,0,0,0,0,0,0,0,0,0,0,0,2,0,0,'','Venus must be 10% or lower. Raise Venus 2 steps.'),(247,2,4,9,'Sponsored Academies',-30,8,0,14,0,9,0,30,0,0,0,0,0,0,0,0,0,0,0,0,0,0,0,0,0,0,1,1000,0,1,0,0,0,0,0,0,1,0,0,0,0,0,0,0,0,0,0,0,0,0,0,0,0,0,0,0,0,0,0,0,0,0,0,0,0,0,0,0,0,0,1,'','Discard 1 card from hand and THEN draw 3 cards. All OPPONENTS draw 1 card.'),(248,3,4,22,'Stratopolis',-30,8,0,14,0,9,0,30,2,0,0,0,0,0,0,0,0,0,0,0,0,0,0,0,0,0,1,1000,0,0,0,0,0,0,0,1,0,0,0,1,0,2,0,0,0,0,0,0,0,0,0,0,0,0,0,0,0,0,0,0,0,0,0,0,0,0,0,0,0,0,99,'Action: Add 2 floaters to ANY VENUS CARD.','Requires 2 science tags. Increase your MC production 2 steps. Place a city tile on THE RESERVED AREA. 1 VP per 3 floaters on this card.'),(249,3,4,12,'Stratospheric Birds',-30,8,0,14,0,9,12,30,0,0,0,0,0,0,0,0,0,0,0,0,0,0,0,0,0,0,1,1000,0,0,0,0,0,0,1,0,0,0,0,1,0,0,0,0,0,0,0,0,0,0,0,0,0,0,0,0,0,0,0,0,0,0,0,0,0,0,0,0,0,0,99,'Action: Add 1 animal to this card.','Requires Venus 12%, and that you spend 1 floater from any card. 1 VP for each animal on this card.'),(250,2,4,21,'Sulphur Exports',-30,8,0,14,0,9,0,30,0,0,0,0,0,0,0,0,0,0,0,0,0,0,0,0,0,0,1,1000,0,0,0,1,0,0,0,0,0,0,0,1,0,0,0,0,0,0,0,0,0,0,0,0,0,0,0,0,0,0,0,0,0,0,0,0,0,0,0,0,1,0,0,'','Increase Venus 1 step. Increase your MC production 1 step for each Venus tag you have, including this.'),(251,3,4,6,'Sulphur-Eating Bacteria',-30,8,0,14,0,9,6,30,0,0,0,0,0,0,0,0,0,0,0,0,0,0,0,0,0,0,1,1000,0,0,0,0,1,0,0,0,0,0,0,1,0,0,0,0,0,0,0,0,0,0,0,0,0,0,0,0,0,0,0,0,0,0,0,0,0,0,0,0,0,0,0,'Action: Add 1 microbe to this card, or spend any number of microbes here to gain the triple amount of MC.','Requires Venus 6%.'),(252,2,4,8,'Terraforming Contract',-30,8,0,14,0,9,0,30,0,0,0,0,0,0,0,0,0,0,0,0,0,0,0,0,0,0,1,1000,0,0,0,0,0,0,0,0,1,0,0,0,0,4,0,0,0,0,0,0,0,0,0,0,0,0,0,0,0,0,0,0,0,0,0,0,0,0,0,0,0,0,0,'','Requires that you have at least 25 TR. Increase your MC production 4 steps.'),(253,3,4,9,'Thermophiles',-30,8,0,14,0,9,6,30,0,0,0,0,0,0,0,0,0,0,0,0,0,0,0,0,0,0,1,1000,0,0,0,0,1,0,0,0,0,0,0,1,0,0,0,0,0,0,0,0,0,0,0,0,0,0,0,0,0,0,0,0,0,0,0,0,0,0,0,0,99,0,0,'Action: Add 1 microbe to ANY VENUS CARD, or spend 2 microbes here to raise Venus 1 step.','Requires Venus 6%.'),(254,1,4,9,'Water to Venus',-30,8,0,14,0,9,0,30,0,0,0,0,0,0,0,0,0,0,0,0,0,0,0,0,0,0,1,1000,0,0,0,1,0,0,0,0,0,0,0,0,1,0,0,0,0,0,0,0,0,0,0,0,0,0,0,0,0,0,0,0,0,0,0,0,0,0,0,0,1,0,0,'','Raise Venus 1 step.'),(255,2,4,4,'Venus Governor',-30,8,0,14,0,9,0,30,0,0,0,0,0,0,0,0,0,0,2,0,0,0,0,0,0,0,1,1000,0,0,0,0,0,0,0,0,0,0,0,2,0,2,0,0,0,0,0,0,0,0,0,0,0,0,0,0,0,0,0,0,0,0,0,0,0,0,0,0,0,0,0,'','Requires 2 Venus tags. Increase your MC production 2 steps.'),(256,3,4,7,'Venus Magnetizer',-30,8,0,14,0,9,10,30,0,0,0,0,0,0,0,0,0,0,0,0,0,0,0,0,0,0,1,1000,0,0,0,0,0,0,0,0,0,0,0,1,0,0,0,0,0,0,0,0,0,0,0,0,0,0,0,0,0,0,0,0,0,0,0,0,0,0,0,0,99,0,0,'Action: Decrease your energy production 1 step to raise Venus 1 step.','Requires Venus 10%'),(257,2,4,20,'Venus Soil',-30,8,0,14,0,9,0,30,0,0,0,0,0,0,0,0,0,0,0,0,0,0,0,0,0,0,1,1000,0,0,0,0,0,1,0,0,0,0,0,1,0,0,0,0,0,0,0,1,0,0,0,0,0,0,0,0,0,0,0,0,0,0,0,0,0,0,0,0,1,0,0,'','Raise Venus 1 step. Increase your plant production 1 step. Add 2 microbes to ANOTHER card.'),(258,3,4,9,'Venus Waystation',-30,8,0,14,0,9,0,30,0,0,0,0,0,0,0,0,0,0,0,0,0,0,0,0,0,0,1,1000,0,0,0,1,0,0,0,0,0,0,0,1,0,0,0,0,0,0,0,0,0,0,0,0,0,0,0,0,0,0,0,0,0,0,0,0,0,0,0,0,0,0,1,'Effect: When you play a Venus tag, you pay 2 MC less for it.',''),(259,3,4,15,'Venusian Animals',-30,8,0,14,0,9,18,30,0,0,0,0,0,0,0,0,0,0,0,0,0,0,0,0,0,0,1,1000,0,1,0,0,0,0,1,0,0,0,0,1,0,0,0,0,0,0,0,0,0,0,0,0,0,0,0,0,0,0,0,0,0,0,0,0,0,0,0,0,0,0,99,'Effect: When you play a science tag, including this, add 1 animal to this card.','Requires Venus 18%. 1 VP for each animal on this card.'),(260,3,4,5,'Venusian Insects',-30,8,0,14,0,9,12,30,0,0,0,0,0,0,0,0,0,0,0,0,0,0,0,0,0,0,1,1000,0,0,0,0,1,0,0,0,0,0,0,1,0,0,0,0,0,0,0,0,0,0,0,0,0,0,0,0,0,0,0,0,0,0,0,0,0,0,0,0,0,0,99,'Action: Add 1 microbe to this card.','Requires Venus 12%. 1 VP per 2 microbes on this card.'),(261,2,4,13,'Venusian Plants',-30,8,0,14,0,9,16,30,0,0,0,0,0,0,0,0,0,0,0,0,0,0,0,0,0,0,1,1000,0,0,0,0,1,0,0,0,0,0,0,1,0,0,0,0,0,0,0,0,0,0,0,0,0,0,0,0,0,0,0,0,0,0,0,0,0,0,0,0,1,0,1,'','Requires Venus 16%. Raise Venus 1 step. Add 1 microbe or 1 animal to ANOTHER VENUS CARD.');
/*!40000 ALTER TABLE `mars_cards` ENABLE KEYS */;
UNLOCK TABLES;

--
-- Table structure for table `mars_corporations`
--

DROP TABLE IF EXISTS `mars_corporations`;
/*!40101 SET @saved_cs_client     = @@character_set_client */;
/*!40101 SET character_set_client = utf8 */;
CREATE TABLE `mars_corporations` (
  `id` int(11) NOT NULL AUTO_INCREMENT,
  `title` varchar(100) NOT NULL,
  `deck_id` int(11) NOT NULL,
  `init_money` int(11) NOT NULL DEFAULT '0',
  `init_steel` int(11) NOT NULL DEFAULT '0',
  `init_titan` int(11) NOT NULL DEFAULT '0',
  `init_plant` int(11) NOT NULL DEFAULT '0',
  `init_energy` int(11) NOT NULL DEFAULT '0',
  `init_heat` int(11) NOT NULL DEFAULT '0',
  `init_prod_money` int(11) NOT NULL DEFAULT '0',
  `init_prod_steel` int(11) NOT NULL DEFAULT '0',
  `init_prod_titan` int(11) NOT NULL DEFAULT '0',
  `init_prod_plant` int(11) NOT NULL DEFAULT '0',
  `init_prod_energy` int(11) NOT NULL DEFAULT '0',
  `init_prod_heat` int(11) NOT NULL DEFAULT '0',
  `text_effect` varchar(255) DEFAULT NULL,
  `text_action` varchar(255) DEFAULT NULL,
  `text_title` varchar(255) DEFAULT NULL,
  PRIMARY KEY (`id`)
) ENGINE=InnoDB AUTO_INCREMENT=13 DEFAULT CHARSET=latin1 COMMENT='latin1_swedish_ci';
/*!40101 SET character_set_client = @saved_cs_client */;

--
-- Dumping data for table `mars_corporations`
--

LOCK TABLES `mars_corporations` WRITE;
/*!40000 ALTER TABLE `mars_corporations` DISABLE KEYS */;
INSERT INTO `mars_corporations` VALUES (1,'Ecoline',1,36,0,0,3,0,0,0,0,0,2,0,0,'Effect: You may always pay 7 plants, istead of 8, to place greenery.',NULL,'You start with 2 plant production, 3 plants, and 36M$'),(2,'Mining Guild',1,30,5,0,0,0,0,0,1,0,0,0,0,'Effect: Each time you get any steel or titanium as a placement bonus on the map, increase your steel production 1 step',NULL,'You start with 30 M$, 5 steel, and 1 steel production'),(3,'Phobolog',1,23,0,10,0,0,0,0,0,0,0,0,0,'Effect: Your titanium resources are each worth 1 M$ extra',NULL,'You start with 10 titanium and 23 M$.'),(4,'THORGATE',1,48,0,0,0,0,0,0,0,0,0,1,0,'Effect: When playing a power card OR THE STANDARD PROJECT POWER PLANT, you pay 3 M$ less for it',NULL,'You start with 1 energy production and 48 M$'),(5,'Credicor',1,57,0,0,0,0,0,0,0,0,0,0,0,'Effect: After you pay for a card or standard project with a basic cost of 20M$ or more, you gain 4M$.',NULL,'You start with 57 M$.'),(6,'THARSIS Republic',1,40,0,0,0,0,0,0,0,0,0,0,0,'Effect: When any city tile is placed ON MARS, increase your M$ production 1 step. When you place a city tile, gain 3 M$',NULL,'You start with 40 M$. As your first action in the game,place a city tile.'),(7,'INVENTRIX',1,45,0,0,0,0,0,0,0,0,0,0,0,'Effect: Your temperature, oxygen and ocean requirements are +2 or -2 steps, your choice in each case.',NULL,'As you first action in the game, draw 3 cards. Start with 45M$'),(8,'INTERPLANETARY CINEMATICS',1,30,20,0,0,0,0,0,0,0,0,0,0,'Effect: Each time you play an event, you gain 2 M$',NULL,'You start with 20 steel and 30 M$'),(9,'UNITED NATIONS MARS INITIATIVE',1,40,0,0,0,0,0,0,0,0,0,0,0,'','Action:If your Terraform Rating was raised this generation, you may pay 3 M$ to raise it 1 step more','You start with 40 M$'),(10,'Helion',1,42,0,0,0,0,0,0,0,0,0,0,3,'Effect: Your may use heat as M$. You may not use M$ as heat.',NULL,'You start with 3 heat production and 42 M$'),(11,'Teractor',2,60,0,0,0,0,0,0,0,0,0,0,0,'Effect: When playing an Earth card, you pay 3 M$ less for it.',NULL,'You start with 60 M$'),(12,'Saturn Systems',2,42,0,0,0,0,0,0,0,1,0,0,0,'Effect: Each time any Jovian tag is put into play, including this, increase your M$ production 1 step',NULL,'You start with 1 titanium production and 42 M$.');
/*!40000 ALTER TABLE `mars_corporations` ENABLE KEYS */;
UNLOCK TABLES;

--
-- Table structure for table `mars_exceptions`
--

DROP TABLE IF EXISTS `mars_exceptions`;
/*!40101 SET @saved_cs_client     = @@character_set_client */;
/*!40101 SET character_set_client = utf8 */;
CREATE TABLE `mars_exceptions` (
  `id` int(11) NOT NULL AUTO_INCREMENT,
  `message` varchar(255) NOT NULL,
  `code` varchar(100) DEFAULT NULL,
  PRIMARY KEY (`id`),
  UNIQUE KEY `code` (`code`)
) ENGINE=InnoDB AUTO_INCREMENT=17 DEFAULT CHARSET=latin1;
/*!40101 SET character_set_client = @saved_cs_client */;

--
-- Dumping data for table `mars_exceptions`
--

LOCK TABLES `mars_exceptions` WRITE;
/*!40000 ALTER TABLE `mars_exceptions` DISABLE KEYS */;
INSERT INTO `mars_exceptions` VALUES (1,'not enough money','NOT_ENOUGH_MONEY'),(2,'Not enough steel','NOT_ENOUGH_STEEL'),(3,'Not building card','NOT_BUILDING_CARD'),(4,'Not enough plants','NOT_ENOUGH_PLANT'),(5,'Not enough titan','NOT_ENOUGH_TITAN'),(6,'Not space card','NOT_SPACE_CARD'),(7,'Not enough heat','NOT_ENOUGH_HEAT'),(8,'Expensive','EXPENSIVE'),(9,'Rating mismatch','RATING_MISMATCH'),(10,'Oceans mismatch','OCEANS_MISMATCH'),(11,'Oxygen mismatch','OXYGEN_MISMATCH'),(12,'Temperature mismatch','TEMPERATURE_MISMATCH'),(13,'Greenery mismatch','GREENERY_MISMATCH'),(14,'City mismatch','CITY_MISMATCH'),(15,'Already used','CARD_ALREADY_USED'),(16,'Game not found','GAME_NOT_FOUND');
/*!40000 ALTER TABLE `mars_exceptions` ENABLE KEYS */;
UNLOCK TABLES;

--
-- Table structure for table `mars_game_cards`
--

DROP TABLE IF EXISTS `mars_game_cards`;
/*!40101 SET @saved_cs_client     = @@character_set_client */;
/*!40101 SET character_set_client = utf8 */;
CREATE TABLE `mars_game_cards` (
  `id` int(11) NOT NULL AUTO_INCREMENT,
  `game_id` int(11) NOT NULL,
  `card_id` int(11) NOT NULL,
  `generation_id` int(11) NOT NULL,
  `player_id` int(11) NOT NULL,
  `picked` int(11) NOT NULL DEFAULT '0',
  PRIMARY KEY (`id`),
  KEY `fk_1` (`game_id`),
  CONSTRAINT `fk_1` FOREIGN KEY (`game_id`) REFERENCES `mars_games` (`id`) ON DELETE CASCADE
) ENGINE=InnoDB AUTO_INCREMENT=4738 DEFAULT CHARSET=latin1;
/*!40101 SET character_set_client = @saved_cs_client */;

--
-- Dumping data for table `mars_game_cards`
--

LOCK TABLES `mars_game_cards` WRITE;
/*!40000 ALTER TABLE `mars_game_cards` DISABLE KEYS */;
INSERT INTO `mars_game_cards` VALUES (4601,38,1,0,0,0),(4602,38,3,1,31,0),(4603,38,4,2,31,1),(4604,38,5,0,0,0),(4605,38,7,0,0,0),(4606,38,8,0,0,0),(4607,38,9,0,0,0),(4608,38,10,0,0,0),(4609,38,11,2,31,0),(4610,38,12,0,0,0),(4611,38,15,0,0,0),(4612,38,16,0,0,0),(4613,38,17,0,0,0),(4614,38,18,0,0,0),(4615,38,19,0,0,0),(4616,38,20,0,0,0),(4617,38,21,0,0,0),(4618,38,22,0,0,0),(4619,38,23,0,0,0),(4620,38,24,0,0,0),(4621,38,26,0,0,0),(4622,38,29,0,0,0),(4623,38,30,0,0,0),(4624,38,31,1,31,1),(4625,38,32,0,0,0),(4626,38,33,0,0,0),(4627,38,34,0,0,0),(4628,38,35,0,0,0),(4629,38,36,0,0,0),(4630,38,37,0,0,0),(4631,38,38,0,0,0),(4632,38,39,0,0,0),(4633,38,40,0,0,0),(4634,38,41,0,0,0),(4635,38,42,0,0,0),(4636,38,43,0,0,0),(4637,38,44,0,0,0),(4638,38,45,0,0,0),(4639,38,47,0,0,0),(4640,38,48,0,0,0),(4641,38,52,0,0,0),(4642,38,53,0,0,0),(4643,38,54,0,0,0),(4644,38,55,0,0,0),(4645,38,58,0,0,0),(4646,38,59,0,0,0),(4647,38,60,0,0,0),(4648,38,63,0,0,0),(4649,38,67,0,0,0),(4650,38,72,0,0,0),(4651,38,75,0,0,0),(4652,38,76,0,0,0),(4653,38,77,0,0,0),(4654,38,78,0,0,0),(4655,38,80,0,0,0),(4656,38,81,0,0,0),(4657,38,83,0,0,0),(4658,38,87,0,0,0),(4659,38,88,0,0,0),(4660,38,89,0,0,0),(4661,38,93,0,0,0),(4662,38,96,0,0,0),(4663,38,97,0,0,0),(4664,38,100,0,0,0),(4665,38,101,0,0,0),(4666,38,102,0,0,0),(4667,38,103,1,31,0),(4668,38,104,0,0,0),(4669,38,108,0,0,0),(4670,38,113,2,31,0),(4671,38,114,1,31,0),(4672,38,115,0,0,0),(4673,38,116,0,0,0),(4674,38,117,0,0,0),(4675,38,118,1,31,0),(4676,38,119,0,0,0),(4677,38,120,0,0,0),(4678,38,122,0,0,0),(4679,38,126,0,0,0),(4680,38,127,0,0,0),(4681,38,128,0,0,0),(4682,38,129,0,0,0),(4683,38,130,0,0,0),(4684,38,131,0,0,0),(4685,38,132,0,0,0),(4686,38,133,0,0,0),(4687,38,134,2,31,0),(4688,38,135,0,0,0),(4689,38,136,0,0,0),(4690,38,138,0,0,0),(4691,38,139,0,0,0),(4692,38,140,0,0,0),(4693,38,141,0,0,0),(4694,38,142,0,0,0),(4695,38,143,0,0,0),(4696,38,145,0,0,0),(4697,38,146,0,0,0),(4698,38,147,0,0,0),(4699,38,148,1,31,0),(4700,38,152,0,0,0),(4701,38,153,0,0,0),(4702,38,155,0,0,0),(4703,38,157,0,0,0),(4704,38,158,0,0,0),(4705,38,159,0,0,0),(4706,38,161,0,0,0),(4707,38,162,0,0,0),(4708,38,163,0,0,0),(4709,38,164,0,0,0),(4710,38,165,0,0,0),(4711,38,166,0,0,0),(4712,38,167,1,31,1),(4713,38,168,0,0,0),(4714,38,169,1,31,0),(4715,38,170,0,0,0),(4716,38,171,0,0,0),(4717,38,172,0,0,0),(4718,38,174,0,0,0),(4719,38,176,0,0,0),(4720,38,177,0,0,0),(4721,38,178,0,0,0),(4722,38,179,1,31,0),(4723,38,181,0,0,0),(4724,38,183,0,0,0),(4725,38,184,0,0,0),(4726,38,187,0,0,0),(4727,38,188,0,0,0),(4728,38,189,0,0,0),(4729,38,190,0,0,0),(4730,38,191,0,0,0),(4731,38,193,0,0,0),(4732,38,198,1,31,0),(4733,38,200,0,0,0),(4734,38,202,0,0,0),(4735,38,203,0,0,0),(4736,38,205,0,0,0),(4737,38,206,0,0,0);
/*!40000 ALTER TABLE `mars_game_cards` ENABLE KEYS */;
UNLOCK TABLES;

--
-- Table structure for table `mars_game_corporations`
--

DROP TABLE IF EXISTS `mars_game_corporations`;
/*!40101 SET @saved_cs_client     = @@character_set_client */;
/*!40101 SET character_set_client = utf8 */;
CREATE TABLE `mars_game_corporations` (
  `id` int(11) NOT NULL AUTO_INCREMENT,
  `game_id` int(11) NOT NULL,
  `player_id` int(11) NOT NULL DEFAULT '0',
  `corporation_id` int(11) NOT NULL,
  `picked` int(11) NOT NULL DEFAULT '0',
  PRIMARY KEY (`id`),
  KEY `game_id` (`game_id`),
  CONSTRAINT `mars_game_corporations_ibfk_1` FOREIGN KEY (`game_id`) REFERENCES `mars_games` (`id`) ON DELETE CASCADE
) ENGINE=InnoDB AUTO_INCREMENT=31 DEFAULT CHARSET=latin1;
/*!40101 SET character_set_client = @saved_cs_client */;

--
-- Dumping data for table `mars_game_corporations`
--

LOCK TABLES `mars_game_corporations` WRITE;
/*!40000 ALTER TABLE `mars_game_corporations` DISABLE KEYS */;
INSERT INTO `mars_game_corporations` VALUES (21,38,0,1,0),(22,38,0,2,0),(23,38,0,3,0),(24,38,0,4,0),(25,38,31,5,1),(26,38,0,6,0),(27,38,0,7,0),(28,38,0,8,0),(29,38,31,9,0),(30,38,0,10,0);
/*!40000 ALTER TABLE `mars_game_corporations` ENABLE KEYS */;
UNLOCK TABLES;

--
-- Table structure for table `mars_games`
--

DROP TABLE IF EXISTS `mars_games`;
/*!40101 SET @saved_cs_client     = @@character_set_client */;
/*!40101 SET character_set_client = utf8 */;
CREATE TABLE `mars_games` (
  `id` int(11) NOT NULL AUTO_INCREMENT,
  `oceans` int(11) DEFAULT '0',
  `oxygene` int(11) DEFAULT '0',
  `temperature` int(11) DEFAULT '-30',
  `generation` int(11) DEFAULT '1',
  `hash` varchar(100) DEFAULT NULL,
  `status` int(11) DEFAULT NULL,
  `game_type` varchar(10) DEFAULT NULL,
  PRIMARY KEY (`id`)
) ENGINE=InnoDB AUTO_INCREMENT=39 DEFAULT CHARSET=latin1;
/*!40101 SET character_set_client = @saved_cs_client */;

--
-- Dumping data for table `mars_games`
--

LOCK TABLES `mars_games` WRITE;
/*!40000 ALTER TABLE `mars_games` DISABLE KEYS */;
INSERT INTO `mars_games` VALUES (38,1,0,-30,2,'2080739',0,'s');
/*!40000 ALTER TABLE `mars_games` ENABLE KEYS */;
UNLOCK TABLES;

--
-- Table structure for table `mars_player_cards`
--

DROP TABLE IF EXISTS `mars_player_cards`;
/*!40101 SET @saved_cs_client     = @@character_set_client */;
/*!40101 SET character_set_client = utf8 */;
CREATE TABLE `mars_player_cards` (
  `id` int(11) NOT NULL AUTO_INCREMENT,
  `game_id` int(11) NOT NULL,
  `card_id` int(11) NOT NULL,
  `player_id` int(11) NOT NULL,
  `played_generation` int(11) NOT NULL,
  PRIMARY KEY (`id`),
  KEY `game_id` (`game_id`),
  CONSTRAINT `mars_player_cards_ibfk_1` FOREIGN KEY (`game_id`) REFERENCES `mars_games` (`id`) ON DELETE CASCADE
) ENGINE=InnoDB AUTO_INCREMENT=86 DEFAULT CHARSET=latin1;
/*!40101 SET character_set_client = @saved_cs_client */;

--
-- Dumping data for table `mars_player_cards`
--

LOCK TABLES `mars_player_cards` WRITE;
/*!40000 ALTER TABLE `mars_player_cards` DISABLE KEYS */;
INSERT INTO `mars_player_cards` VALUES (83,38,4712,31,1),(84,38,4624,31,0),(85,38,4603,31,0);
/*!40000 ALTER TABLE `mars_player_cards` ENABLE KEYS */;
UNLOCK TABLES;

--
-- Table structure for table `mars_player_mats`
--

DROP TABLE IF EXISTS `mars_player_mats`;
/*!40101 SET @saved_cs_client     = @@character_set_client */;
/*!40101 SET character_set_client = utf8 */;
CREATE TABLE `mars_player_mats` (
  `id` int(11) NOT NULL AUTO_INCREMENT,
  `game_id` int(11) NOT NULL,
  `player_id` int(11) NOT NULL,
  `rating` int(11) DEFAULT '14',
  `prod_money` int(11) DEFAULT NULL,
  `prod_steel` int(11) DEFAULT NULL,
  `prod_titan` int(11) DEFAULT NULL,
  `prod_plant` int(11) DEFAULT NULL,
  `prod_energy` int(11) DEFAULT NULL,
  `prod_heat` int(11) DEFAULT NULL,
  `money` int(11) DEFAULT NULL,
  `steel` int(11) DEFAULT NULL,
  `titan` int(11) DEFAULT NULL,
  `plant` int(11) DEFAULT NULL,
  `energy` int(11) DEFAULT NULL,
  `heat` int(11) DEFAULT NULL,
  `tile_green` int(11) DEFAULT '0',
  `tile_city` int(11) DEFAULT '0',
  PRIMARY KEY (`id`),
  KEY `game_id` (`game_id`),
  CONSTRAINT `mars_player_mats_ibfk_1` FOREIGN KEY (`game_id`) REFERENCES `mars_games` (`id`) ON DELETE CASCADE
) ENGINE=InnoDB AUTO_INCREMENT=45 DEFAULT CHARSET=latin1;
/*!40101 SET character_set_client = @saved_cs_client */;

--
-- Dumping data for table `mars_player_mats`
--

LOCK TABLES `mars_player_mats` WRITE;
/*!40000 ALTER TABLE `mars_player_mats` DISABLE KEYS */;
INSERT INTO `mars_player_mats` VALUES (44,38,31,15,0,0,0,0,0,2,30,0,0,0,0,2,0,0);
/*!40000 ALTER TABLE `mars_player_mats` ENABLE KEYS */;
UNLOCK TABLES;

--
-- Table structure for table `mars_players`
--

DROP TABLE IF EXISTS `mars_players`;
/*!40101 SET @saved_cs_client     = @@character_set_client */;
/*!40101 SET character_set_client = utf8 */;
CREATE TABLE `mars_players` (
  `id` int(11) NOT NULL AUTO_INCREMENT,
  `name` varchar(100) NOT NULL,
  `game_id` int(11) NOT NULL,
  `corporation_id` int(11) DEFAULT NULL,
  PRIMARY KEY (`id`),
  KEY `game_id` (`game_id`),
  CONSTRAINT `mars_players_ibfk_1` FOREIGN KEY (`game_id`) REFERENCES `mars_games` (`id`) ON DELETE CASCADE
) ENGINE=InnoDB AUTO_INCREMENT=32 DEFAULT CHARSET=latin1;
/*!40101 SET character_set_client = @saved_cs_client */;

--
-- Dumping data for table `mars_players`
--

LOCK TABLES `mars_players` WRITE;
/*!40000 ALTER TABLE `mars_players` DISABLE KEYS */;
INSERT INTO `mars_players` VALUES (31,'Agil',38,25);
/*!40000 ALTER TABLE `mars_players` ENABLE KEYS */;
UNLOCK TABLES;
/*!40103 SET TIME_ZONE=@OLD_TIME_ZONE */;

/*!40101 SET SQL_MODE=@OLD_SQL_MODE */;
/*!40014 SET FOREIGN_KEY_CHECKS=@OLD_FOREIGN_KEY_CHECKS */;
/*!40014 SET UNIQUE_CHECKS=@OLD_UNIQUE_CHECKS */;
/*!40101 SET CHARACTER_SET_CLIENT=@OLD_CHARACTER_SET_CLIENT */;
/*!40101 SET CHARACTER_SET_RESULTS=@OLD_CHARACTER_SET_RESULTS */;
/*!40101 SET COLLATION_CONNECTION=@OLD_COLLATION_CONNECTION */;
/*!40111 SET SQL_NOTES=@OLD_SQL_NOTES */;

-- Dump completed on 2018-07-16 15:30:31
