-- MySQL dump 10.13  Distrib 5.7.22, for Linux (x86_64)
--
-- Host: localhost    Database: mars
-- ------------------------------------------------------
-- Server version	5.7.22-0ubuntu0.16.04.1

/*!40101 SET @OLD_CHARACTER_SET_CLIENT=@@CHARACTER_SET_CLIENT */;
/*!40101 SET @OLD_CHARACTER_SET_RESULTS=@@CHARACTER_SET_RESULTS */;
/*!40101 SET @OLD_COLLATION_CONNECTION=@@COLLATION_CONNECTION */;
/*!40101 SET NAMES utf8 */;
/*!40103 SET @OLD_TIME_ZONE=@@TIME_ZONE */;
/*!40103 SET TIME_ZONE='+00:00' */;
/*!40014 SET @OLD_UNIQUE_CHECKS=@@UNIQUE_CHECKS, UNIQUE_CHECKS=0 */;
/*!40014 SET @OLD_FOREIGN_KEY_CHECKS=@@FOREIGN_KEY_CHECKS, FOREIGN_KEY_CHECKS=0 */;
/*!40101 SET @OLD_SQL_MODE=@@SQL_MODE, SQL_MODE='NO_AUTO_VALUE_ON_ZERO' */;
/*!40111 SET @OLD_SQL_NOTES=@@SQL_NOTES, SQL_NOTES=0 */;

--
-- Table structure for table `mars_card_decks`
--

DROP TABLE IF EXISTS `mars_card_decks`;
/*!40101 SET @saved_cs_client     = @@character_set_client */;
/*!40101 SET character_set_client = utf8 */;
CREATE TABLE `mars_card_decks` (
  `deck_id` int(11) NOT NULL AUTO_INCREMENT,
  `title` varchar(100) NOT NULL,
  PRIMARY KEY (`deck_id`)
) ENGINE=InnoDB AUTO_INCREMENT=5 DEFAULT CHARSET=latin1;
/*!40101 SET character_set_client = @saved_cs_client */;

--
-- Dumping data for table `mars_card_decks`
--

LOCK TABLES `mars_card_decks` WRITE;
/*!40000 ALTER TABLE `mars_card_decks` DISABLE KEYS */;
INSERT INTO `mars_card_decks` VALUES (1,'Basic'),(2,'Corporate'),(3,'Promo'),(4,'Venus');
/*!40000 ALTER TABLE `mars_card_decks` ENABLE KEYS */;
UNLOCK TABLES;

--
-- Table structure for table `mars_card_types`
--

DROP TABLE IF EXISTS `mars_card_types`;
/*!40101 SET @saved_cs_client     = @@character_set_client */;
/*!40101 SET character_set_client = utf8 */;
CREATE TABLE `mars_card_types` (
  `type_id` int(11) NOT NULL AUTO_INCREMENT,
  `title` varchar(100) NOT NULL,
  PRIMARY KEY (`type_id`)
) ENGINE=InnoDB AUTO_INCREMENT=4 DEFAULT CHARSET=latin1;
/*!40101 SET character_set_client = @saved_cs_client */;

--
-- Dumping data for table `mars_card_types`
--

LOCK TABLES `mars_card_types` WRITE;
/*!40000 ALTER TABLE `mars_card_types` DISABLE KEYS */;
INSERT INTO `mars_card_types` VALUES (1,'Event'),(2,'Automated'),(3,'Active');
/*!40000 ALTER TABLE `mars_card_types` ENABLE KEYS */;
UNLOCK TABLES;

--
-- Table structure for table `mars_cards`
--

DROP TABLE IF EXISTS `mars_cards`;
/*!40101 SET @saved_cs_client     = @@character_set_client */;
/*!40101 SET character_set_client = utf8 */;
CREATE TABLE `mars_cards` (
  `card_id` int(11) NOT NULL AUTO_INCREMENT,
  `card_type` int(11) NOT NULL,
  `card_deck` int(11) NOT NULL,
  `cost` int(11) NOT NULL,
  `card_title` varchar(100) DEFAULT NULL,
  `req_min_temp` int(11) NOT NULL,
  `req_max_temp` int(11) NOT NULL,
  `req_min_oxyg` int(11) NOT NULL,
  `req_max_oxyg` int(11) NOT NULL,
  `req_min_ocean` int(11) NOT NULL,
  `req_max_ocean` int(11) NOT NULL,
  `req_min_venus` int(11) DEFAULT NULL,
  `req_max_venus` int(11) DEFAULT NULL,
  `req_scence` int(11) DEFAULT NULL,
  `req_building` int(11) DEFAULT NULL,
  `req_space` int(11) DEFAULT NULL,
  `req_microbe` int(11) DEFAULT NULL,
  `req_plant` int(11) DEFAULT NULL,
  `req_animal` int(11) DEFAULT NULL,
  `req_city` int(11) DEFAULT NULL,
  `req_earth` int(11) DEFAULT NULL,
  `req_jovian` int(11) DEFAULT NULL,
  `req_energy` int(11) DEFAULT NULL,
  `req_venus` int(11) DEFAULT NULL,
  `req_titan_prod` int(11) DEFAULT NULL,
  `req_steel_prod` int(11) DEFAULT NULL,
  `req_plant_prod` int(11) DEFAULT NULL,
  `req_energy_prod` int(11) DEFAULT NULL,
  `req_heat_prod` int(11) DEFAULT NULL,
  `req_tile_green` int(11) NOT NULL DEFAULT '0',
  `req_tile_city` int(11) NOT NULL DEFAULT '0',
  `req_min_rating` int(11) NOT NULL DEFAULT '1',
  `req_max_rating` int(11) NOT NULL DEFAULT '1000',
  `req_floaters` int(11) DEFAULT NULL,
  `tag_scence` int(11) NOT NULL,
  `tag_building` int(11) NOT NULL,
  `tag_space` int(11) NOT NULL,
  `tag_microbe` int(11) NOT NULL,
  `tag_plant` int(11) NOT NULL,
  `tag_animal` int(11) NOT NULL,
  `tag_city` int(11) NOT NULL,
  `tag_earth` int(11) NOT NULL,
  `tag_jovian` int(11) NOT NULL,
  `tag_energy` int(11) NOT NULL,
  `tag_venus` int(11) NOT NULL,
  `tag_event` int(11) NOT NULL,
  `prod_eff_money` int(11) NOT NULL,
  `prod_eff_money_oth` int(11) NOT NULL,
  `prod_eff_steel` int(11) NOT NULL,
  `prod_eff_steel_oth` int(11) NOT NULL,
  `prod_eff_titan` int(11) NOT NULL,
  `prod_eff_titan_oth` int(11) NOT NULL,
  `prod_eff_plant` int(11) NOT NULL,
  `prod_eff_plant_oth` int(11) NOT NULL,
  `prod_eff_energy` int(11) NOT NULL,
  `prod_eff_energy_oth` int(11) NOT NULL,
  `prod_eff_heat` int(11) NOT NULL,
  `prod_eff_heat_oth` int(11) NOT NULL,
  `res_eff_money` int(11) NOT NULL,
  `res_eff_money_oth` int(11) NOT NULL,
  `res_eff_steel` int(11) NOT NULL,
  `res_eff_steel_oth` int(11) NOT NULL,
  `res_eff_titan` int(11) NOT NULL,
  `res_eff_titan_oth` int(11) NOT NULL,
  `res_eff_plant` int(11) NOT NULL,
  `res_eff_plant_oth` int(11) NOT NULL,
  `res_eff_energy` int(11) NOT NULL,
  `res_eff_energy_oth` int(11) NOT NULL,
  `res_eff_heat` int(11) NOT NULL,
  `res_eff_heat_oth` int(11) NOT NULL,
  `terr_eff_temp` int(11) NOT NULL,
  `terr_eff_oxygen` int(11) NOT NULL,
  `terr_eff_ocean` int(11) NOT NULL,
  `terr_eff_venus` int(11) NOT NULL,
  `terr_eff_rating` int(11) NOT NULL,
  `terr_eff_points` int(11) NOT NULL,
  `rec_action_text` varchar(255) DEFAULT NULL,
  `one_time_effect_text` varchar(255) DEFAULT NULL,
  PRIMARY KEY (`card_id`)
) ENGINE=InnoDB AUTO_INCREMENT=262 DEFAULT CHARSET=latin1;
/*!40101 SET character_set_client = @saved_cs_client */;

--
-- Dumping data for table `mars_cards`
--

LOCK TABLES `mars_cards` WRITE;
/*!40000 ALTER TABLE `mars_cards` DISABLE KEYS */;
INSERT INTO `mars_cards` VALUES (1,2,1,8,'Colonizer Training Camp',-30,8,0,5,0,9,0,30,0,0,0,0,0,0,0,0,0,0,0,NULL,NULL,NULL,NULL,NULL,0,0,1,1000,NULL,0,1,0,0,0,0,0,0,1,0,0,0,0,0,0,0,0,0,0,0,0,0,0,0,0,0,0,0,0,0,0,0,0,0,0,0,0,0,0,0,0,2,'','Oxygen must be 5% or less.'),(2,2,2,13,'Asteroid Mining Consortium',-30,8,0,14,0,9,0,30,0,0,0,0,0,0,0,0,0,0,0,NULL,NULL,NULL,NULL,NULL,0,0,1,1000,NULL,0,0,0,0,0,0,0,0,1,0,0,0,0,0,0,0,0,0,0,0,0,0,0,0,0,0,0,0,0,0,0,0,0,0,0,0,0,0,0,0,0,1,'','Requires that you have titanium production. Decrease any titanium production 1 step and increase your own 1 step.'),(3,2,1,13,'Deep Well Heating',-30,8,0,14,0,9,0,30,0,0,0,0,0,0,0,0,0,0,0,NULL,NULL,NULL,NULL,NULL,0,0,1,1000,NULL,0,1,0,0,0,0,0,0,0,1,0,0,0,0,0,0,0,0,0,0,1,0,0,0,0,0,0,0,0,0,0,0,0,0,0,0,1,0,0,0,0,0,'','Increase your energy production 1 step. Increase temperature 1 step.'),(4,2,1,11,'Cloud Seeding',-30,8,0,14,3,9,0,30,0,0,0,0,0,0,0,0,0,0,0,NULL,NULL,NULL,NULL,NULL,0,0,1,1000,NULL,0,0,0,0,0,0,0,0,0,0,0,0,-1,0,0,0,0,0,2,0,0,0,0,0,0,0,0,0,0,0,0,0,0,0,0,0,0,0,0,0,0,0,'','Requires 3 ocean tiles. Decrease your MC production 1 step and any heat production 1 step.  Increase your plant production 2 steps.'),(5,3,1,3,'Search For Life',-30,8,0,6,0,9,0,30,0,0,0,0,0,0,0,0,0,0,0,NULL,NULL,NULL,NULL,NULL,0,0,1,1000,NULL,1,0,0,0,0,0,0,0,0,0,0,0,0,0,0,0,0,0,0,0,0,0,0,0,0,0,0,0,0,0,0,0,0,0,0,0,0,0,0,0,0,0,'Action: Spend 1 MC to reveal and discard the top card of the draw deck. If that card has a microbe tag, add a science resource here.','Oxygen must be 6% or less. 3 VPs if you have one or more science resource here.'),(6,3,2,9,'Inventors` Guild',-30,8,0,14,0,9,0,30,0,0,0,0,0,0,0,0,0,0,0,NULL,NULL,NULL,NULL,NULL,0,0,1,1000,NULL,1,0,0,0,0,0,0,0,0,0,0,0,0,0,0,0,0,0,0,0,0,0,0,0,0,0,0,0,0,0,0,0,0,0,0,0,0,0,0,0,0,0,'Action: Look at the top card and either buy it or discard it',''),(7,3,1,13,'Martian Rail',-30,8,0,14,0,9,0,30,0,0,0,0,0,0,0,0,0,0,0,NULL,NULL,NULL,NULL,NULL,0,0,1,1000,NULL,0,1,0,0,0,0,0,0,0,0,0,0,0,0,0,0,0,0,0,0,0,0,0,0,0,0,0,0,0,0,0,0,0,0,0,0,0,0,0,0,0,0,'Action: Spend 1 energy to gain 1 MC for each city tile ON MARS.',''),(8,2,1,26,'Capital',-30,8,0,14,4,9,0,30,0,0,0,0,0,0,0,0,0,0,0,NULL,NULL,NULL,NULL,NULL,0,0,1,1000,NULL,0,1,0,0,0,0,1,0,0,0,0,0,5,0,0,0,0,0,0,0,-2,0,0,0,0,0,0,0,0,0,0,0,0,0,0,0,0,0,0,0,0,99,'','Requires 4 ocean tiles. Place [the capital city] tile. Decrease your energy production 2 steps and increase your MC production 5 steps. 1 ADDITIONAL VP FOR EACH OCEAN TILE ADJACENT TO THIS CITY TILE.'),(9,1,1,14,'Asteroid',-30,8,0,14,0,9,0,30,0,0,0,0,0,0,0,0,0,0,0,NULL,NULL,NULL,NULL,NULL,0,0,1,1000,NULL,0,0,1,0,0,0,0,0,0,0,0,1,0,0,0,0,0,0,0,0,0,0,0,0,0,0,0,0,2,0,0,0,0,0,0,0,1,0,0,0,0,0,'','Raise temperature 1 step and gain 2 titanium. Remove up to 3 plants from any player.'),(10,1,1,21,'Comet',-30,8,0,14,0,9,0,30,0,0,0,0,0,0,0,0,0,0,0,NULL,NULL,NULL,NULL,NULL,0,0,1,1000,NULL,0,0,1,0,0,0,0,0,0,0,0,1,0,0,0,0,0,0,0,0,0,0,0,0,0,0,0,0,0,0,0,0,0,0,0,0,1,0,1,0,0,0,'','Raise temperature 1 step and place an ocean tile. Remove up to 3 plants from any player.'),(11,1,1,27,'Big Asteroid',-30,8,0,14,0,9,0,30,0,0,0,0,0,0,0,0,0,0,0,NULL,NULL,NULL,NULL,NULL,0,0,1,1000,NULL,0,0,1,0,0,0,0,0,0,0,0,1,0,0,0,0,0,0,0,0,0,0,0,0,0,0,0,0,4,0,0,0,0,0,0,0,2,0,0,0,0,0,'','Raise temperature 2 steps and gain 4 titanium. Remove up to 4 plants from any player.'),(12,3,1,25,'Water Import From Europa',-30,8,0,14,0,9,0,30,0,0,0,0,0,0,0,0,0,0,0,NULL,NULL,NULL,NULL,NULL,0,0,1,1000,NULL,0,0,1,0,0,0,0,0,1,0,0,0,0,0,0,0,0,0,0,0,0,0,0,0,0,0,0,0,0,0,0,0,0,0,0,0,0,0,99,0,0,99,'Action: Pay 12 MC to place an ocean tile. TITANIUM MAY BE USED as if playing a space card.','1 VP for each Jovian tag you have.'),(13,3,2,27,'Space Elevator',-30,8,0,14,0,9,0,30,0,0,0,0,0,0,0,0,0,0,0,NULL,NULL,NULL,NULL,NULL,0,0,1,1000,NULL,0,1,1,0,0,0,0,0,0,0,0,0,0,0,0,0,1,0,0,0,0,0,0,0,0,0,0,0,0,0,0,0,0,0,0,0,0,0,0,0,0,2,'Action: Spend 1 steel to gain 5 MC','Increase your titanium production 1 step.'),(14,3,2,11,'Development Center',-30,8,0,14,0,9,0,30,0,0,0,0,0,0,0,0,0,0,0,NULL,NULL,NULL,NULL,NULL,0,0,1,1000,NULL,1,1,0,0,0,0,0,0,0,0,0,0,0,0,0,0,0,0,0,0,0,0,0,0,0,0,0,0,0,0,0,0,0,0,0,0,0,0,0,0,0,0,'Action: Spend 1 energy to draw a card.',''),(15,3,1,11,'Equatorial Magnetizer',-30,8,0,14,0,9,0,30,0,0,0,0,0,0,0,0,0,0,0,NULL,NULL,NULL,NULL,NULL,0,0,1,1000,NULL,0,1,0,0,0,0,0,0,0,0,0,0,0,0,0,0,0,0,0,0,0,0,0,0,0,0,0,0,0,0,0,0,0,0,0,0,0,0,0,0,99,0,'Action: Decrease your energy production 1 step to increase your terraforming rating 1 step.',''),(16,2,1,24,'Domed Crater',-30,8,0,7,0,9,0,30,0,0,0,0,0,0,0,0,0,0,0,NULL,NULL,NULL,NULL,NULL,0,0,1,1000,NULL,0,1,0,0,0,0,1,0,0,0,0,0,3,0,0,0,0,0,0,0,-1,0,0,0,0,0,0,0,0,0,3,0,0,0,0,0,0,0,0,0,0,1,'','Oxygen must be 7% or less. Gain 3 plants and place a city tile. Decrease your energy production 1 step and increase MC production 3 steps.'),(17,2,1,18,'Noctis City',-30,8,0,14,0,9,0,30,0,0,0,0,0,0,0,0,0,0,0,NULL,NULL,NULL,NULL,NULL,0,0,1,1000,NULL,0,1,0,0,0,0,1,0,0,0,0,0,3,0,0,0,0,0,0,0,-1,0,0,0,0,0,0,0,0,0,0,0,0,0,0,0,0,0,0,0,0,0,'','Decrease your energy production 1 step and increase your MC production 3 steps. Place a tile ON THE RESERVED AREA, disregarding normal placement restrictions.'),(18,2,1,28,'Methane From Titan',-30,8,2,14,0,9,0,30,0,0,0,0,0,0,0,0,0,0,0,NULL,NULL,NULL,NULL,NULL,0,0,1,1000,NULL,0,0,1,0,0,0,0,0,1,0,0,0,0,0,0,0,0,0,2,0,0,0,2,0,0,0,0,0,0,0,0,0,0,0,0,0,0,0,0,0,0,2,'','Requires 2% oxygen. Increase your heat production 2 steps and your plant production 2 steps.'),(19,1,1,16,'Imported Hydrogen',-30,8,0,14,0,9,0,30,0,0,0,0,0,0,0,0,0,0,0,NULL,NULL,NULL,NULL,NULL,0,0,1,1000,NULL,0,0,1,0,0,0,0,1,0,0,0,1,0,0,0,0,0,0,0,0,0,0,0,0,0,0,0,0,0,0,0,0,0,0,0,0,0,0,1,0,0,0,'','Gain 3 plants, or add 3 microbes or 2 animals to ANOTHER card. Place an ocean tile.'),(20,3,1,18,'Research Outpost',-30,8,0,14,0,9,0,30,0,0,0,0,0,0,0,0,0,0,0,NULL,NULL,NULL,NULL,NULL,0,0,1,1000,NULL,1,1,0,0,0,0,1,0,0,0,0,0,0,0,0,0,0,0,0,0,0,0,0,0,0,0,0,0,0,0,0,0,0,0,0,0,0,0,0,0,0,0,'Effect: When you play a card, you pay 1 MC less for it.','Place a city tile NEXT TO NO OTHER TILE.'),(21,2,1,25,'Phobos Space Haven',-30,8,0,14,0,9,0,30,0,0,0,0,0,0,0,0,0,0,0,NULL,NULL,NULL,NULL,NULL,0,0,1,1000,NULL,0,0,1,0,0,0,1,0,0,0,0,0,0,0,0,0,1,0,0,0,0,0,0,0,0,0,0,0,0,0,0,0,0,0,0,0,0,0,0,0,0,3,'','Increase your titanium production 1 step and place a city tile ON THE RESERVED AREA.'),(22,2,1,15,'Black Polar Dust',-30,8,0,14,0,9,0,30,0,0,0,0,0,0,0,0,0,0,0,NULL,NULL,NULL,NULL,NULL,0,0,1,1000,NULL,0,0,0,0,0,0,0,0,0,0,0,0,-2,0,0,0,0,0,0,0,0,0,3,0,0,0,0,0,0,0,0,0,0,0,0,0,0,0,1,0,0,0,'','Place an ocean tile. Decrease your MC production 2 steps and increase your heat production 3 steps.'),(23,3,1,12,'Arctic Algae',-30,-12,0,14,0,9,0,30,0,0,0,0,0,0,0,0,0,0,0,NULL,NULL,NULL,NULL,NULL,0,0,1,1000,NULL,0,0,0,0,1,0,0,0,0,0,0,0,0,0,0,0,0,0,0,0,0,0,0,0,0,0,0,0,0,0,0,0,0,0,0,0,0,0,0,0,0,0,'Effect: When anyone places an ocean tile, gain 2 plants.','It must be -12°C or colder to play. Gain 1 plant.'),(24,3,1,14,'Predators',-30,8,11,14,0,9,0,30,0,0,0,0,0,0,0,0,0,0,0,NULL,NULL,NULL,NULL,NULL,0,0,1,1000,NULL,0,0,0,0,0,1,0,0,0,0,0,0,0,0,0,0,0,0,0,0,0,0,0,0,0,0,0,0,0,0,0,0,0,0,0,0,0,0,0,0,0,99,'Action: Remove 1 animal from any card and add it to this card.','Requires 11% oxygen. 1 VP per animal on this card.'),(25,3,2,10,'Space Station',-30,8,0,14,0,9,0,30,0,0,0,0,0,0,0,0,0,0,0,NULL,NULL,NULL,NULL,NULL,0,0,1,1000,NULL,0,0,1,0,0,0,0,0,0,0,0,0,0,0,0,0,0,0,0,0,0,0,0,0,0,0,0,0,0,0,0,0,0,0,0,0,0,0,0,0,0,1,'Effect: When you play a space card, you pay 2 MC less for it.',''),(26,2,1,16,'Eos Chasma National Park',-12,8,0,14,0,9,0,30,0,0,0,0,0,0,0,0,0,0,0,NULL,NULL,NULL,NULL,NULL,0,0,1,1000,NULL,0,1,0,0,1,0,0,0,0,0,0,0,2,0,0,0,0,0,0,0,0,0,0,0,0,0,0,0,0,0,3,0,0,0,0,0,0,0,0,0,0,1,'','Requires -128°C  or warmer. Add 1 animal TO ANY ANIMAL CARD. Gain 3 plants. Increase your MC production 2 steps.'),(27,1,2,24,'Interstellar Colony Ship',-30,8,0,14,0,9,0,30,5,0,0,0,0,0,0,0,0,0,0,NULL,NULL,NULL,NULL,NULL,0,0,1,1000,NULL,0,0,1,0,0,0,0,1,0,0,0,1,0,0,0,0,0,0,0,0,0,0,0,0,0,0,0,0,0,0,0,0,0,0,0,0,0,0,0,0,0,0,'','Requires 5 science tags.'),(28,3,2,12,'Security Fleet',-30,8,0,14,0,9,0,30,0,0,0,0,0,0,0,0,0,0,0,NULL,NULL,NULL,NULL,NULL,0,0,1,1000,NULL,0,0,1,0,0,0,0,0,0,0,0,0,0,0,0,0,0,0,0,0,0,0,0,0,0,0,0,0,0,0,0,0,0,0,0,0,0,0,0,0,0,99,'Action: Spend 1 titanium to add 1 fighter resource to this card.','1 VP for each fighter resource on this card.'),(29,2,1,16,'Cupola City',-30,8,0,9,0,9,0,30,0,0,0,0,0,0,0,0,0,0,0,NULL,NULL,NULL,NULL,NULL,0,0,1,1000,NULL,0,1,0,0,0,0,1,0,0,0,0,0,3,0,0,0,0,0,0,0,-1,0,0,0,0,0,0,0,0,0,0,0,0,0,0,0,0,0,0,0,0,0,'','Oxygen must be 9% or less. Place a city tile. Decrease your energy production 1 step and increase your MC production 3 steps.'),(30,2,1,13,'Lunar Beam',-30,8,0,14,0,9,0,30,0,0,0,0,0,0,0,0,0,0,0,NULL,NULL,NULL,NULL,NULL,0,0,1,1000,NULL,0,0,0,0,0,0,0,1,0,1,0,0,-2,0,0,0,0,0,0,0,2,0,2,0,0,0,0,0,0,0,0,0,0,0,0,0,0,0,0,0,0,0,'','Decrease your MC production 2 steps and increase your heat production and energy production 2 steps each.'),(31,3,1,7,'Optimal Aerobraking',-30,8,0,14,0,9,0,30,0,0,0,0,0,0,0,0,0,0,0,NULL,NULL,NULL,NULL,NULL,0,0,1,1000,NULL,0,0,1,0,0,0,0,0,0,0,0,0,0,0,0,0,0,0,0,0,0,0,0,0,0,0,0,0,0,0,0,0,0,0,0,0,0,0,0,0,0,0,'Effect: When you place a space event, you gain 3 MC and 3 heat.',''),(32,2,1,18,'Underground City',-30,8,0,14,0,9,0,30,0,0,0,0,0,0,0,0,0,0,0,NULL,NULL,NULL,NULL,NULL,0,0,1,1000,NULL,0,1,0,0,0,0,1,0,0,0,0,0,0,0,2,0,0,0,0,0,-2,0,0,0,0,0,0,0,0,0,0,0,0,0,0,0,0,0,0,0,0,0,'','Place a city tile. Decrease your energy production 2 steps and increase your steel production 2 steps.'),(33,3,1,13,'Regolith Eaters',-30,8,0,14,0,9,0,30,0,0,0,0,0,0,0,0,0,0,0,NULL,NULL,NULL,NULL,NULL,0,0,1,1000,NULL,1,0,0,1,0,0,0,0,0,0,0,0,0,0,0,0,0,0,0,0,0,0,0,0,0,0,0,0,0,0,0,0,0,0,0,0,0,99,0,0,0,0,'Action: Add 1 microbe to this card, or remove 2 microbe from this card to raise oxygen level 1 step.',''),(34,3,1,8,'GHG Producing Bacteria',-30,8,4,14,0,9,0,30,0,0,0,0,0,0,0,0,0,0,0,NULL,NULL,NULL,NULL,NULL,0,0,1,1000,NULL,1,0,0,1,0,0,0,0,0,0,0,0,0,0,0,0,0,0,0,0,0,0,0,0,0,0,0,0,0,0,0,0,0,0,0,0,99,0,0,0,0,0,'Action: Add 1 microbe to this card, or remove 2 microbes to raise temperature 1 step.','Requires 4% oxygen.'),(35,3,1,9,'Ants',-30,8,4,14,0,9,0,30,0,0,0,0,0,0,0,0,0,0,0,NULL,NULL,NULL,NULL,NULL,0,0,1,1000,NULL,0,0,0,1,0,0,0,0,0,0,0,0,0,0,0,0,0,0,0,0,0,0,0,0,0,0,0,0,0,0,0,0,0,0,0,0,0,0,0,0,0,99,'Action: Remove 1 microbe from any card to add 1 to this card.','Requires 4% oxygen. 1 VP per 2 microbes on this card.'),(36,1,1,14,'Release of Inert Gases',-30,8,0,14,0,9,0,30,0,0,0,0,0,0,0,0,0,0,0,NULL,NULL,NULL,NULL,NULL,0,0,1,1000,NULL,0,0,0,0,0,0,0,0,0,0,0,1,0,0,0,0,0,0,0,0,0,0,0,0,0,0,0,0,0,0,0,0,0,0,0,0,0,0,0,0,2,0,'','Raise your terraform rating 2 steps.'),(37,1,1,31,'Nitrogen-Rich Asteroid',-30,8,0,14,0,9,0,30,0,0,0,0,0,0,0,0,0,0,0,NULL,NULL,NULL,NULL,NULL,0,0,1,1000,NULL,1,0,0,0,0,0,0,0,0,0,0,1,0,0,0,0,0,0,0,0,0,0,0,0,0,0,0,0,0,0,0,0,0,0,0,0,1,0,0,0,2,0,'','Raise your terraforming rating 2 steps and temperature 1 step. Increase your plant production 1 step, or 4 steps if you have 3 plant tags.'),(38,3,1,8,'Rover Construction',-30,8,0,14,0,9,0,30,0,0,0,0,0,0,0,0,0,0,0,NULL,NULL,NULL,NULL,NULL,0,0,1,1000,NULL,0,1,0,0,0,0,0,0,0,0,0,0,0,0,0,0,0,0,0,0,0,0,0,0,0,0,0,0,0,0,0,0,0,0,0,0,0,0,0,0,0,1,'Effect: When any city tile is placed, gain 2 MC',''),(39,1,1,31,'Deimos Down',-30,8,0,14,0,9,0,30,0,0,0,0,0,0,0,0,0,0,0,NULL,NULL,NULL,NULL,NULL,0,0,1,1000,NULL,0,0,1,0,0,0,0,0,0,0,0,1,0,0,0,0,0,0,0,0,0,0,0,0,0,0,4,0,0,0,0,0,0,0,0,0,3,0,0,0,0,0,'','Raise temperature 3 steps and gain 4 steel. Remove up to 8 plants from any player.'),(40,2,1,30,'Asteroid Mining',-30,8,0,14,0,9,0,30,0,0,0,0,0,0,0,0,0,0,0,NULL,NULL,NULL,NULL,NULL,0,0,1,1000,NULL,0,0,1,0,0,0,0,0,1,0,0,0,0,0,0,0,2,0,0,0,0,0,0,0,0,0,0,0,0,0,0,0,0,0,0,0,0,0,0,0,0,2,'','Increase your titanium production 2 steps.'),(41,2,1,12,'Food Factory',-30,8,0,14,0,9,0,30,0,0,0,0,0,0,0,0,0,0,0,NULL,NULL,NULL,NULL,NULL,0,0,1,1000,NULL,0,1,0,0,0,0,0,0,0,0,0,0,4,0,0,0,0,0,-1,0,0,0,0,0,0,0,0,0,0,0,0,0,0,0,0,0,0,0,0,0,0,1,'','Decrease your plant production 1 step and increase your MC production 4 steps.'),(42,2,1,6,'Archaebacteria',-30,-18,0,14,0,9,0,30,0,0,0,0,0,0,0,0,0,0,0,NULL,NULL,NULL,NULL,NULL,0,0,1,1000,NULL,0,0,0,1,0,0,0,0,0,0,0,0,0,0,0,0,0,0,1,0,0,0,0,0,0,0,0,0,0,0,0,0,0,0,0,0,0,0,0,0,0,0,'','It must be -18°C or colder. Increase your plant production 1 step.'),(43,2,1,6,'Carbonate Processing',-30,8,0,14,0,9,0,30,0,0,0,0,0,0,0,0,0,0,0,NULL,NULL,NULL,NULL,NULL,0,0,1,1000,NULL,0,1,0,0,0,0,0,0,0,0,0,0,0,0,0,0,0,0,0,0,-1,0,3,0,0,0,0,0,0,0,0,0,-1,0,0,0,0,0,0,0,0,0,'','Decrease your energy production 1 step and increase your heat production 3 steps.'),(44,2,1,9,'Natural Preserve',-30,8,0,4,0,9,0,30,0,0,0,0,0,0,0,0,0,0,0,NULL,NULL,NULL,NULL,NULL,0,0,1,1000,NULL,1,1,0,0,0,0,0,0,0,0,0,0,1,0,0,0,0,0,0,0,0,0,0,0,0,0,0,0,0,0,0,0,0,0,0,0,0,0,0,0,0,0,'','Oxygen must be 4% or less. Place this tile NEXT TO NO OTHER TILE. Increase your MC production 1 step.'),(45,2,1,10,'Nuclear Power',-30,8,0,14,0,9,0,30,0,0,0,0,0,0,0,0,0,0,0,NULL,NULL,NULL,NULL,NULL,0,0,1,1000,NULL,0,1,0,0,0,0,0,0,0,1,0,0,-2,0,0,0,0,0,0,0,3,0,0,0,0,0,0,0,0,0,0,0,0,0,0,0,0,0,0,0,0,0,'','Decrease your MC production 2 steps and increase your energy production 3 steps.'),(46,2,2,8,'Lightning Harvest',-30,8,0,14,0,9,0,30,3,0,0,0,0,0,0,0,0,0,0,NULL,NULL,NULL,NULL,NULL,0,0,1,1000,NULL,0,0,0,0,0,0,0,0,0,1,0,0,1,0,0,0,0,0,0,0,1,0,0,0,0,0,0,0,0,0,0,0,0,0,0,0,0,0,0,0,0,1,'','Requires 3 science tags. Increase your energy production and your MC production 1 step each.'),(47,2,1,10,'Algae',-30,8,0,14,5,9,0,30,0,0,0,0,0,0,0,0,0,0,0,NULL,NULL,NULL,NULL,NULL,0,0,1,1000,NULL,0,0,0,0,1,0,0,0,0,0,0,0,0,0,0,0,0,0,2,0,0,0,0,0,0,0,0,0,0,0,1,0,0,0,0,0,0,0,0,0,0,0,'','Requires 5 ocean tiles. Gain 1 plant and increase your plant production 2 steps.'),(48,2,1,9,'Adapted Lichen',-30,8,0,14,0,9,0,30,0,0,0,0,0,0,0,0,0,0,0,NULL,NULL,NULL,NULL,NULL,0,0,1,1000,NULL,0,0,0,0,1,0,0,0,0,0,0,0,0,0,0,0,0,0,1,0,0,0,0,0,0,0,0,0,0,0,0,0,0,0,0,0,0,0,0,0,0,0,'','Increase your plant production 1 step.'),(49,3,2,4,'Tardigrades',-30,8,0,14,0,9,0,30,0,0,0,0,0,0,0,0,0,0,0,NULL,NULL,NULL,NULL,NULL,0,0,1,1000,NULL,0,0,0,1,0,0,0,0,0,0,0,0,0,0,0,0,0,0,0,0,0,0,0,0,0,0,0,0,0,0,0,0,0,0,0,0,0,0,0,0,0,99,'Action: Add 1 microbe to this card.','1 VP per 4 microbes on this card.'),(50,1,2,1,'Virus',-30,8,0,14,0,9,0,30,0,0,0,0,0,0,0,0,0,0,0,NULL,NULL,NULL,NULL,NULL,0,0,1,1000,NULL,0,0,0,1,0,0,0,0,0,0,0,1,0,0,0,0,0,0,0,0,0,0,0,0,0,0,0,0,0,0,0,0,0,0,0,0,0,0,0,0,0,0,'','Remove up to 2 animals or 5 plants from any player.'),(51,2,2,12,'Miranda Resort',-30,8,0,14,0,9,0,30,0,0,0,0,0,0,0,0,0,0,0,NULL,NULL,NULL,NULL,NULL,0,0,1,1000,NULL,0,0,1,0,0,0,0,0,1,0,0,0,0,0,0,0,0,0,0,0,0,0,0,0,0,0,0,0,0,0,0,0,0,0,0,0,0,0,0,0,0,1,'','Increase your MC production 1 step for each Earth tag you have.'),(52,3,1,9,'Fish',2,8,0,14,0,9,0,30,0,0,0,0,0,0,0,0,0,0,0,NULL,NULL,NULL,NULL,NULL,0,0,1,1000,NULL,0,0,0,0,0,1,0,0,0,0,0,0,0,0,0,0,0,0,0,0,0,0,0,0,0,0,0,0,0,0,0,0,0,0,0,0,0,0,0,0,0,99,'Action: Add 1 animal to this card.','Requires 2°C or warmer. Decrease any plant production 1 step. 1 VP for each animal on this card.'),(53,2,1,18,'Lake Marineris',0,8,0,14,0,9,0,30,0,0,0,0,0,0,0,0,0,0,0,NULL,NULL,NULL,NULL,NULL,0,0,1,1000,NULL,0,0,0,0,0,0,0,0,0,0,0,0,0,0,0,0,0,0,0,0,0,0,0,0,0,0,0,0,0,0,0,0,0,0,0,0,0,0,2,0,0,2,'','Requires 0°C or warmer. Place 2 ocean tiles.'),(54,3,1,6,'Small Animals',-30,8,6,14,0,9,0,30,0,0,0,0,0,0,0,0,0,0,0,NULL,NULL,NULL,NULL,NULL,0,0,1,1000,NULL,0,0,0,0,0,1,0,0,0,0,0,0,0,0,0,0,0,0,0,0,0,0,0,0,0,0,0,0,0,0,0,0,0,0,0,0,0,0,0,0,0,99,'Action: Add 1 animal to this card.','Requires 6% oxygen. Decrease any plant production 1 step. 1 VP per 2 animals on this card.'),(55,2,1,17,'Kelp Farming',-30,8,0,14,6,9,0,30,0,0,0,0,0,0,0,0,0,0,0,NULL,NULL,NULL,NULL,NULL,0,0,1,1000,NULL,0,0,0,0,0,0,0,0,0,0,0,0,2,0,0,0,0,0,3,0,0,0,0,0,0,0,0,0,0,0,2,0,0,0,0,0,0,0,0,0,0,1,'','Requires 6 ocean tiles. Increase your MC production 2 steps and your plant production 3 steps. Gain 2 plants.'),(56,2,2,4,'Mine',-30,8,0,14,0,9,0,30,0,0,0,0,0,0,0,0,0,0,0,NULL,NULL,NULL,NULL,NULL,0,0,1,1000,NULL,0,1,0,0,0,0,0,0,0,0,0,0,0,0,1,0,0,0,0,0,0,0,0,0,0,0,0,0,0,0,0,0,0,0,0,0,0,0,0,0,0,0,'','Increase your steel production 1 step.'),(57,2,2,15,'Vesta Shipyard',-30,8,0,14,0,9,0,30,0,0,0,0,0,0,0,0,0,0,0,NULL,NULL,NULL,NULL,NULL,0,0,1,1000,NULL,0,0,1,0,0,0,0,0,1,0,0,0,0,0,0,0,1,0,0,0,0,0,0,0,0,0,0,0,0,0,0,0,0,0,0,0,0,0,0,0,0,1,'','Increase your titanium production 1 step.'),(58,2,1,32,'Beam From a Thorium Asteroid',-30,8,0,14,0,9,0,30,0,0,0,0,0,0,0,0,1,0,0,NULL,NULL,NULL,NULL,NULL,0,0,1,1000,NULL,0,0,1,0,0,0,0,0,1,1,0,0,0,0,0,0,0,0,0,0,3,0,3,0,0,0,0,0,0,0,0,0,0,0,0,0,0,0,0,0,0,1,'','Requires a Jovian tag. Increase your heat production and energy production 3 steps each.'),(59,2,1,12,'Mangrove',4,8,0,14,0,9,0,30,0,0,0,0,0,0,0,0,0,0,0,NULL,NULL,NULL,NULL,NULL,0,0,1,1000,NULL,0,0,0,0,1,0,0,0,0,0,0,0,0,0,0,0,0,0,0,0,0,0,0,0,0,0,0,0,0,0,0,0,0,0,0,0,0,1,0,0,0,1,'','Requires +4°C or warmer. Place a Greenery tile ON AN AREA RESERVED FOR OCEAN and raise oxygen 1 step. Disregard normal placement restrictions for this.'),(60,2,1,13,'Trees',-4,8,0,14,0,9,0,30,0,0,0,0,0,0,0,0,0,0,0,NULL,NULL,NULL,NULL,NULL,0,0,1,1000,NULL,0,0,0,0,1,0,0,0,0,0,0,0,0,0,0,0,0,0,3,0,0,0,0,0,0,0,0,0,0,0,1,0,0,0,0,0,0,0,0,0,0,1,'','Requires -4°C or warmer. Increase your plant production 3 steps. Gain 1 plant.'),(61,2,2,6,'Great Escarpment Consortium',-30,8,0,14,0,9,0,30,0,0,0,0,0,0,0,0,0,0,0,NULL,NULL,NULL,NULL,NULL,0,0,1,1000,NULL,0,0,0,0,0,0,0,0,0,0,0,0,0,0,0,0,0,0,0,0,0,0,0,0,0,0,0,0,0,0,0,0,0,0,0,0,0,0,0,0,0,0,'','Requires that you have steel production. Decrease any steel production 1 step and increase your own 1 step'),(62,1,2,5,'Mineral Deposit',-30,8,0,14,0,9,0,30,0,0,0,0,0,0,0,0,0,0,0,NULL,NULL,NULL,NULL,NULL,0,0,1,1000,NULL,0,0,0,0,0,0,0,0,0,0,0,1,0,0,0,0,0,0,0,0,0,0,0,0,0,0,5,0,0,0,0,0,0,0,0,0,0,0,0,0,0,0,'','Gain 5 steel.'),(63,1,1,12,'Mining Expedition',-30,8,0,14,0,9,0,30,0,0,0,0,0,0,0,0,0,0,0,NULL,NULL,NULL,NULL,NULL,0,0,1,1000,NULL,0,0,0,0,0,0,0,0,0,0,0,1,0,0,0,0,0,0,0,0,0,0,0,0,0,0,2,0,0,0,0,0,0,0,0,0,0,1,0,0,0,0,'','Raise oxygen 1 step. Remove 2 plants from any player. Gain 2 steel.'),(64,2,2,4,'Mining Area',-30,8,0,14,0,9,0,30,0,0,0,0,0,0,0,0,0,0,0,NULL,NULL,NULL,NULL,NULL,0,0,1,1000,NULL,0,1,0,0,0,0,0,0,0,0,0,0,0,0,0,0,0,0,0,0,0,0,0,0,0,0,0,0,0,0,0,0,0,0,0,0,0,0,0,0,0,0,'','Place [the mining] tile on an area with a steel or titanium placement bonus, adjacent to another of your tiles. Increase your production of that resource 1 step.'),(65,2,2,6,'Building Industries',-30,8,0,14,0,9,0,30,0,0,0,0,0,0,0,0,0,0,0,NULL,NULL,NULL,NULL,NULL,0,0,1,1000,NULL,0,1,0,0,0,0,0,0,0,0,0,0,0,0,2,0,0,0,0,0,-1,0,0,0,0,0,0,0,0,0,0,0,0,0,0,0,0,0,0,0,0,0,'','Decrease your energy production 1 step and increase your steel production 2 steps.'),(66,1,2,1,'Land Claim',-30,8,0,14,0,9,0,30,0,0,0,0,0,0,0,0,0,0,0,NULL,NULL,NULL,NULL,NULL,0,0,1,1000,NULL,0,0,0,0,0,0,0,0,0,0,0,1,0,0,0,0,0,0,0,0,0,0,0,0,0,0,0,0,0,0,0,0,0,0,0,0,0,0,0,0,0,0,'','Place your marker on a non-reserved area. Only you may place a tile here'),(67,2,1,9,'Mining Rights',-30,8,0,14,0,9,0,30,0,0,0,0,0,0,0,0,0,0,0,NULL,NULL,NULL,NULL,NULL,0,0,1,1000,NULL,0,1,0,0,0,0,0,0,0,0,0,0,0,0,0,0,0,0,0,0,0,0,0,0,0,0,0,0,0,0,0,0,0,0,0,0,0,0,0,0,0,0,'','Place [the mining] tile on an area with a steel or titanium placement bonus. Increase that production 1 step.'),(68,2,2,6,'Sponsors',-30,8,0,14,0,9,0,30,0,0,0,0,0,0,0,0,0,0,0,NULL,NULL,NULL,NULL,NULL,0,0,1,1000,NULL,0,0,0,0,0,0,0,1,0,0,0,0,2,0,0,0,0,0,0,0,0,0,0,0,0,0,0,0,0,0,0,0,0,0,0,0,0,0,0,0,0,0,'','Increase your MC production 2  steps.'),(69,3,2,17,'Electro Catapult',-30,8,0,8,0,9,0,30,0,0,0,0,0,0,0,0,0,0,0,NULL,NULL,NULL,NULL,NULL,0,0,1,1000,NULL,0,1,0,0,0,0,0,0,0,0,0,0,0,0,0,0,0,0,0,0,-1,0,0,0,0,0,0,0,0,0,0,0,0,0,0,0,0,0,0,0,0,1,'Action: Spend 1 plant or 1 steel to gain 7 MC','Oxygen must be 8% or less. Decrease your energy production 1 step.'),(70,3,2,23,'Earth Catapult',-30,8,0,14,0,9,0,30,0,0,0,0,0,0,0,0,0,0,0,NULL,NULL,NULL,NULL,NULL,0,0,1,1000,NULL,0,0,0,0,0,0,0,1,0,0,0,0,0,0,0,0,0,0,0,0,0,0,0,0,0,0,0,0,0,0,0,0,0,0,0,0,0,0,0,0,0,2,'Effect: when you play a card, you pay 2 MC less for it.',''),(71,3,2,9,'Advanced Alloys',-30,8,0,14,0,9,0,30,0,0,0,0,0,0,0,0,0,0,0,NULL,NULL,NULL,NULL,NULL,0,0,1,1000,NULL,1,0,0,0,0,0,0,0,0,0,0,0,0,0,0,0,0,0,0,0,0,0,0,0,0,0,0,0,0,0,0,0,0,0,0,0,0,0,0,0,0,0,'Effect: Each titanium you have is worth 1MC extra. Each steel you have is worth 1 MC extra.',''),(72,3,1,10,'Birds',-30,8,13,14,0,9,0,30,0,0,0,0,0,0,0,0,0,0,0,NULL,NULL,NULL,NULL,NULL,0,0,1,1000,NULL,0,0,0,0,0,1,0,0,0,0,0,0,0,0,0,0,0,0,0,0,0,0,0,0,0,0,0,0,0,0,0,0,0,0,0,0,0,0,0,0,0,99,'Action: Add an animal to this card.','Requires 13% oxygen. Decrease any plant production 2 steps. 1 VP for each animal on this card'),(73,3,2,8,'Mars University',-30,8,0,14,0,9,0,30,0,0,0,0,0,0,0,0,0,0,0,NULL,NULL,NULL,NULL,NULL,0,0,1,1000,NULL,1,1,0,0,0,0,0,0,0,0,0,0,0,0,0,0,0,0,0,0,0,0,0,0,0,0,0,0,0,0,0,0,0,0,0,0,0,0,0,0,0,1,'Effect: When you play a science tag, including this, you may discard a card from hand to draw a card.',''),(74,3,2,9,'Viral Enhancers',-30,8,0,14,0,9,0,30,0,0,0,0,0,0,0,0,0,0,0,NULL,NULL,NULL,NULL,NULL,0,0,1,1000,NULL,1,0,0,1,0,0,0,0,0,0,0,0,0,0,0,0,0,0,0,0,0,0,0,0,0,0,0,0,0,0,0,0,0,0,0,0,0,0,0,0,0,0,'Effect: When you play a plant, microbe, or an animal tag, including this, gain 1 plant or add 1 resource TO THAT CARD.',''),(75,1,1,23,'Towing a Comet',-30,8,0,14,0,9,0,30,0,0,0,0,0,0,0,0,0,0,0,NULL,NULL,NULL,NULL,NULL,0,0,1,1000,NULL,0,0,1,0,0,0,0,0,0,0,0,1,0,0,0,0,0,0,0,0,0,0,0,0,0,0,0,0,0,0,2,0,0,0,0,0,0,1,1,0,0,0,'','Gain 2 plants. Raise oxygen level 1 step and place an ocean tile.'),(76,3,1,3,'Space Mirrors',-30,8,0,14,0,9,0,30,0,0,0,0,0,0,0,0,0,0,0,NULL,NULL,NULL,NULL,NULL,0,0,1,1000,NULL,0,0,1,0,0,0,0,0,0,1,0,0,0,0,0,0,0,0,0,0,0,0,0,0,0,0,0,0,0,0,0,0,0,0,0,0,0,0,0,0,0,0,'Action: Spend 7MC to increase your energy production 1 step.',''),(77,2,1,11,'Solar Wind Power',-30,8,0,14,0,9,0,30,0,0,0,0,0,0,0,0,0,0,0,NULL,NULL,NULL,NULL,NULL,0,0,1,1000,NULL,1,0,1,0,0,0,0,0,0,1,0,0,0,0,0,0,0,0,0,0,1,0,0,0,0,0,0,0,2,0,0,0,0,0,0,0,0,0,0,0,0,0,'','Increase your energy production 1 step and gain 2 titanium.'),(78,1,1,23,'Ice Asteroid',-30,8,0,14,0,9,0,30,0,0,0,0,0,0,0,0,0,0,0,NULL,NULL,NULL,NULL,NULL,0,0,1,1000,NULL,0,0,1,0,0,0,0,0,0,0,0,1,0,0,0,0,0,0,0,0,0,0,0,0,0,0,0,0,0,0,0,0,0,0,0,0,0,0,2,0,0,0,'','Place 2 ocean tiles.'),(79,3,2,13,'Quantum Extractor',-30,8,0,14,0,9,0,30,4,0,0,0,0,0,0,0,0,0,0,NULL,NULL,NULL,NULL,NULL,0,0,1,1000,NULL,1,0,0,0,0,0,0,0,0,1,0,0,0,0,0,0,0,0,0,0,4,0,0,0,0,0,0,0,0,0,0,0,0,0,0,0,0,0,0,0,0,0,'Effect: When you play a space card, you pay 2 MC less for it',''),(80,1,1,36,'Giant Ice Asteroid',-30,8,0,14,0,9,0,30,0,0,0,0,0,0,0,0,0,0,0,NULL,NULL,NULL,NULL,NULL,0,0,1,1000,NULL,0,0,1,0,0,0,0,0,0,0,0,1,0,0,0,0,0,0,0,0,0,0,0,0,0,0,0,0,0,0,0,0,0,0,0,0,2,0,2,0,0,0,'','Raise temperature 2 steps and place 2 ocean tiles. Remove up to 6 plants from any plyer.'),(81,2,1,20,'Ganymede Colony',-30,8,0,14,0,9,0,30,0,0,0,0,0,0,0,0,0,0,0,NULL,NULL,NULL,NULL,NULL,0,0,1,1000,NULL,0,0,1,0,0,0,1,0,1,0,0,0,0,0,0,0,0,0,0,0,0,0,0,0,0,0,0,0,0,0,0,0,0,0,0,0,0,0,0,0,0,99,'','Place a city tile ON THE RESERVED AREA [for Ganymede Colony]. 1 VP per Jovian tag you have.'),(82,2,2,24,'Callisto Penal Mines',-30,8,0,14,0,9,0,30,0,0,0,0,0,0,0,0,0,0,0,NULL,NULL,NULL,NULL,NULL,0,0,1,1000,NULL,0,0,1,0,0,0,0,0,1,0,0,0,3,0,0,0,0,0,0,0,0,0,0,0,0,0,0,0,0,0,0,0,0,0,0,0,0,0,0,0,0,2,'','Increase your MC production 3 steps.'),(83,2,1,17,'Giant Space Mirror',-30,8,0,14,0,9,0,30,0,0,0,0,0,0,0,0,0,0,0,NULL,NULL,NULL,NULL,NULL,0,0,1,1000,NULL,0,0,1,0,0,0,0,0,0,1,0,0,0,0,0,0,0,0,0,0,3,0,0,0,0,0,0,0,0,0,0,0,0,0,0,0,0,0,0,0,0,0,'','Increase your energy production 3 steps.'),(84,2,2,6,'Trans-Neptune Probe',-30,8,0,14,0,9,0,30,0,0,0,0,0,0,0,0,0,0,0,NULL,NULL,NULL,NULL,NULL,0,0,1,1000,NULL,1,0,1,0,0,0,0,0,0,0,0,0,0,0,0,0,0,0,0,0,0,0,0,0,0,0,0,0,0,0,0,0,0,0,0,0,0,0,0,0,0,0,'',''),(85,2,2,16,'Commercial District',-30,8,0,14,0,9,0,30,0,0,0,0,0,0,0,0,0,0,0,NULL,NULL,NULL,NULL,NULL,0,0,1,1000,NULL,0,1,0,0,0,0,0,0,0,0,0,0,4,0,0,0,0,0,0,0,-1,0,0,0,0,0,0,0,0,0,0,0,0,0,0,0,0,0,0,0,0,99,'','Decrease your energy production 1 step and increase your MC production 4 steps. Place [the commercial district] tile. 1 VP PER ADJACENT CITY TILE.'),(86,2,2,9,'Robotic Workforce',-30,8,0,14,0,9,0,30,0,0,0,0,0,0,0,0,0,0,0,NULL,NULL,NULL,NULL,NULL,0,0,1,1000,NULL,1,0,0,0,0,0,0,0,0,0,0,0,0,0,0,0,0,0,0,0,0,0,0,0,0,0,0,0,0,0,0,0,0,0,0,0,0,0,0,0,0,0,'','Duplicate only the production box of one of your building cards.'),(87,2,1,11,'Grass',-16,8,0,14,0,9,0,30,0,0,0,0,0,0,0,0,0,0,0,NULL,NULL,NULL,NULL,NULL,0,0,1,1000,NULL,0,0,0,0,1,0,0,0,0,0,0,0,0,0,0,0,0,0,1,0,0,0,0,0,0,0,0,0,0,0,3,0,0,0,0,0,0,0,0,0,0,0,'','Requires -16°C or warmer. Increase your plant production 1 step. Gain 3 plants.'),(88,2,1,6,'Heather',-14,8,0,14,0,9,0,30,0,0,0,0,0,0,0,0,0,0,0,NULL,NULL,NULL,NULL,NULL,0,0,1,1000,NULL,0,0,0,0,1,0,0,0,0,0,0,0,0,0,0,0,0,0,1,0,0,0,0,0,0,0,0,0,0,0,1,0,0,0,0,0,0,0,0,0,0,0,'','Requires -14°C or warmer. Increase your plant production 1 step. Gain 1 plant.'),(89,2,1,7,'Peroxide Power',-30,8,0,14,0,9,0,30,0,0,0,0,0,0,0,0,0,0,0,NULL,NULL,NULL,NULL,NULL,0,0,1,1000,NULL,0,1,0,0,0,0,0,0,0,1,0,0,-1,0,0,0,0,0,0,0,2,0,0,0,0,0,0,0,0,0,0,0,0,0,0,0,0,0,0,0,0,0,'','Decrease your MC production 1 step and increase your energy production 2 steps.'),(90,2,2,11,'Research',-30,8,0,14,0,9,0,30,0,0,0,0,0,0,0,0,0,0,0,NULL,NULL,NULL,NULL,NULL,0,0,1,1000,NULL,2,0,0,0,0,0,0,0,0,0,0,0,0,0,0,0,0,0,0,0,0,0,0,0,0,0,0,0,0,0,0,0,0,0,0,0,0,0,0,0,0,2,'','Counts as playing 2 science cards. Draw 2 cards.'),(91,2,2,12,'Gene Repair',-30,8,0,14,0,9,0,30,3,0,0,0,0,0,0,0,0,0,0,NULL,NULL,NULL,NULL,NULL,0,0,1,1000,NULL,1,0,0,0,0,0,0,0,0,0,0,0,2,0,0,0,0,0,0,0,0,0,0,0,0,0,0,0,0,0,0,0,0,0,0,0,0,0,0,0,0,2,'','Requires 3 science tags. Increase your MC production 2 steps.'),(92,2,2,41,'Io Mining Industries',-30,8,0,14,0,9,0,30,0,0,0,0,0,0,0,0,0,0,0,NULL,NULL,NULL,NULL,NULL,0,0,1,1000,NULL,0,0,1,0,0,0,0,0,1,0,0,0,2,0,0,0,2,0,0,0,0,0,0,0,0,0,0,0,0,0,0,0,0,0,0,0,0,0,0,0,0,99,'','Increase your titanium production 2 steps and your MC production 2 steps. 1 VP per Jovian tag you have.'),(93,2,1,10,'Bushes',-10,8,0,14,0,9,0,30,0,0,0,0,0,0,0,0,0,0,0,NULL,NULL,NULL,NULL,NULL,0,0,1,1000,NULL,0,0,0,0,1,0,0,0,0,0,0,0,0,0,0,0,0,0,2,0,0,0,0,0,0,0,0,0,0,0,2,0,0,0,0,0,0,0,0,0,0,0,'','Requires -10°C or warmer. Increase your plant production 2 steps. Gain 2 plants.'),(94,3,2,8,'Mass Converter',-30,8,0,14,0,9,0,30,5,0,0,0,0,0,0,0,0,0,0,NULL,NULL,NULL,NULL,NULL,0,0,1,1000,NULL,1,0,0,0,0,0,0,0,0,1,0,0,0,0,0,0,0,0,0,0,6,0,0,0,0,0,0,0,0,0,0,0,0,0,0,0,0,0,0,0,0,0,'Effect: When you play a space card, you pay 2 MC less for it.','Requires 5 science tags. Increase your energy production 6 steps.'),(95,3,2,12,'Physics Complex',-30,8,0,14,0,9,0,30,0,0,0,0,0,0,0,0,0,0,0,NULL,NULL,NULL,NULL,NULL,0,0,1,1000,NULL,1,1,0,0,0,0,0,0,0,0,0,0,0,0,0,0,0,0,0,0,0,0,0,0,0,0,0,0,0,0,0,0,0,0,0,0,0,0,0,0,0,99,'Action: Spend 6 energy to add a science resource to this card.','2 VP for each science resource on this card.'),(96,2,1,6,'Greenhouses',-30,8,0,14,0,9,0,30,0,0,0,0,0,0,0,0,0,0,0,NULL,NULL,NULL,NULL,NULL,0,0,1,1000,NULL,0,1,0,0,1,0,0,0,0,0,0,0,0,0,0,0,0,0,0,0,0,0,0,0,0,0,0,0,0,0,0,0,0,0,0,0,0,0,0,0,0,0,'','Gain 1 plant for each city tile in play.'),(97,2,1,10,'Nuclear Zone',-30,8,0,14,0,9,0,30,0,0,0,0,0,0,0,0,0,0,0,NULL,NULL,NULL,NULL,NULL,0,0,1,1000,NULL,0,0,0,0,0,0,0,1,0,0,0,0,0,0,0,0,0,0,0,0,0,0,0,0,0,0,0,0,0,0,0,0,0,0,0,0,2,0,0,0,0,-2,'','Place [the nuclear zone] tile and raise the temperature 2 steps.'),(98,2,2,13,'Tropical Resort',-30,8,0,14,0,9,0,30,0,0,0,0,0,0,0,0,0,0,0,NULL,NULL,NULL,NULL,NULL,0,0,1,1000,NULL,0,1,0,0,0,0,0,0,0,0,0,0,3,0,0,0,0,0,0,0,0,0,-2,0,0,0,0,0,0,0,0,0,0,0,0,0,0,0,0,0,0,2,'','Decrease your heat production 2 steps and increase your MC production 3 steps.'),(99,2,2,12,'Toll Station',-30,8,0,14,0,9,0,30,0,0,0,0,0,0,0,0,0,0,0,NULL,NULL,NULL,NULL,NULL,0,0,1,1000,NULL,0,0,1,0,0,0,0,0,0,0,0,0,0,0,0,0,0,0,0,0,0,0,0,0,0,0,0,0,0,0,0,0,0,0,0,0,0,0,0,0,0,0,'','Increase your MC production 1 step for each space tag your OPPONENTS have.'),(100,2,1,1,'Fueled Generators',-30,8,0,14,0,9,0,30,0,0,0,0,0,0,0,0,0,0,0,NULL,NULL,NULL,NULL,NULL,0,0,1,1000,NULL,0,1,0,0,0,0,0,0,0,1,0,0,-1,0,0,0,0,0,0,0,1,0,0,0,0,0,0,0,0,0,0,0,0,0,0,0,0,0,0,0,0,0,'','Decrease your MC production 1 step and increase your energy production 1 step.'),(101,3,1,11,'Ironworks',-30,8,0,14,0,9,0,30,0,0,0,0,0,0,0,0,0,0,0,NULL,NULL,NULL,NULL,NULL,0,0,1,1000,NULL,0,1,0,0,0,0,0,0,0,0,0,0,0,0,0,0,0,0,0,0,0,0,0,0,0,0,0,0,0,0,0,0,0,0,0,0,0,99,0,0,0,0,'Action: Spend 4 energy to gain 1 steel and increase oxygen 1 step.',''),(102,2,1,18,'Power Grid',-30,8,0,14,0,9,0,30,0,0,0,0,0,0,0,0,0,0,0,NULL,NULL,NULL,NULL,NULL,0,0,1,1000,NULL,0,0,0,0,0,0,0,0,0,1,0,0,0,0,0,0,0,0,0,0,0,0,0,0,0,0,0,0,0,0,0,0,0,0,0,0,0,0,0,0,0,0,'','Increase your energy production 1 step for each power tag you have, including this.)'),(103,3,1,15,'Steelworks',-30,8,0,14,0,9,0,30,0,0,0,0,0,0,0,0,0,0,0,NULL,NULL,NULL,NULL,NULL,0,0,1,1000,NULL,0,1,0,0,0,0,0,0,0,0,0,0,0,0,0,0,0,0,0,0,0,0,0,0,0,0,0,0,0,0,0,0,0,0,0,0,0,99,0,0,0,0,'Action: Spend 4 energy to gain 2 steel and increase oxygen 1 step.',''),(104,3,1,13,'Ore Processor',-30,8,0,14,0,9,0,30,0,0,0,0,0,0,0,0,0,0,0,NULL,NULL,NULL,NULL,NULL,0,0,1,1000,NULL,0,1,0,0,0,0,0,0,0,0,0,0,0,0,0,0,0,0,0,0,0,0,0,0,0,0,0,0,0,0,0,0,0,0,0,0,0,99,0,0,0,0,'Action: Spend 4 energy to gain 1 titanium and increase oxygen 1 step.',''),(105,3,2,1,'Earth Office',-30,8,0,14,0,9,0,30,0,0,0,0,0,0,0,0,0,0,0,NULL,NULL,NULL,NULL,NULL,0,0,1,1000,NULL,0,0,0,0,0,0,0,1,0,0,0,0,0,0,0,0,0,0,0,0,0,0,0,0,0,0,0,0,0,0,0,0,0,0,0,0,0,0,0,0,0,0,'Effect: When you play an Earth tag, you pay 3 MC less for it.',''),(106,2,2,10,'Acquired Company',-30,8,0,14,0,9,0,30,0,0,0,0,0,0,0,0,0,0,0,NULL,NULL,NULL,NULL,NULL,0,0,1,1000,NULL,0,0,0,0,0,0,0,1,0,0,0,0,3,0,0,0,0,0,0,0,0,0,0,0,0,0,0,0,0,0,0,0,0,0,0,0,0,0,0,0,0,0,'','Increase your MC production 3 steps.'),(107,2,2,8,'Media Archives',-30,8,0,14,0,9,0,30,0,0,0,0,0,0,0,0,0,0,0,NULL,NULL,NULL,NULL,NULL,0,0,1,1000,NULL,0,0,0,0,0,0,0,1,0,0,0,0,0,0,0,0,0,0,0,0,0,0,0,0,0,0,0,0,0,0,0,0,0,0,0,0,0,0,0,0,0,0,'','Gain 1 MC for each event EVER PLAYED by all players'),(108,2,1,23,'Open City',-30,8,12,14,0,9,0,30,0,0,0,0,0,0,0,0,0,0,0,NULL,NULL,NULL,NULL,NULL,0,0,1,1000,NULL,0,1,0,0,0,0,1,0,0,0,0,0,4,0,0,0,0,0,0,0,-1,0,0,0,0,0,0,0,0,0,2,0,0,0,0,0,0,0,0,0,0,1,'','Requires 12% oxygen. Decrease your energy production 1 step and increase your MC production 4 steps. Gain 2 plants and place a city tile.'),(109,3,2,6,'Media Group',-30,8,0,14,0,9,0,30,0,0,0,0,0,0,0,0,0,0,0,NULL,NULL,NULL,NULL,NULL,0,0,1,1000,NULL,0,0,0,0,0,0,0,1,0,0,0,0,0,0,0,0,0,0,0,0,0,0,0,0,0,0,0,0,0,0,0,0,0,0,0,0,0,0,0,0,0,0,'Effect: After you play an event card, you gain 3MC',''),(110,3,2,4,'Business Network',-30,8,0,14,0,9,0,30,0,0,0,0,0,0,0,0,0,0,0,NULL,NULL,NULL,NULL,NULL,0,0,1,1000,NULL,0,0,0,0,0,0,0,1,0,0,0,0,-1,0,0,0,0,0,0,0,0,0,0,0,0,0,0,0,0,0,0,0,0,0,0,0,0,0,0,0,0,0,'Action: Look at the top card and either buy it or discard it','Decrease your MC production 1 step.'),(111,1,2,7,'Business Contacts',-30,8,0,14,0,9,0,30,0,0,0,0,0,0,0,0,0,0,0,NULL,NULL,NULL,NULL,NULL,0,0,1,1000,NULL,0,0,0,0,0,0,0,1,0,0,0,1,0,0,0,0,0,0,0,0,0,0,0,0,0,0,0,0,0,0,0,0,0,0,0,0,0,0,0,0,0,0,'','Look at the top 4 cards from the deck. Take 2 of them into hand and discard the other 2'),(112,1,2,7,'Bribed Committee',-30,8,0,14,0,9,0,30,0,0,0,0,0,0,0,0,0,0,0,NULL,NULL,NULL,NULL,NULL,0,0,1,1000,NULL,0,0,0,0,0,0,0,1,0,0,0,1,0,0,0,0,0,0,0,0,0,0,0,0,0,0,0,0,0,0,0,0,0,0,0,0,0,0,0,0,2,-2,'','Raise your terraform rating 2 steps.'),(113,2,1,11,'Solar Power',-30,8,0,14,0,9,0,30,0,0,0,0,0,0,0,0,0,0,0,NULL,NULL,NULL,NULL,NULL,0,0,1,1000,NULL,0,1,0,0,0,0,0,0,0,1,0,0,0,0,0,0,0,0,0,0,1,0,0,0,0,0,0,0,0,0,0,0,0,0,0,0,0,0,0,0,0,1,'','Increase your energy production 1 step.'),(114,2,1,11,'Breathing Filters',-30,8,7,14,0,9,0,30,0,0,0,0,0,0,0,0,0,0,0,NULL,NULL,NULL,NULL,NULL,0,0,1,1000,NULL,1,0,0,0,0,0,0,0,0,0,0,0,0,0,0,0,0,0,0,0,0,0,0,0,0,0,0,0,0,0,0,0,0,0,0,0,0,0,0,0,0,2,'','Requires 7% oxygen.'),(115,2,1,12,'Artificial Photosynthesis',-30,8,0,14,0,9,0,30,0,0,0,0,0,0,0,0,0,0,0,NULL,NULL,NULL,NULL,NULL,0,0,1,1000,NULL,1,0,0,0,0,0,0,0,0,0,0,0,0,0,0,0,0,0,0,0,0,0,0,0,0,0,0,0,0,0,0,0,0,0,0,0,0,0,0,0,0,0,'','Increase your plant production 1 step or your energy production 2 steps.'),(116,2,1,15,'Artificial Lake',-6,8,0,14,0,9,0,30,0,0,0,0,0,0,0,0,0,0,0,NULL,NULL,NULL,NULL,NULL,0,0,1,1000,NULL,0,1,0,0,0,0,0,0,0,0,0,0,0,0,0,0,0,0,0,0,0,0,0,0,0,0,0,0,0,0,0,0,0,0,0,0,0,0,1,0,0,1,'','Requires -6°C or warmer. Place 1 ocean tile ON AN AREA NOT RESERVED FOR OCEAN.'),(117,2,1,11,'Geothermal Power',-30,8,0,14,0,9,0,30,0,0,0,0,0,0,0,0,0,0,0,NULL,NULL,NULL,NULL,NULL,0,0,1,1000,NULL,0,1,0,0,0,0,0,0,0,1,0,0,0,0,0,0,0,0,0,0,2,0,0,0,0,0,0,0,0,0,0,0,0,0,0,0,0,0,0,0,0,0,'','Increase your energy production 2 steps.'),(118,2,1,16,'Farming',4,8,0,14,0,9,0,30,0,0,0,0,0,0,0,0,0,0,0,NULL,NULL,NULL,NULL,NULL,0,0,1,1000,NULL,0,0,0,1,0,0,0,0,0,0,0,0,2,0,0,0,0,0,2,0,0,0,0,0,0,0,0,0,0,0,2,0,0,0,0,0,0,0,0,0,0,2,'','Requires +4°C or warmer. Increase your MC production 2 steps and your plant production 2 steps. Gain 2 plants.'),(119,2,1,2,'Dust Seals',-30,8,0,14,0,3,0,30,0,0,0,0,0,0,0,0,0,0,0,NULL,NULL,NULL,NULL,NULL,0,0,1,1000,NULL,0,0,0,0,0,0,0,0,0,0,0,0,0,0,0,0,0,0,0,0,0,0,0,0,0,0,0,0,0,0,0,0,0,0,0,0,0,0,0,0,0,1,'','Requires 3 or less ocean tiles.'),(120,2,1,10,'Urbanized Area',-30,8,0,14,0,9,0,30,0,0,0,0,0,0,0,0,0,0,0,NULL,NULL,NULL,NULL,NULL,0,0,1,1000,NULL,0,1,0,0,0,0,1,0,0,0,0,0,2,0,0,0,0,0,0,0,-1,0,0,0,0,0,0,0,0,0,0,0,0,0,0,0,0,0,0,0,0,0,'','Decrease your energy production 1 step and increase your MC production 2 steps. Place a city tile ADJACENT TO AT LEAST 2 OTHER CITY TILES.'),(121,1,2,1,'Sabotage',-30,8,0,14,0,9,0,30,0,0,0,0,0,0,0,0,0,0,0,NULL,NULL,NULL,NULL,NULL,0,0,1,1000,NULL,0,0,0,0,0,0,0,0,0,0,0,1,0,0,0,0,0,0,0,0,0,0,0,0,0,0,0,0,0,0,0,0,0,0,0,0,0,0,0,0,0,0,'','Remove up to 3 titanium from any player, or 4 steel, or 7 MC.'),(122,2,1,4,'Moss',-30,8,0,14,3,9,0,30,0,0,0,0,0,0,0,0,0,0,0,NULL,NULL,NULL,NULL,NULL,0,0,1,1000,NULL,0,0,0,0,1,0,0,0,0,0,0,0,0,0,0,0,0,0,1,0,0,0,0,0,0,0,0,0,0,0,-1,0,0,0,0,0,0,0,0,0,0,0,'','Requires 3 ocean tiles and that you lose 1 plant. Increase your plant production 1 step.'),(123,3,2,4,'Industrial Center',-30,8,0,14,0,9,0,30,0,0,0,0,0,0,0,0,0,0,0,NULL,NULL,NULL,NULL,NULL,0,0,1,1000,NULL,0,1,0,0,0,0,0,0,0,0,0,0,0,0,0,0,0,0,0,0,0,0,0,0,0,0,0,0,0,0,0,0,0,0,0,0,0,0,0,0,0,0,'Action: Spend 7 MC to increase your steel production 1 step.','Place [the Industrial Center] tile ADJACENT TO A CITY TILE.'),(124,1,2,1,'Hired Raiders',-30,8,0,14,0,9,0,30,0,0,0,0,0,0,0,0,0,0,0,NULL,NULL,NULL,NULL,NULL,0,0,1,1000,NULL,0,0,0,0,0,0,0,0,0,0,0,1,0,0,0,0,0,0,0,0,0,0,0,0,0,0,0,0,0,0,0,0,0,0,0,0,0,0,0,0,0,0,'','Steal up to 2 steel, or 3MC from any player.'),(125,2,2,3,'Hackers',-30,8,0,14,0,9,0,30,0,0,0,0,0,0,0,0,0,0,0,NULL,NULL,NULL,NULL,NULL,0,0,1,1000,NULL,0,0,0,0,0,0,0,0,0,0,0,0,0,0,0,0,0,0,0,0,-1,0,0,0,0,0,0,0,0,0,0,0,0,0,0,0,0,0,0,0,0,-1,'','Decrease your energy production 1 step and any MC production 2 steps. Increase your MC production 2 steps.'),(126,2,1,11,'GHG Factories',-30,8,0,14,0,9,0,30,0,0,0,0,0,0,0,0,0,0,0,NULL,NULL,NULL,NULL,NULL,0,0,1,1000,NULL,0,1,0,0,0,0,0,0,0,0,0,0,0,0,0,0,0,0,0,0,-1,0,4,0,0,0,0,0,0,0,0,0,0,0,0,0,0,0,0,0,0,0,'','Decrease your energy production 1 step and increase your heat production 4 steps.'),(127,1,1,11,'Subterranean Reservoir',-30,8,0,14,0,9,0,30,0,0,0,0,0,0,0,0,0,0,0,NULL,NULL,NULL,NULL,NULL,0,0,1,1000,NULL,0,0,0,0,0,0,0,0,0,0,0,1,0,0,0,0,0,0,0,0,0,0,0,0,0,0,0,0,0,0,0,0,0,0,0,0,0,0,1,0,0,0,'','Place 1 ocean tile.'),(128,3,1,12,'Ecological Zone',-30,8,0,14,0,9,0,30,0,0,0,0,0,0,0,0,0,0,0,NULL,NULL,NULL,NULL,NULL,0,0,1,1000,NULL,0,0,0,0,1,1,0,0,0,0,0,0,0,0,0,0,0,0,0,0,0,0,0,0,0,0,0,0,0,0,0,0,0,0,0,0,0,0,0,0,0,99,'Effect: When you play an animal or a plant tag (including these 2), add an animal to this card.','Requires that you have a greenery tile. Place [the Ecological Zone] tile ADJACENT TO ANY GREENERY TILE. 1 VP per 2 animals on this card.'),(129,2,1,13,'Zeppelins',-30,8,5,14,0,9,0,30,0,0,0,0,0,0,0,0,0,0,0,NULL,NULL,NULL,NULL,NULL,0,0,1,1000,NULL,0,0,0,0,0,0,0,0,0,0,0,0,0,0,0,0,0,0,0,0,0,0,0,0,0,0,0,0,0,0,0,0,0,0,0,0,0,0,0,0,0,1,'','Requires 5% oxygen. Increase your MC production 1 step for each city tile ON MARS.'),(130,2,1,8,'Worms',-30,8,4,14,0,9,0,30,0,0,0,0,0,0,0,0,0,0,0,NULL,NULL,NULL,NULL,NULL,0,0,1,1000,NULL,0,0,0,1,0,0,0,0,0,0,0,0,0,0,0,0,0,0,0,0,0,0,0,0,0,0,0,0,0,0,0,0,0,0,0,0,0,0,0,0,0,0,'','Requires 4% oxygen. Increase your plant production 1 step for every 2 microbe tags you have, including this.'),(131,3,1,5,'Decomposers',-30,8,3,14,0,9,0,30,0,0,0,0,0,0,0,0,0,0,0,NULL,NULL,NULL,NULL,NULL,0,0,1,1000,NULL,0,0,0,1,0,0,0,0,0,0,0,0,0,0,0,0,0,0,0,0,0,0,0,0,0,0,0,0,0,0,0,0,0,0,0,0,0,0,0,0,0,99,'Effect: When you play an animal, plant, or microbe tag, including this, add a microbe to this card.','Requires 3# oxygen. 1 VP per 3 microbes on this card.'),(132,2,1,14,'Fusion Power',-30,8,0,14,0,9,0,30,0,0,0,0,0,0,0,0,0,2,0,NULL,NULL,NULL,NULL,NULL,0,0,1,1000,NULL,1,1,0,0,0,0,0,0,0,1,0,0,0,0,0,0,0,0,0,0,3,0,0,0,0,0,0,0,0,0,0,0,0,0,0,0,0,0,0,0,0,0,'','Requires 2 power tags. Increase your energy production 3 steps.'),(133,3,1,4,'Symbiotic Fungus',-14,8,0,14,0,9,0,30,0,0,0,0,0,0,0,0,0,0,0,NULL,NULL,NULL,NULL,NULL,0,0,1,1000,NULL,0,0,0,1,0,0,0,0,0,0,0,0,0,0,0,0,0,0,0,0,0,0,0,0,0,0,0,0,0,0,0,0,0,0,0,0,0,0,0,0,0,0,'Action: Add a microbe to ANOTHER card.','Requires -14°C or warmer.'),(134,3,1,13,'Extreme-Cold Fungus',-30,-10,0,14,0,9,0,30,0,0,0,0,0,0,0,0,0,0,0,NULL,NULL,NULL,NULL,NULL,0,0,1,1000,NULL,0,0,0,1,0,0,0,0,0,0,0,0,0,0,0,0,0,0,0,0,0,0,0,0,0,0,0,0,0,0,0,0,0,0,0,0,0,0,0,0,0,0,'Action: Gain 1 plant or add 2 microbes to ANOTHER card.','It must be -10°C or colder.'),(135,2,1,11,'Advanced Ecosystems',-30,8,0,14,0,9,0,30,0,0,0,1,1,1,0,0,0,0,0,NULL,NULL,NULL,NULL,NULL,0,0,1,1000,NULL,0,0,0,1,1,1,0,0,0,0,0,0,0,0,0,0,0,0,0,0,0,0,0,0,0,0,0,0,0,0,0,0,0,0,0,0,0,0,0,0,0,3,'','Requires a plant tag, a microbe tag, and an animal tag.'),(136,2,1,12,'Great Dam',-30,8,0,14,4,9,0,30,0,0,0,0,0,0,0,0,0,0,0,NULL,NULL,NULL,NULL,NULL,0,0,1,1000,NULL,0,1,0,0,0,0,0,0,0,1,0,0,0,0,0,0,0,0,0,0,2,0,0,0,0,0,0,0,0,0,0,0,0,0,0,0,0,0,0,0,0,1,'','Requires 4 ocean tiles. Increase your energy production 2 steps.'),(137,2,2,8,'Cartel',-30,8,0,14,0,9,0,30,0,0,0,0,0,0,0,0,0,0,0,NULL,NULL,NULL,NULL,NULL,0,0,1,1000,NULL,0,0,0,0,0,0,0,1,0,0,0,0,0,0,0,0,0,0,0,0,0,0,0,0,0,0,0,0,0,0,0,0,0,0,0,0,0,0,0,0,0,0,'','Increase your MC production 1 step for each Earth tag you have, including this.'),(138,2,1,25,'Strip Mine',-30,8,0,14,0,9,0,30,0,0,0,0,0,0,0,0,0,0,0,NULL,NULL,NULL,NULL,NULL,0,0,1,1000,NULL,0,1,0,0,0,0,0,0,0,0,0,0,0,0,2,0,1,0,0,0,-1,0,0,0,0,0,0,0,0,0,0,0,0,0,0,0,0,2,0,0,0,0,'','Decrease your energy production 2 steps. Increase your steel production 2 steps and your titanium production 1 step. Raise oxygen 2 steps.'),(139,2,1,8,'Wave Power',-30,8,0,14,3,9,0,30,0,0,0,0,0,0,0,0,0,0,0,NULL,NULL,NULL,NULL,NULL,0,0,1,1000,NULL,0,0,0,0,0,0,0,0,0,1,0,0,0,0,0,0,0,0,0,0,1,0,0,0,0,0,0,0,0,0,0,0,0,0,0,0,0,0,0,0,0,1,'','Requires 3 ocean tiles. Increase your energy production 1 step.'),(140,1,1,18,'Lava Flows',-30,8,0,14,0,9,0,30,0,0,0,0,0,0,0,0,0,0,0,NULL,NULL,NULL,NULL,NULL,0,0,1,1000,NULL,0,0,0,0,0,0,0,0,0,0,0,1,0,0,0,0,0,0,0,0,0,0,0,0,0,0,0,0,0,0,0,0,0,0,0,0,2,0,0,0,0,0,'','Raise the temperature 2 steps and place this [the Lava Flow] tile ON EITHER THARSIS THOLUS, ASCRAEUS MONS, PAVONIS MONS OR ARSIA MONS.'),(141,2,1,4,'Power Plant',-30,8,0,14,0,9,0,30,0,0,0,0,0,0,0,0,0,0,0,NULL,NULL,NULL,NULL,NULL,0,0,1,1000,NULL,0,1,0,0,0,0,0,0,0,1,0,0,0,0,0,0,0,0,0,0,1,0,0,0,0,0,0,0,0,0,0,0,0,0,0,0,0,0,0,0,0,0,'','Increase your energy production 1 step.'),(142,2,1,20,'Mohole Area',-30,8,0,14,0,9,0,30,0,0,0,0,0,0,0,0,0,0,0,NULL,NULL,NULL,NULL,NULL,0,0,1,1000,NULL,0,1,0,0,0,0,0,0,0,0,0,0,0,0,0,0,0,0,0,0,0,0,4,0,0,0,0,0,0,0,0,0,0,0,0,0,0,0,0,0,0,0,'','Increase your heat production 4 steps. Place [the Mohole Area] tile ON AN AREA RESERVED FOR OCEAN.'),(143,1,1,36,'Large Convoy',-30,8,0,14,0,9,0,30,0,0,0,0,0,0,0,0,0,0,0,NULL,NULL,NULL,NULL,NULL,0,0,1,1000,NULL,0,0,1,0,0,0,0,1,0,0,0,1,0,0,0,0,0,0,0,0,0,0,0,0,0,0,0,0,0,0,0,0,0,0,0,0,0,0,1,0,0,2,'','Place an ocean tile and draw 2 cards. Gain 5 plants, or add 4 animals to ANOTHER card.'),(144,2,2,7,'Titanium Mine',-30,8,0,14,0,9,0,30,0,0,0,0,0,0,0,0,0,0,0,NULL,NULL,NULL,NULL,NULL,0,0,1,1000,NULL,0,1,0,0,0,0,0,0,0,0,0,0,0,0,0,0,1,0,0,0,0,0,0,0,0,0,0,0,0,0,0,0,0,0,0,0,0,0,0,0,0,0,'','Increase your titanium production 1 step.'),(145,2,1,18,'Tectonic Stress Power',-30,8,0,14,0,9,0,30,2,0,0,0,0,0,0,0,0,0,0,NULL,NULL,NULL,NULL,NULL,0,0,1,1000,NULL,0,1,0,0,0,0,0,0,0,1,0,0,0,0,0,0,0,0,0,0,3,0,0,0,0,0,0,0,0,0,0,0,0,0,0,0,0,0,0,0,1,1,'','Requires 2 science tags. Increase your energy production 3 steps.'),(146,2,1,8,'Nitrophilic Moss',-30,8,0,14,3,9,0,30,0,0,0,0,0,0,0,0,0,0,0,NULL,NULL,NULL,NULL,NULL,0,0,1,1000,NULL,0,0,0,0,1,0,0,0,0,0,0,0,0,0,0,0,0,0,2,0,0,0,0,0,0,0,0,0,0,0,-2,0,0,0,0,0,0,0,0,0,0,0,'','Requires 3 ocean tiles and that you lose 2 plants. Increase your plant production 2 steps.'),(147,3,1,12,'Herbivores',-30,8,8,14,0,9,0,30,0,0,0,0,0,0,0,0,0,0,0,NULL,NULL,NULL,NULL,NULL,0,0,1,1000,NULL,0,0,0,0,0,1,0,0,0,0,0,0,0,0,0,0,0,0,0,0,0,0,0,0,0,0,0,0,0,0,0,0,0,0,0,0,0,0,0,0,0,99,'Effect: When you place a greenery tile, add an animal to this card.','Requires 8% oxygen. Add 1 animal to this card. Decrease any plant production 1 step. 1 VP per 2 animals on this card.'),(148,2,1,9,'Insects',-30,8,6,14,0,9,0,30,0,0,0,0,0,0,0,0,0,0,0,NULL,NULL,NULL,NULL,NULL,0,0,1,1000,NULL,0,0,0,1,0,0,0,0,0,0,0,0,0,0,0,0,0,0,0,0,0,0,0,0,0,0,0,0,0,0,0,0,0,0,0,0,0,0,0,0,0,0,'','Requires 6% oxygen. Increase your plant production 1 step for each plant tag you have.'),(149,1,2,1,'CEO`s Favourite Project',-30,8,0,14,0,9,0,30,0,0,0,0,0,0,0,0,0,0,0,NULL,NULL,NULL,NULL,NULL,0,0,1,1000,NULL,0,0,0,0,0,0,0,0,0,0,0,1,0,0,0,0,0,0,0,0,0,0,0,0,0,0,0,0,0,0,0,0,0,0,0,0,0,0,0,0,0,0,'','Add 1 resource to a card with at least 1 resource on it.'),(150,3,2,14,'Anti-Gravity Technology',-30,8,0,14,0,9,0,30,7,0,0,0,0,0,0,0,0,0,0,NULL,NULL,NULL,NULL,NULL,0,0,1,1000,NULL,1,0,0,0,0,0,0,0,0,0,0,0,0,0,0,0,0,0,0,0,0,0,0,0,0,0,0,0,0,0,0,0,0,0,0,0,0,0,0,0,0,3,'Effect: when you play a card, you pay 2 MC less for it.','Requires 7 science tags.'),(151,1,2,3,'Investment Loan',-30,8,0,14,0,9,0,30,0,0,0,0,0,0,0,0,0,0,0,NULL,NULL,NULL,NULL,NULL,0,0,1,1000,NULL,0,0,0,0,0,0,0,1,0,0,0,1,-1,0,0,0,0,0,0,0,0,0,0,0,10,0,0,0,0,0,0,0,0,0,0,0,0,0,0,0,0,0,'','Decrease your MC production 1 step. Gain 10 MC.'),(152,2,1,2,'Insulation',-30,8,0,14,0,9,0,30,0,0,0,0,0,0,0,0,0,0,0,NULL,NULL,NULL,NULL,NULL,0,0,1,1000,NULL,0,0,0,0,0,0,0,0,0,0,0,0,0,0,0,0,0,0,0,0,0,0,0,0,0,0,0,0,0,0,0,0,0,0,0,0,0,0,0,0,0,0,'','Decrease your heat production any number of steps and increase your MC production the same number of steps.'),(153,3,1,12,'Adaptation Technology',-30,8,0,14,0,9,0,30,0,0,0,0,0,0,0,0,0,0,0,NULL,NULL,NULL,NULL,NULL,0,0,1,1000,NULL,1,0,0,0,0,0,0,0,0,0,0,0,0,0,0,0,0,0,0,0,0,0,0,0,0,0,0,0,0,0,0,0,0,0,0,0,0,0,0,0,0,1,'Effect: Your global requirements are +2 or -2 steps, your choice in each case.',''),(154,3,2,3,'Caretaker Contract',0,8,0,14,0,9,0,30,0,0,0,0,0,0,0,0,0,0,0,NULL,NULL,NULL,NULL,NULL,0,0,1,1000,NULL,0,0,0,0,0,0,0,0,0,0,0,0,0,0,0,0,0,0,0,0,0,0,0,0,0,0,0,0,0,0,0,0,0,0,0,0,0,0,0,0,99,0,'Action: Spend 8 heat to increase your terraforming rating 1 step.','Requires 0°C or warmer.'),(155,2,1,16,'Designed Microorganisms',-30,-14,0,14,0,9,0,30,0,0,0,0,0,0,0,0,0,0,0,NULL,NULL,NULL,NULL,NULL,0,0,1,1000,NULL,1,0,0,1,0,0,0,0,0,0,0,0,0,0,0,0,0,0,2,0,0,0,0,0,0,0,0,0,0,0,0,0,0,0,0,0,0,0,0,0,0,0,'','It must be -14°C or colder. Increase your plant production 2 steps.'),(156,3,2,6,'Standard Technology',-30,8,0,14,0,9,0,30,0,0,0,0,0,0,0,0,0,0,0,NULL,NULL,NULL,NULL,NULL,0,0,1,1000,NULL,1,0,0,0,0,0,0,0,0,0,0,0,0,0,0,0,0,0,0,0,0,0,0,0,0,0,0,0,0,0,0,0,0,0,0,0,0,0,0,0,0,0,'Effect: After you pay for a standard project, except selling patents, you gain 3 MC.',''),(157,3,1,11,'Nitrite Reducing Bacteria',-30,8,0,14,0,9,0,30,0,0,0,0,0,0,0,0,0,0,0,NULL,NULL,NULL,NULL,NULL,0,0,1,1000,NULL,0,0,0,1,0,0,0,0,0,0,0,0,0,0,0,0,0,0,0,0,0,0,0,0,0,0,0,0,0,0,0,0,0,0,0,0,0,0,0,0,99,0,'Action: Add 1 microbe to this card, or remove 3 microbes to increase your TR 1 step.','Add 3 microbes to this card.'),(158,2,1,12,'Industrial Microbes',-30,8,0,14,0,9,0,30,0,0,0,0,0,0,0,0,0,0,0,NULL,NULL,NULL,NULL,NULL,0,0,1,1000,NULL,0,1,0,1,0,0,0,0,0,0,0,0,0,0,1,0,0,0,0,0,1,0,0,0,0,0,0,0,0,0,0,0,0,0,0,0,0,0,0,0,0,0,'','Increase your energy production and your steel production 1 step each.'),(159,2,1,7,'Lichen',-24,8,0,14,0,9,0,30,0,0,0,0,0,0,0,0,0,0,0,NULL,NULL,NULL,NULL,NULL,0,0,1,1000,NULL,0,0,0,0,1,0,0,0,0,0,0,0,0,0,0,0,0,0,1,0,0,0,0,0,0,0,0,0,0,0,0,0,0,0,0,0,0,0,0,0,0,0,'','Requires -24°C or warmer. Increase your plant production 1 step.'),(160,2,2,5,'Power Supply Consortium',-30,8,0,14,0,9,0,30,0,0,0,0,0,0,0,0,0,2,0,NULL,NULL,NULL,NULL,NULL,0,0,1,1000,NULL,0,0,0,0,0,0,0,0,0,1,0,0,0,0,0,0,0,0,0,0,0,0,0,0,0,0,0,0,0,0,0,0,0,0,0,0,0,0,0,0,0,0,'','Requires 2 power tags. Decrease any energy production 1 step and increase your own 1 step.'),(161,1,1,15,'Convoy From Europa',-30,8,0,14,0,9,0,30,0,0,0,0,0,0,0,0,0,0,0,NULL,NULL,NULL,NULL,NULL,0,0,1,1000,NULL,0,0,1,0,0,0,0,0,0,0,0,1,0,0,0,0,0,0,0,0,0,0,0,0,0,0,0,0,0,0,0,0,0,0,0,0,0,0,1,0,0,0,'','Place 1 ocean tile and draw 1 card.'),(162,1,1,7,'Imported GHG',-30,8,0,14,0,9,0,30,0,0,0,0,0,0,0,0,0,0,0,NULL,NULL,NULL,NULL,NULL,0,0,1,1000,NULL,0,0,1,0,0,0,0,1,0,0,0,1,0,0,0,0,0,0,0,0,0,0,1,0,0,0,0,0,0,0,0,0,0,0,3,0,0,0,0,0,0,0,'','Increase your heat production 1 step and gain 3 hear.'),(163,1,1,23,'Imported Nitrogen',-30,8,0,14,0,9,0,30,0,0,0,0,0,0,0,0,0,0,0,NULL,NULL,NULL,NULL,NULL,0,0,1,1000,NULL,0,0,1,0,0,0,0,1,0,0,0,1,0,0,0,0,0,0,0,0,0,0,0,0,0,0,0,0,0,0,4,0,0,0,0,0,0,0,0,0,1,0,'','Raise your TR 1 step and gain 4 plants. Add 3 microbes to ANOTHER card and 2 animals to ANOTHER card.'),(164,2,1,3,'Micro-Mills',-30,8,0,14,0,9,0,30,0,0,0,0,0,0,0,0,0,0,0,NULL,NULL,NULL,NULL,NULL,0,0,1,1000,NULL,0,0,0,0,0,0,0,0,0,0,0,0,0,0,0,0,0,0,0,0,0,0,1,0,0,0,0,0,0,0,0,0,0,0,0,0,0,0,0,0,0,0,'','Increase your heat production 1 step.'),(165,2,1,20,'Magnetic Field Generators',-30,8,0,14,0,9,0,30,0,0,0,0,0,0,0,0,0,0,0,NULL,NULL,NULL,NULL,NULL,0,0,1,1000,NULL,0,1,0,0,0,0,0,0,0,0,0,0,0,0,0,0,0,0,2,0,-4,0,0,0,0,0,0,0,0,0,0,0,0,0,0,0,0,0,0,0,3,0,'','Decrease your energy production 4 steps and increase your plant production 2 steps. Raise your TR 3 steps.'),(166,3,1,10,'Shuttles',-30,8,5,14,0,9,0,30,0,0,0,0,0,0,0,0,0,0,0,NULL,NULL,NULL,NULL,NULL,0,0,1,1000,NULL,0,0,1,0,0,0,0,0,0,0,0,0,2,0,0,0,0,0,0,0,-1,0,0,0,0,0,0,0,0,0,0,0,0,0,0,0,0,0,0,0,0,1,'Effect: When you play a space card, you pay 2MC less for it.','Requires 5% oxygen. Decrease your energy production 1 step and increase your MC production 2 steps.'),(167,1,1,9,'Import of Advanced GHG',-30,8,0,14,0,9,0,30,0,0,0,0,0,0,0,0,0,0,0,NULL,NULL,NULL,NULL,NULL,0,0,1,1000,NULL,0,0,1,0,0,0,0,1,0,0,0,1,0,0,0,0,0,0,0,0,0,0,2,0,0,0,0,0,0,0,0,0,0,0,0,0,0,0,0,0,0,0,'','Increase your heat production 2 steps.'),(168,2,1,6,'Windmills',-30,8,7,14,0,9,0,30,0,0,0,0,0,0,0,0,0,0,0,NULL,NULL,NULL,NULL,NULL,0,0,1,1000,NULL,0,1,0,0,0,0,0,0,0,1,0,0,0,0,0,0,0,0,0,0,1,0,0,0,0,0,0,0,0,0,0,0,0,0,0,0,0,0,0,0,0,1,'','Requires 7% oxygen. Increase your energy production 1 step.'),(169,2,1,16,'Tundra Farming',-6,8,0,14,0,9,0,30,0,0,0,0,0,0,0,0,0,0,0,NULL,NULL,NULL,NULL,NULL,0,0,1,1000,NULL,0,0,0,0,1,0,0,0,0,0,0,0,2,0,0,0,0,0,1,0,0,0,0,0,0,0,0,0,0,0,1,0,0,0,0,0,0,0,0,0,0,2,'','Requires -6°C or warmer. Increase your plant production 1 step and your MC production 2 steps. Gain 1 plant.'),(170,1,1,26,'Aerobraked Ammonia Asteroid',-30,8,0,14,0,9,0,30,0,0,0,0,0,0,0,0,0,0,0,NULL,NULL,NULL,NULL,NULL,0,0,1,1000,NULL,0,0,1,0,0,0,0,0,0,0,0,1,0,0,0,0,0,0,1,0,0,0,3,0,0,0,0,0,0,0,0,0,0,0,0,0,0,0,0,0,0,0,'','Add 2 microbes to ANOTHER card. Increase your heat production 3 steps and your plant production 1 step.'),(171,2,1,5,'Magnetic Field Dome',-30,8,0,14,0,9,0,30,0,0,0,0,0,0,0,0,0,0,0,NULL,NULL,NULL,NULL,NULL,0,0,1,1000,NULL,0,1,0,0,0,0,0,0,0,0,0,0,0,0,0,0,0,0,1,0,-2,0,0,0,0,0,0,0,0,0,0,0,0,0,0,0,0,0,0,0,1,0,'','Decrease your energy production 2 steps and increase your plant production 1 step. Raise your terraform rating 1 step.'),(172,3,1,10,'Pets',-30,8,0,14,0,9,0,30,0,0,0,0,0,0,0,0,0,0,0,NULL,NULL,NULL,NULL,NULL,0,0,1,1000,NULL,0,0,0,0,0,1,0,1,0,0,0,0,0,0,0,0,0,0,0,0,0,0,0,0,0,0,0,0,0,0,0,0,0,0,0,0,0,0,0,0,0,99,'Effect: When any city tile is placed, add an animal to this card. Animals may not be removed from this card.','Add 1 animal to this card. 1 VP per 2 animals here.'),(173,3,2,5,'Protected Habitats',-30,8,0,14,0,9,0,30,0,0,0,0,0,0,0,0,0,0,0,NULL,NULL,NULL,NULL,NULL,0,0,1,1000,NULL,0,0,0,0,0,0,0,0,0,0,0,0,0,0,0,0,0,0,0,0,0,0,0,0,0,0,0,0,0,0,0,0,0,0,0,0,0,0,0,0,0,0,'[Effect: ]Opponents may not remove your [plants, animals or microbes]',''),(174,2,1,23,'Protected Valley',-30,8,0,14,0,9,0,30,0,0,0,0,0,0,0,0,0,0,0,NULL,NULL,NULL,NULL,NULL,0,0,1,1000,NULL,0,1,0,0,1,0,0,0,0,0,0,0,2,0,0,0,0,0,0,0,0,0,0,0,0,0,0,0,0,0,0,0,0,0,0,0,0,1,0,0,0,0,'','Increase your MC production 2 steps. Place a greenery tile ON AN AREA RESERVED FOR OCEAN, disregarding normal placement restrictions, and increase oxygen 1 step.'),(175,2,2,10,'Satellites',-30,8,0,14,0,9,0,30,0,0,0,0,0,0,0,0,0,0,0,NULL,NULL,NULL,NULL,NULL,0,0,1,1000,NULL,0,0,1,0,0,0,0,0,0,0,0,0,0,0,0,0,0,0,0,0,0,0,0,0,0,0,0,0,0,0,0,0,0,0,0,0,0,0,0,0,0,0,'','Increase your MC production 1 step for each space tag you have, including this one.'),(176,2,1,10,'Noctis Farming',-20,8,0,14,0,9,0,30,0,0,0,0,0,0,0,0,0,0,0,NULL,NULL,NULL,NULL,NULL,0,0,1,1000,NULL,0,1,0,0,1,0,0,0,0,0,0,0,1,0,0,0,0,0,0,0,0,0,0,0,0,0,0,0,0,0,2,0,0,0,0,0,0,0,0,0,0,1,'','Requires -20°C or warmer. Increase your MC production 1 step and gain 2 plants.'),(177,3,1,12,'Water Splitting Plant',-30,8,0,14,2,9,0,30,0,0,0,0,0,0,0,0,0,0,0,NULL,NULL,NULL,NULL,NULL,0,0,1,1000,NULL,0,1,0,0,0,0,0,0,0,0,0,0,0,0,0,0,0,0,0,0,0,0,0,0,0,0,0,0,0,0,0,0,0,0,0,0,0,99,0,0,0,0,'Action: Spend 3 energy to raise oxygen 1 step.','Requires 2 ocean tiles.'),(178,2,1,6,'Heat Trappers',-30,8,0,14,0,9,0,30,0,0,0,0,0,0,0,0,0,0,0,NULL,NULL,NULL,NULL,NULL,0,0,1,1000,NULL,0,1,0,0,0,0,0,0,0,1,0,0,0,0,0,0,0,0,0,0,1,0,0,0,0,0,0,0,0,0,0,0,0,0,0,0,0,0,0,0,0,-1,'','Decrease any heat production 2 steps and increase your energy production 1 step.'),(179,2,1,9,'Soil Factory',-30,8,0,14,0,9,0,30,0,0,0,0,0,0,0,0,0,0,0,NULL,NULL,NULL,NULL,NULL,0,0,1,1000,NULL,0,1,0,0,0,0,0,0,0,0,0,0,0,0,0,0,0,0,1,0,-1,0,0,0,0,0,0,0,0,0,0,0,0,0,0,0,0,0,0,0,0,1,'','Decrease your energy production 1 step and increase your plant production 1 step.'),(180,2,2,6,'Fuel Factory',-30,8,0,14,0,9,0,30,0,0,0,0,0,0,0,0,0,0,0,NULL,NULL,NULL,NULL,NULL,0,0,1,1000,NULL,0,1,0,0,0,0,0,0,0,0,0,0,1,0,0,0,1,0,0,0,-1,0,0,0,0,0,0,0,0,0,0,0,0,0,0,0,0,0,0,0,0,0,'','Decreases your energy production 1 step and increase your titanium and your MC production 1 step each.'),(181,1,1,5,'Ice cap Melting',2,8,0,14,0,9,0,30,0,0,0,0,0,0,0,0,0,0,0,NULL,NULL,NULL,NULL,NULL,0,0,1,1000,NULL,0,0,0,0,0,0,0,0,0,0,0,1,0,0,0,0,0,0,0,0,0,0,0,0,0,0,0,0,0,0,0,0,0,0,0,0,0,0,1,0,0,0,'','Requires +2°C or warmer. Place 1 ocean tile.'),(182,2,2,11,'Corporate Stronghold',-30,8,0,14,0,9,0,30,0,0,0,0,0,0,0,0,0,0,0,NULL,NULL,NULL,NULL,NULL,0,0,1,1000,NULL,0,1,0,0,0,0,1,0,0,0,0,0,3,0,0,0,0,0,0,0,-1,0,0,0,0,0,0,0,0,0,0,0,0,0,0,0,0,0,0,0,0,-2,'','Decrease your energy production 1 step and increase your MC production 3 steps. Place a city tile.'),(183,2,1,4,'Biomass Combustors',-30,8,6,14,0,9,0,30,0,0,0,0,0,0,0,0,0,0,0,NULL,NULL,NULL,NULL,NULL,0,0,1,1000,NULL,0,1,0,0,0,0,0,0,0,1,0,0,0,0,0,0,0,0,0,0,2,0,0,0,0,0,0,0,0,0,0,0,0,0,0,0,0,0,0,0,0,-1,'','Requires 6% oxygen. Decrease any plant production 1 step and increase your energy production 2 steps.'),(184,3,1,13,'Livestock',-30,8,9,14,0,9,0,30,0,0,0,0,0,0,0,0,0,0,0,NULL,NULL,NULL,NULL,NULL,0,0,1,1000,NULL,0,0,0,0,0,1,0,0,0,0,0,0,2,0,0,0,0,0,-1,0,0,0,0,0,0,0,0,0,0,0,0,0,0,0,0,0,0,0,0,0,0,99,'Action: Add 1 animal to this card.','Requires 9% oxygen. Decrease your plant production 1 step and increase your MC production 2 steps. 1 VP for each animal on this card.'),(185,3,2,10,'Olympus Conference',-30,8,0,14,0,9,0,30,0,0,0,0,0,0,0,0,0,0,0,NULL,NULL,NULL,NULL,NULL,0,0,1,1000,NULL,1,1,0,0,0,0,0,1,0,0,0,0,0,0,0,0,0,0,0,0,0,0,0,0,0,0,0,0,0,0,0,0,0,0,0,0,0,0,0,0,0,1,'Effect: When you play a science tag, including this, either add a science resource to this card, or remove a science resource from this card to draw a card.',''),(186,2,2,6,'Rad-Suits',-30,8,0,14,0,9,0,30,0,0,0,0,0,0,2,0,0,0,0,NULL,NULL,NULL,NULL,NULL,0,0,1,1000,NULL,0,0,0,0,0,0,0,0,0,0,0,0,1,0,0,0,0,0,0,0,0,0,0,0,0,0,0,0,0,0,0,0,0,0,0,0,0,0,0,0,0,1,'','Requires 2 cities in play. Increase your MC production 1 step.'),(187,3,1,18,'Aquifer Pumping',-30,8,0,14,0,9,0,30,0,0,0,0,0,0,0,0,0,0,0,NULL,NULL,NULL,NULL,NULL,0,0,1,1000,NULL,0,1,0,0,0,0,0,0,0,0,0,0,0,0,0,0,0,0,0,0,0,0,0,0,0,0,0,0,0,0,0,0,0,0,0,0,0,0,99,0,0,0,'Action: Spend 8 MC to place 1 ocean tile. STEEL MAY BE USED as if you were playing a building card.',''),(188,1,1,7,'Flooding',-30,8,0,14,0,9,0,30,0,0,0,0,0,0,0,0,0,0,0,NULL,NULL,NULL,NULL,NULL,0,0,1,1000,NULL,0,0,0,0,0,0,0,0,0,0,0,1,0,0,0,0,0,0,0,0,0,0,0,0,0,0,0,0,0,0,0,0,0,0,0,0,0,0,1,0,0,-1,'','Place an ocean tile. IF THERE ARE TILES ADJACENT TO THIS OCEAN TILE, YOU MAY REMOVE 4 MC FROM THE OWNER OF ONE OF THOSE TILES.'),(189,2,1,15,'Energy Saving',-30,8,0,14,0,9,0,30,0,0,0,0,0,0,0,0,0,0,0,NULL,NULL,NULL,NULL,NULL,0,0,1,1000,NULL,0,0,0,0,0,0,0,0,0,1,0,0,0,0,0,0,0,0,0,0,0,0,0,0,0,0,0,0,0,0,0,0,0,0,0,0,0,0,0,0,0,0,'','Increase your energy production 1 step for each city tile in play.'),(190,1,1,1,'Local Heat Trapping',-30,8,0,14,0,9,0,30,0,0,0,0,0,0,0,0,0,0,0,NULL,NULL,NULL,NULL,NULL,0,0,1,1000,NULL,0,0,0,0,0,0,0,0,0,0,0,1,0,0,0,0,0,0,0,0,0,0,0,0,0,0,0,0,0,0,0,0,0,0,-5,0,0,0,0,0,0,0,'','Spend 5 heat to either gain 4 plants, or to add 2 animals to ANOTHER card.'),(191,1,1,8,'Permafrost extraction',-8,8,0,14,0,9,0,30,0,0,0,0,0,0,0,0,0,0,0,NULL,NULL,NULL,NULL,NULL,0,0,1,1000,NULL,0,0,0,0,0,0,0,0,0,0,0,1,0,0,0,0,0,0,0,0,0,0,0,0,0,0,0,0,0,0,0,0,0,0,0,0,0,0,0,0,0,0,'','Requires -8°C or warmer. Place 1 ocean tile.'),(192,1,2,2,'Invention Contest',-30,8,0,14,0,9,0,30,0,0,0,0,0,0,0,0,0,0,0,NULL,NULL,NULL,NULL,NULL,0,0,1,1000,NULL,1,0,0,0,0,0,0,0,0,0,0,1,0,0,0,0,0,0,0,0,0,0,0,0,0,0,0,0,0,0,0,0,0,0,0,0,0,0,0,0,0,0,'','Look at the top 3 cards from the deck. Take 1 of them into hand and discard the other 2'),(193,2,1,15,'Plantation',-30,8,0,14,0,9,0,30,2,0,0,0,0,0,0,0,0,0,0,NULL,NULL,NULL,NULL,NULL,0,0,1,1000,NULL,0,0,0,0,1,0,0,0,0,0,0,0,0,0,0,0,0,0,0,0,0,0,0,0,0,0,0,0,0,0,0,0,0,0,0,0,0,1,0,0,0,0,'','Requires 2 science tags. Place a greenery tile and raise oxygen 1 step.'),(194,3,2,4,'Power Infrastructure',-30,8,0,14,0,9,0,30,0,0,0,0,0,0,0,0,0,0,0,NULL,NULL,NULL,NULL,NULL,0,0,1,1000,NULL,0,1,0,0,0,0,0,0,0,1,0,0,0,0,0,0,0,0,0,0,0,0,0,0,0,0,0,0,0,0,0,0,0,0,0,0,0,0,0,0,0,0,'Action: Spend any amount of energy to gain that amount of MC.',''),(195,1,2,0,'Indentured Workers',-30,8,0,14,0,9,0,30,0,0,0,0,0,0,0,0,0,0,0,NULL,NULL,NULL,NULL,NULL,0,0,1,1000,NULL,0,0,0,0,0,0,0,0,0,0,0,1,0,0,0,0,0,0,0,0,0,0,0,0,0,0,0,0,0,0,0,0,0,0,0,0,0,0,0,0,0,-1,'','The next card you play this generation costs 8MC less.'),(196,2,2,9,'Lagrange Observatory',-30,8,0,14,0,9,0,30,0,0,0,0,0,0,0,0,0,0,0,NULL,NULL,NULL,NULL,NULL,0,0,1,1000,NULL,1,0,1,0,0,0,0,0,0,0,0,0,0,0,0,0,0,0,0,0,0,0,0,0,0,0,0,0,0,0,0,0,0,0,0,0,0,0,0,0,0,1,'','Draw 1 card.'),(197,2,2,33,'Terraforming Ganymede',-30,8,0,14,0,9,0,30,0,0,0,0,0,0,0,0,0,0,0,NULL,NULL,NULL,NULL,NULL,0,0,1,1000,NULL,0,0,1,0,0,0,0,0,1,0,0,0,0,0,0,0,0,0,0,0,0,0,0,0,0,0,0,0,0,0,0,0,0,0,0,0,0,0,0,0,99,2,'','Raise your TR 1 step for each Jovian tag you have, including this.'),(198,2,1,31,'Immigration Shuttles',-30,8,0,14,0,9,0,30,0,0,0,0,0,0,0,0,0,0,0,NULL,NULL,NULL,NULL,NULL,0,0,1,1000,NULL,0,0,1,0,0,0,0,1,0,0,0,0,5,0,0,0,0,0,0,0,0,0,0,0,0,0,0,0,0,0,0,0,0,0,0,0,0,0,0,0,0,99,'','Increase your MC production 5 steps. 1 VP for every 3rd city in play.'),(199,3,2,11,'Restricted Area',-30,8,0,14,0,9,0,30,0,0,0,0,0,0,0,0,0,0,0,NULL,NULL,NULL,NULL,NULL,0,0,1,1000,NULL,1,0,0,0,0,0,0,0,0,0,0,0,0,0,0,0,0,0,0,0,0,0,0,0,0,0,0,0,0,0,0,0,0,0,0,0,0,0,0,0,0,0,'Action: Spend 2MC to draw a card.','Place [the restricted area] tile.'),(200,3,1,13,'Immigrant City',-30,8,0,14,0,9,0,30,0,0,0,0,0,0,0,0,0,0,0,NULL,NULL,NULL,NULL,NULL,0,0,1,1000,NULL,0,1,0,0,0,0,1,0,0,0,0,0,0,0,0,0,0,0,0,0,-1,0,0,0,0,0,0,0,0,0,0,0,0,0,0,0,0,0,0,0,0,0,'Effect: Each time a city tile is placed, including this, increase your MC production 1 step.','Decrease your energy production 1 step and decrease your MC production 2 steps. Place a city tile.'),(201,2,2,3,'Energy Tapping',-30,8,0,14,0,9,0,30,0,0,0,0,0,0,0,0,0,0,0,NULL,NULL,NULL,NULL,NULL,0,0,1,1000,NULL,0,0,0,0,0,0,0,0,0,1,0,0,0,0,0,0,0,0,0,0,0,0,0,0,0,0,0,0,0,0,0,0,0,0,0,0,0,0,0,0,0,-1,'','Decrease any energy production 1 step and increase your own 1 step.'),(202,3,1,6,'Underground Detonations',-30,8,0,14,0,9,0,30,0,0,0,0,0,0,0,0,0,0,0,NULL,NULL,NULL,NULL,NULL,0,0,1,1000,NULL,0,1,0,0,0,0,0,0,0,0,0,0,0,0,0,0,0,0,0,0,0,0,0,0,0,0,0,0,0,0,0,0,0,0,0,0,0,0,0,0,0,0,'Action: Spend 10 MC to increase your heat production 2 steps.',''),(203,2,1,35,'Soletta',-30,8,0,14,0,9,0,30,0,0,0,0,0,0,0,0,0,0,0,NULL,NULL,NULL,NULL,NULL,0,0,1,1000,NULL,0,0,1,0,0,0,0,0,0,0,0,0,0,0,0,0,0,0,0,0,0,0,7,0,0,0,0,0,0,0,0,0,0,0,0,0,0,0,0,0,0,0,'','Increase your heat production 7 steps.'),(204,1,2,5,'Technology Demonstration',-30,8,0,14,0,9,0,30,0,0,0,0,0,0,0,0,0,0,0,NULL,NULL,NULL,NULL,NULL,0,0,1,1000,NULL,1,0,1,0,0,0,0,0,0,0,0,1,0,0,0,0,0,0,0,0,0,0,0,0,0,0,0,0,0,0,0,0,0,0,0,0,0,0,0,0,0,0,'','Draw 2 cards.'),(205,2,1,8,'Rad-Chem Factory',-30,8,0,14,0,9,0,30,0,0,0,0,0,0,0,0,0,0,0,NULL,NULL,NULL,NULL,NULL,0,0,1,1000,NULL,0,1,0,0,0,0,0,0,0,0,0,0,0,0,0,0,0,0,0,0,-1,0,0,0,0,0,0,0,0,0,0,0,0,0,0,0,0,0,0,0,2,0,'','Decrease your energy production 1 step. Raise your terraform rating 2 steps.'),(206,1,1,4,'Special Design',-30,8,0,14,0,9,0,30,0,0,0,0,0,0,0,0,0,0,0,NULL,NULL,NULL,NULL,NULL,0,0,1,1000,NULL,1,0,0,0,0,0,0,0,0,0,0,1,0,0,0,0,0,0,0,0,0,0,0,0,0,0,0,0,0,0,0,0,0,0,0,0,0,0,0,0,0,0,'','The next card you play this generation is +2 or -2 in global requirements, your choice.'),(207,2,2,13,'Medical Lab',-30,8,0,14,0,9,0,30,0,0,0,0,0,0,0,0,0,0,0,NULL,NULL,NULL,NULL,NULL,0,0,1,1000,NULL,1,1,0,0,0,0,0,0,0,0,0,0,0,0,0,0,0,0,0,0,0,0,0,0,0,0,0,0,0,0,0,0,0,0,0,0,0,0,0,0,0,1,'','Increase your MC production 1 step for every 2 building tags you have, including this.'),(208,3,2,21,'AI Central',-30,8,0,14,0,9,0,30,3,0,0,0,0,0,0,0,0,0,0,NULL,NULL,NULL,NULL,NULL,0,0,1,1000,NULL,1,1,0,0,0,0,0,0,0,0,0,0,0,0,0,0,0,0,0,0,-1,0,0,0,0,0,0,0,0,0,0,0,0,0,0,0,0,0,0,0,0,1,'Action: Draw 2 cards.','Requires 3 science tags to play. Decrease your energy production 1 step.'),(209,1,3,10,'Small Asteroid',-30,8,0,14,0,9,0,30,0,0,0,0,0,0,0,0,0,0,0,NULL,NULL,NULL,NULL,NULL,0,0,1,1000,NULL,0,0,1,0,0,0,0,0,0,0,0,1,0,0,0,0,0,0,0,0,0,0,0,0,0,0,0,0,0,0,0,0,0,0,0,0,1,0,0,0,0,0,'','Terraforming Mars Promo. Increase temperature 1 step. Remove up to 2 plants from any player.'),(210,3,3,7,'Self-Replicating Robots',-30,8,0,14,0,9,0,30,2,0,0,0,0,0,0,0,0,0,0,NULL,NULL,NULL,NULL,NULL,0,0,1,1000,NULL,0,0,0,0,0,0,0,0,0,0,0,0,0,0,0,0,0,0,0,0,0,0,0,0,0,0,0,0,0,0,0,0,0,0,0,0,0,0,0,0,0,0,'Action: Reveal and place a SPACE OR BUILDING card here from hand, and place 2 resources on it, OR double the resources on a card here. Effect: Cards here may be played as if from hand with its cost reduced by the number of resources on it.','Requires 2 science tags.'),(211,3,3,12,'Snow Algae',-30,8,0,14,2,9,0,30,0,0,0,0,0,0,0,0,0,0,0,NULL,NULL,NULL,NULL,NULL,0,0,1,1000,NULL,0,0,0,0,1,0,0,0,0,0,0,0,0,0,0,0,0,0,1,0,0,0,1,0,0,0,0,0,0,0,0,0,0,0,0,0,0,0,0,0,0,0,'','Requires 2 oceans. Increase your plant production and your heat production 1 step each.'),(212,3,3,7,'Penguins',-30,8,0,14,8,9,0,30,0,0,0,0,0,0,0,0,0,0,0,NULL,NULL,NULL,NULL,NULL,0,0,1,1000,NULL,0,0,0,0,0,1,0,0,0,0,0,0,0,0,0,0,0,0,0,0,0,0,0,0,0,0,0,0,0,0,0,0,0,0,0,0,0,0,0,0,0,99,'Action: Add 1 animal to this card.','Requires 8 Oceans. 1 VP per animal on this card.'),(213,3,4,11,'Aerial Mappers',-30,8,0,14,0,9,0,30,0,0,0,0,0,0,0,0,0,0,0,NULL,NULL,NULL,NULL,NULL,0,0,1,1000,NULL,0,0,0,0,0,0,0,0,0,0,1,0,0,0,0,0,0,0,0,0,0,0,0,0,0,0,0,0,0,0,0,0,0,0,0,0,0,0,0,0,0,1,'Action: Add 1 floater to ANY card, or spend 1 floater here to draw a card.',''),(214,1,4,7,'Aerosport Tournament',-30,8,0,14,0,9,0,30,0,0,0,0,0,0,0,0,0,0,0,NULL,NULL,NULL,NULL,NULL,0,0,1,1000,NULL,0,0,0,0,0,0,0,0,0,0,0,1,0,0,0,0,0,0,0,0,0,0,0,0,0,0,0,0,0,0,0,0,0,0,0,0,0,0,0,0,0,1,'','Requires that you have 5 floaters. Gain 1 MC for each city tile in play.'),(215,1,4,13,'Air-Scrapping Expedition',-30,8,0,14,0,9,0,30,0,0,0,0,0,0,0,0,0,0,0,NULL,NULL,NULL,NULL,NULL,0,0,1,1000,NULL,0,0,0,0,0,0,0,0,0,0,1,1,0,0,0,0,0,0,0,0,0,0,0,0,0,0,0,0,0,0,0,0,0,0,0,0,0,0,0,1,0,0,'','Raise Venus 1 step. Add 3 floaters to ANY VENUS CARD.'),(216,2,4,10,'Atalanta Planitia Lab',-30,8,0,14,0,9,0,30,3,0,0,0,0,0,0,0,0,0,0,NULL,NULL,NULL,NULL,NULL,0,0,1,1000,NULL,1,0,0,0,0,0,0,0,0,0,1,0,0,0,0,0,0,0,0,0,0,0,0,0,0,0,0,0,0,0,0,0,0,0,0,0,0,0,0,0,0,2,'','Requires 3 science tags. Draw 2 cards.'),(217,2,4,22,'Atmoscoop',-30,8,0,14,0,9,0,30,3,0,0,0,0,0,0,0,0,0,0,NULL,NULL,NULL,NULL,NULL,0,0,1,1000,NULL,0,0,1,0,0,0,0,0,1,0,0,0,0,0,0,0,0,0,0,0,0,0,0,0,0,0,0,0,0,0,0,0,0,0,0,0,99,0,0,99,0,1,'','Requires 3 science tags. Either raise the temperature 2 steps, or raise Venus 2 steps. Add 2 floaters to ANY card.'),(218,1,4,11,'Comet for Venus',-30,8,0,14,0,9,0,30,0,0,0,0,0,0,0,0,0,0,0,NULL,NULL,NULL,NULL,NULL,0,0,1,1000,NULL,0,0,1,0,0,0,0,0,0,0,0,1,0,0,0,0,0,0,0,0,0,0,0,0,0,0,0,0,0,0,0,0,0,0,0,0,0,0,0,1,0,0,'','Raise Venus 1 step. Remove up to 4 MC from a player WITH A VENUS TAG IN PLAY.'),(219,2,4,8,'Corroder Suits',-30,8,0,14,0,9,0,30,0,0,0,0,0,0,0,0,0,0,0,NULL,NULL,NULL,NULL,NULL,0,0,1,1000,NULL,0,0,0,0,0,0,0,0,0,0,1,0,2,0,0,0,0,0,0,0,0,0,0,0,0,0,0,0,0,0,0,0,0,0,0,0,0,0,0,0,0,0,'','Increase your MC production 2 steps. Add 1 resource to ANY VENUS CARD.'),(220,2,4,15,'Dawn City',-30,8,0,14,0,9,0,30,4,0,0,0,0,0,0,0,0,0,0,NULL,NULL,NULL,NULL,NULL,0,0,1,1000,NULL,0,0,1,0,0,0,1,0,0,0,0,0,0,0,0,0,1,0,0,0,-1,0,0,0,0,0,0,0,0,0,0,0,0,0,0,0,0,0,0,0,0,3,'','Requires 4 science tags. Decrease your energy production 1 step. Increase your titanium production 1 step. Place a city tile ON THE RESERVED AREA.'),(221,3,4,11,'Deuterium Export',-30,8,0,14,0,9,0,30,0,0,0,0,0,0,0,0,0,0,0,NULL,NULL,NULL,NULL,NULL,0,0,1,1000,NULL,0,0,1,0,0,0,0,0,0,1,1,0,0,0,0,0,0,0,0,0,0,0,0,0,0,0,0,0,0,0,0,0,0,0,0,0,0,0,0,0,0,0,'Action: Add 1 floater to this card, or spend 1 floater here to increase your energy production 1 step.',''),(222,3,4,11,'Dirigibles',-30,8,0,14,0,9,0,30,0,0,0,0,0,0,0,0,0,0,0,NULL,NULL,NULL,NULL,NULL,0,0,1,1000,NULL,0,0,0,0,0,0,0,0,0,0,1,0,0,0,0,0,0,0,0,0,0,0,0,0,0,0,0,0,0,0,0,0,0,0,0,0,0,0,0,0,0,0,'Action: Add 1 floater to ANY card. Effect: When playing a Venus tag, floaters here may be used as payment, and are worth 3 MC each',''),(223,3,4,21,'Extractor Balloons',-30,8,0,14,0,9,0,30,0,0,0,0,0,0,0,0,0,0,0,NULL,NULL,NULL,NULL,NULL,0,0,1,1000,NULL,0,0,0,0,0,0,0,0,0,0,1,0,0,0,0,0,0,0,0,0,0,0,0,0,0,0,0,0,0,0,0,0,0,0,0,0,0,0,0,99,0,0,'Action: Add 1 flaoter to this card, or remove 2 floaters here to raise Venus 1 step.','Add 3 floaters to this card.'),(224,3,4,3,'Extremophiles',-30,8,0,14,0,9,0,30,2,0,0,0,0,0,0,0,0,0,0,NULL,NULL,NULL,NULL,NULL,0,0,1,1000,NULL,0,0,0,1,0,0,0,0,0,0,1,0,0,0,0,0,0,0,0,0,0,0,0,0,0,0,0,0,0,0,0,0,0,0,0,0,0,0,0,0,0,99,'Action: Add 1 microbe to ANY card.','Requires 2 science tags. 1 VP for per 3 microbes on this card.'),(225,3,4,5,'Floating Habs',-30,8,0,14,0,9,0,30,2,0,0,0,0,0,0,0,0,0,0,NULL,NULL,NULL,NULL,NULL,0,0,1,1000,NULL,0,0,0,0,0,0,0,0,0,0,1,0,0,0,0,0,0,0,0,0,0,0,0,0,0,0,0,0,0,0,0,0,0,0,0,0,0,0,0,0,0,99,'Action: Spend 2 MC to add 1 floater to ANY card.','Requires 2 science tags. 1 VP per 2 floaters on this card.'),(226,3,4,8,'Forced Precipitation',-30,8,0,14,0,9,0,30,0,0,0,0,0,0,0,0,0,0,0,NULL,NULL,NULL,NULL,NULL,0,0,1,1000,NULL,0,0,0,0,0,0,0,0,0,0,1,0,0,0,0,0,0,0,0,0,0,0,0,0,0,0,0,0,0,0,0,0,0,0,0,0,0,0,0,99,0,0,'Action: Spend 2 MC to add a floater to this card, or spend 2 floaters here to increase Venus 1 step.',''),(227,2,4,14,'Freyja Biodomes',-30,8,0,14,0,9,10,30,0,0,0,0,0,0,0,0,0,0,0,NULL,NULL,NULL,NULL,NULL,0,0,1,1000,NULL,0,0,0,0,1,0,0,0,0,0,1,0,2,0,0,0,0,0,0,0,-1,0,0,0,0,0,0,0,0,0,0,0,0,0,0,0,0,0,0,0,0,2,'','Requires Venus 10%. Add 2 microbes or 2 animals TO ANOTHER VENUS CARD. Decrease your energy production 1 step, and increase your MC production by 2 steps.'),(228,1,4,23,'GHG Import from Venus',-30,8,0,14,0,9,0,30,0,0,0,0,0,0,0,0,0,0,0,NULL,NULL,NULL,NULL,NULL,0,0,1,1000,NULL,0,0,1,0,0,0,0,0,0,0,1,1,0,0,0,0,0,0,0,0,0,0,3,0,0,0,0,0,0,0,0,0,0,0,0,0,0,0,0,1,0,0,'','Raise Venus 1 step. Increase your heat production 3 steps.'),(229,2,4,27,'Giant Solar Shade',-30,8,0,14,0,9,0,30,0,0,0,0,0,0,0,0,0,0,0,NULL,NULL,NULL,NULL,NULL,0,0,1,1000,NULL,0,0,1,0,0,0,0,0,0,0,1,0,0,0,0,0,0,0,0,0,0,0,0,0,0,0,0,0,0,0,0,0,0,0,0,0,0,0,0,3,0,0,'','Raise Venus 3 steps.'),(230,2,4,20,'Gyropolis',-30,8,0,14,0,9,0,30,0,0,0,0,0,0,0,0,0,0,0,NULL,NULL,NULL,NULL,NULL,0,0,1,1000,NULL,0,1,0,0,0,0,1,0,0,0,0,0,0,0,0,0,0,0,0,0,-2,0,0,0,0,0,0,0,0,0,0,0,0,0,0,0,0,0,0,0,0,0,'','Decrease your energy production 2 steps. Increase your MC production 1  step for each Venus and Earth tag you have. Place a city tile.'),(231,1,4,11,'Hydrogen to Venus',-30,8,0,14,0,9,0,30,0,0,0,0,0,0,0,0,0,0,0,NULL,NULL,NULL,NULL,NULL,0,0,1,1000,NULL,0,0,1,0,0,0,0,0,0,0,0,1,0,0,0,0,0,0,0,0,0,0,0,0,0,0,0,0,0,0,0,0,0,0,0,0,0,0,0,1,0,0,'','Raise Venus 1 step. Add 1 floater to A VENUS CARD for each Jovian tag you have.'),(232,2,4,17,'Io Sulphur Research',-30,8,0,14,0,9,0,30,0,0,0,0,0,0,0,0,0,0,0,NULL,NULL,NULL,NULL,NULL,0,0,1,1000,NULL,1,0,0,0,0,0,0,0,1,0,0,0,0,0,0,0,0,0,0,0,0,0,0,0,0,0,0,0,0,0,0,0,0,0,0,0,0,0,0,0,0,2,'','Draw 1 card, or draw 3 cards if you have at least 3 Venus tags.'),(233,2,4,5,'Ishtar Mining',-30,8,0,14,0,9,8,30,0,0,0,0,0,0,0,0,0,0,0,NULL,NULL,NULL,NULL,NULL,0,0,1,1000,NULL,0,0,0,0,0,0,0,0,0,0,1,0,0,0,0,0,1,0,0,0,0,0,0,0,0,0,0,0,0,0,0,0,0,0,0,0,0,0,0,0,0,0,'','Requires Venus 8%. Increase your titanium production 1 step.'),(234,3,4,12,'Jet Stream Microscrappers',-30,8,0,14,0,9,0,30,0,0,0,0,0,0,0,0,0,0,0,NULL,NULL,NULL,NULL,NULL,0,0,1,1000,NULL,0,0,0,0,0,0,0,0,0,0,1,0,0,0,0,0,0,0,0,0,0,0,0,0,0,0,0,0,0,0,0,0,0,0,0,0,0,0,0,99,0,0,'Action: Spend 1 titanium to add 2 floaters to this card, or remove 2 floaters here to raise Venus 1 step.',''),(235,3,4,4,'Local Shading',-30,8,0,14,0,9,0,30,0,0,0,0,0,0,0,0,0,0,0,NULL,NULL,NULL,NULL,NULL,0,0,1,1000,NULL,0,0,0,0,0,0,0,0,0,0,1,0,0,0,0,0,0,0,0,0,0,0,0,0,0,0,0,0,0,0,0,0,0,0,0,0,0,0,0,0,0,0,'Action: Add 1 floater to this card, or spend 1 floater here to raise your MC production 1 step.',''),(236,2,4,21,'Luna Metropolis',-30,8,0,14,0,9,0,30,0,0,0,0,0,0,0,0,0,0,0,NULL,NULL,NULL,NULL,NULL,0,0,1,1000,NULL,0,0,1,0,0,0,1,1,0,0,0,0,0,0,0,0,0,0,0,0,0,0,0,0,0,0,0,0,0,0,0,0,0,0,0,0,0,0,0,0,0,2,'','Increase your MC production 1 step for each Earth tag you have, including this. Place a city tile ON THE RESERVED AREA.'),(237,2,4,8,'Luxury Foods',-30,8,0,14,0,9,0,30,0,0,0,0,0,0,0,1,1,0,1,NULL,NULL,NULL,NULL,NULL,0,0,1,1000,NULL,0,0,0,0,0,0,0,0,0,0,0,0,0,0,0,0,0,0,0,0,0,0,0,0,0,0,0,0,0,0,0,0,0,0,0,0,0,0,0,0,0,2,'','Requires Venus, Earth and Jovian tags.'),(238,3,4,18,'Maxwell Base',-30,8,0,14,0,9,12,30,0,0,0,0,0,0,0,0,0,0,0,NULL,NULL,NULL,NULL,NULL,0,0,1,1000,NULL,0,0,0,0,0,0,1,0,0,0,1,0,0,0,0,0,0,0,0,0,-1,0,0,0,0,0,0,0,0,0,0,0,0,0,0,0,0,0,0,0,0,3,'Action: Add 1 resource to ANOTEHR VENUS CARD.','Requires Venus 12%. Decrease your energy production 1 step. Place a city tile ON THE RESERVED AREA.'),(239,2,4,5,'Mining Quota',-30,8,0,14,0,9,0,30,0,0,0,0,0,0,0,1,1,0,1,NULL,NULL,NULL,NULL,NULL,0,0,1,1000,NULL,0,1,0,0,0,0,0,0,0,0,0,0,0,0,2,0,0,0,0,0,0,0,0,0,0,0,0,0,0,0,0,0,0,0,0,0,0,0,0,0,0,0,'','Requires Venus, Earth and Jovian tags. Increase your steel production 2 steps.'),(240,2,4,7,'Neutralizer Factory',-30,8,0,14,0,9,10,30,0,0,0,0,0,0,0,0,0,0,0,NULL,NULL,NULL,NULL,NULL,0,0,1,1000,NULL,0,0,0,0,0,0,0,0,0,0,1,0,0,0,0,0,0,0,0,0,0,0,0,0,0,0,0,0,0,0,0,0,0,0,0,0,0,0,0,1,0,0,'','Requires Venus 10%. Increase Venus 1 step.'),(241,2,4,11,'Omnicourt',-30,8,0,14,0,9,0,30,0,0,0,0,0,0,0,1,1,0,1,NULL,NULL,NULL,NULL,NULL,0,0,1,1000,NULL,0,1,0,0,0,0,0,0,0,0,0,0,0,0,0,0,0,0,0,0,0,0,0,0,0,0,0,0,0,0,0,0,0,0,0,0,0,0,0,0,2,0,'','Requires Venus, Earth, and Jovian tags. Increase your TR 2 steps.'),(242,2,4,26,'Orbital Reflectors',-30,8,0,14,0,9,0,30,0,0,0,0,0,0,0,0,0,0,0,NULL,NULL,NULL,NULL,NULL,0,0,1,1000,NULL,0,0,1,0,0,0,0,0,0,0,1,0,0,0,0,0,0,0,0,0,0,0,2,0,0,0,0,0,0,0,0,0,0,0,0,0,0,0,0,2,0,0,'','Raise Venus 2 steps. Increase your heat production 2 steps.'),(243,3,4,6,'Rotator Impacts',-30,8,0,14,0,9,0,14,0,0,0,0,0,0,0,0,0,0,0,NULL,NULL,NULL,NULL,NULL,0,0,1,1000,NULL,0,0,1,0,0,0,0,0,0,0,0,0,0,0,0,0,0,0,0,0,0,0,0,0,0,0,0,0,0,0,0,0,0,0,0,0,0,0,0,99,0,0,'Action: Spend 6 MC to add an asteroid resource to this card (TITANIUM MAY BE USED), or spend 1 resource from this card to increase VENUS 1 step.','Venus must be 14% or lower.'),(244,2,4,7,'Sister Planet Support',-30,8,0,14,0,9,0,30,0,0,0,0,0,0,0,1,0,0,1,NULL,NULL,NULL,NULL,NULL,0,0,1,1000,NULL,0,0,0,0,0,0,0,1,0,0,1,0,3,0,0,0,0,0,0,0,0,0,0,0,0,0,0,0,0,0,0,0,0,0,0,0,0,0,0,0,0,0,'','Requires Venus and Earth tag. Increase your MC production 3 steps.'),(245,2,4,7,'Solarnet',-30,8,0,14,0,9,0,30,0,0,0,0,0,0,0,1,1,0,1,NULL,NULL,NULL,NULL,NULL,0,0,1,1000,NULL,0,0,0,0,0,0,0,0,0,0,0,0,0,0,0,0,0,0,0,0,0,0,0,0,0,0,0,0,0,0,0,0,0,0,0,0,0,0,0,0,0,1,'','Requires Venus, Earth, and Jovian tags. Draw 2 cards.'),(246,1,4,16,'Spin-Inducing Asteroid',-30,8,0,14,0,9,0,10,0,0,0,0,0,0,0,0,0,0,0,NULL,NULL,NULL,NULL,NULL,0,0,1,1000,NULL,0,0,1,0,0,0,0,0,0,0,0,1,0,0,0,0,0,0,0,0,0,0,0,0,0,0,0,0,0,0,0,0,0,0,0,0,0,0,0,2,0,0,'','Venus must be 10% or lower. Raise Venus 2 steps.'),(247,2,4,9,'Sponsored Academies',-30,8,0,14,0,9,0,30,0,0,0,0,0,0,0,0,0,0,0,NULL,NULL,NULL,NULL,NULL,0,0,1,1000,NULL,1,0,0,0,0,0,0,1,0,0,0,0,0,0,0,0,0,0,0,0,0,0,0,0,0,0,0,0,0,0,0,0,0,0,0,0,0,0,0,0,0,1,'','Discard 1 card from hand and THEN draw 3 cards. All OPPONENTS draw 1 card.'),(248,3,4,22,'Stratopolis',-30,8,0,14,0,9,0,30,2,0,0,0,0,0,0,0,0,0,0,NULL,NULL,NULL,NULL,NULL,0,0,1,1000,NULL,0,0,0,0,0,0,1,0,0,0,1,0,2,0,0,0,0,0,0,0,0,0,0,0,0,0,0,0,0,0,0,0,0,0,0,0,0,0,0,0,0,99,'Action: Add 2 floaters to ANY VENUS CARD.','Requires 2 science tags. Increase your MC production 2 steps. Place a city tile on THE RESERVED AREA. 1 VP per 3 floaters on this card.'),(249,3,4,12,'Stratospheric Birds',-30,8,0,14,0,9,12,30,0,0,0,0,0,0,0,0,0,0,0,NULL,NULL,NULL,NULL,NULL,0,0,1,1000,NULL,0,0,0,0,0,1,0,0,0,0,1,0,0,0,0,0,0,0,0,0,0,0,0,0,0,0,0,0,0,0,0,0,0,0,0,0,0,0,0,0,0,99,'Action: Add 1 animal to this card.','Requires Venus 12%, and that you spend 1 floater from any card. 1 VP for each animal on this card.'),(250,2,4,21,'Sulphur Exports',-30,8,0,14,0,9,0,30,0,0,0,0,0,0,0,0,0,0,0,NULL,NULL,NULL,NULL,NULL,0,0,1,1000,NULL,0,0,1,0,0,0,0,0,0,0,1,0,0,0,0,0,0,0,0,0,0,0,0,0,0,0,0,0,0,0,0,0,0,0,0,0,0,0,0,1,0,0,'','Increase Venus 1 step. Increase your MC production 1 step for each Venus tag you have, including this.'),(251,3,4,6,'Sulphur-Eating Bacteria',-30,8,0,14,0,9,6,30,0,0,0,0,0,0,0,0,0,0,0,NULL,NULL,NULL,NULL,NULL,0,0,1,1000,NULL,0,0,0,1,0,0,0,0,0,0,1,0,0,0,0,0,0,0,0,0,0,0,0,0,0,0,0,0,0,0,0,0,0,0,0,0,0,0,0,0,0,0,'Action: Add 1 microbe to this card, or spend any number of microbes here to gain the triple amount of MC.','Requires Venus 6%.'),(252,2,4,8,'Terraforming Contract',-30,8,0,14,0,9,0,30,0,0,0,0,0,0,0,0,0,0,0,NULL,NULL,NULL,NULL,NULL,0,0,1,1000,NULL,0,0,0,0,0,0,0,1,0,0,0,0,4,0,0,0,0,0,0,0,0,0,0,0,0,0,0,0,0,0,0,0,0,0,0,0,0,0,0,0,0,0,'','Requires that you have at least 25 TR. Increase your MC production 4 steps.'),(253,3,4,9,'Thermophiles',-30,8,0,14,0,9,6,30,0,0,0,0,0,0,0,0,0,0,0,NULL,NULL,NULL,NULL,NULL,0,0,1,1000,NULL,0,0,0,1,0,0,0,0,0,0,1,0,0,0,0,0,0,0,0,0,0,0,0,0,0,0,0,0,0,0,0,0,0,0,0,0,0,0,0,99,0,0,'Action: Add 1 microbe to ANY VENUS CARD, or spend 2 microbes here to raise Venus 1 step.','Requires Venus 6%.'),(254,1,4,9,'Water to Venus',-30,8,0,14,0,9,0,30,0,0,0,0,0,0,0,0,0,0,0,NULL,NULL,NULL,NULL,NULL,0,0,1,1000,NULL,0,0,1,0,0,0,0,0,0,0,0,1,0,0,0,0,0,0,0,0,0,0,0,0,0,0,0,0,0,0,0,0,0,0,0,0,0,0,0,1,0,0,'','Raise Venus 1 step.'),(255,2,4,4,'Venus Governor',-30,8,0,14,0,9,0,30,0,0,0,0,0,0,0,0,0,0,2,NULL,NULL,NULL,NULL,NULL,0,0,1,1000,NULL,0,0,0,0,0,0,0,0,0,0,2,0,2,0,0,0,0,0,0,0,0,0,0,0,0,0,0,0,0,0,0,0,0,0,0,0,0,0,0,0,0,0,'','Requires 2 Venus tags. Increase your MC production 2 steps.'),(256,3,4,7,'Venus Magnetizer',-30,8,0,14,0,9,10,30,0,0,0,0,0,0,0,0,0,0,0,NULL,NULL,NULL,NULL,NULL,0,0,1,1000,NULL,0,0,0,0,0,0,0,0,0,0,1,0,0,0,0,0,0,0,0,0,0,0,0,0,0,0,0,0,0,0,0,0,0,0,0,0,0,0,0,99,0,0,'Action: Decrease your energy production 1 step to raise Venus 1 step.','Requires Venus 10%'),(257,2,4,20,'Venus Soil',-30,8,0,14,0,9,0,30,0,0,0,0,0,0,0,0,0,0,0,NULL,NULL,NULL,NULL,NULL,0,0,1,1000,NULL,0,0,0,0,1,0,0,0,0,0,1,0,0,0,0,0,0,0,1,0,0,0,0,0,0,0,0,0,0,0,0,0,0,0,0,0,0,0,0,1,0,0,'','Raise Venus 1 step. Increase your plant production 1 step. Add 2 microbes to ANOTHER card.'),(258,3,4,9,'Venus Waystation',-30,8,0,14,0,9,0,30,0,0,0,0,0,0,0,0,0,0,0,NULL,NULL,NULL,NULL,NULL,0,0,1,1000,NULL,0,0,1,0,0,0,0,0,0,0,1,0,0,0,0,0,0,0,0,0,0,0,0,0,0,0,0,0,0,0,0,0,0,0,0,0,0,0,0,0,0,1,'Effect: When you play a Venus tag, you pay 2 MC less for it.',''),(259,3,4,15,'Venusian Animals',-30,8,0,14,0,9,18,30,0,0,0,0,0,0,0,0,0,0,0,NULL,NULL,NULL,NULL,NULL,0,0,1,1000,NULL,1,0,0,0,0,1,0,0,0,0,1,0,0,0,0,0,0,0,0,0,0,0,0,0,0,0,0,0,0,0,0,0,0,0,0,0,0,0,0,0,0,99,'Effect: When you play a science tag, including this, add 1 animal to this card.','Requires Venus 18%. 1 VP for each animal on this card.'),(260,3,4,5,'Venusian Insects',-30,8,0,14,0,9,12,30,0,0,0,0,0,0,0,0,0,0,0,NULL,NULL,NULL,NULL,NULL,0,0,1,1000,NULL,0,0,0,1,0,0,0,0,0,0,1,0,0,0,0,0,0,0,0,0,0,0,0,0,0,0,0,0,0,0,0,0,0,0,0,0,0,0,0,0,0,99,'Action: Add 1 microbe to this card.','Requires Venus 12%. 1 VP per 2 microbes on this card.'),(261,2,4,13,'Venusian Plants',-30,8,0,14,0,9,16,30,0,0,0,0,0,0,0,0,0,0,0,NULL,NULL,NULL,NULL,NULL,0,0,1,1000,NULL,0,0,0,1,0,0,0,0,0,0,1,0,0,0,0,0,0,0,0,0,0,0,0,0,0,0,0,0,0,0,0,0,0,0,0,0,0,0,0,1,0,1,'','Requires Venus 16%. Raise Venus 1 step. Add 1 microbe or 1 animal to ANOTHER VENUS CARD.');
/*!40000 ALTER TABLE `mars_cards` ENABLE KEYS */;
UNLOCK TABLES;

--
-- Table structure for table `mars_game_cards`
--

DROP TABLE IF EXISTS `mars_game_cards`;
/*!40101 SET @saved_cs_client     = @@character_set_client */;
/*!40101 SET character_set_client = utf8 */;
CREATE TABLE `mars_game_cards` (
  `id` int(11) NOT NULL AUTO_INCREMENT,
  `game_id` int(11) NOT NULL,
  `card_id` int(11) NOT NULL,
  `generation_id` int(11) NOT NULL,
  `player_id` int(11) NOT NULL,
  PRIMARY KEY (`id`)
) ENGINE=InnoDB AUTO_INCREMENT=2272 DEFAULT CHARSET=latin1;
/*!40101 SET character_set_client = @saved_cs_client */;

--
-- Dumping data for table `mars_game_cards`
--

LOCK TABLES `mars_game_cards` WRITE;
/*!40000 ALTER TABLE `mars_game_cards` DISABLE KEYS */;
INSERT INTO `mars_game_cards` VALUES (1,1,1,0,0),(2,1,2,0,0),(3,1,3,0,0),(4,1,4,0,0),(5,1,5,0,0),(6,1,6,0,0),(7,1,7,0,0),(8,1,8,0,0),(9,1,9,0,0),(10,1,10,0,0),(11,1,11,0,0),(12,1,12,0,0),(13,1,13,0,0),(14,1,14,0,0),(15,1,15,0,0),(16,1,16,0,0),(17,1,17,0,0),(18,1,18,0,0),(19,1,19,0,0),(20,1,20,0,0),(21,1,21,0,0),(22,1,22,0,0),(23,1,23,0,0),(24,1,24,0,0),(25,1,25,0,0),(26,1,26,0,0),(27,1,27,0,0),(28,1,28,0,0),(29,1,29,0,0),(30,1,30,0,0),(31,1,31,0,0),(32,1,32,0,0),(33,1,33,0,0),(34,1,34,0,0),(35,1,35,0,0),(36,1,36,0,0),(37,1,37,0,0),(38,1,38,0,0),(39,1,39,0,0),(40,1,40,0,0),(41,1,41,0,0),(42,1,42,0,0),(43,1,43,0,0),(44,1,44,0,0),(45,1,45,0,0),(46,1,46,0,0),(47,1,47,0,0),(48,1,48,0,0),(49,1,49,0,0),(50,1,50,0,0),(51,1,51,0,0),(52,1,52,0,0),(53,1,53,0,0),(54,1,54,0,0),(55,1,55,0,0),(56,1,56,0,0),(57,1,57,0,0),(58,1,58,0,0),(59,1,59,0,0),(60,1,60,0,0),(61,1,61,0,0),(62,1,62,0,0),(63,1,63,0,0),(64,1,64,0,0),(65,1,65,0,0),(66,1,66,0,0),(67,1,67,0,0),(68,1,68,0,0),(69,1,69,0,0),(70,1,70,0,0),(71,1,71,0,0),(72,1,72,0,0),(73,1,73,0,0),(74,1,74,0,0),(75,1,75,0,0),(76,1,76,0,0),(77,1,77,0,0),(78,1,78,0,0),(79,1,79,0,0),(80,1,80,0,0),(81,1,81,0,0),(82,1,82,0,0),(83,1,83,0,0),(84,1,84,0,0),(85,1,85,0,0),(86,1,86,0,0),(87,1,87,0,0),(88,1,88,0,0),(89,1,89,0,0),(90,1,90,0,0),(91,1,91,0,0),(92,1,92,0,0),(93,1,93,0,0),(94,1,94,0,0),(95,1,95,0,0),(96,1,96,0,0),(97,1,97,0,0),(98,1,98,0,0),(99,1,99,0,0),(100,1,100,0,0),(101,1,101,0,0),(102,1,102,0,0),(103,1,103,0,0),(104,1,104,0,0),(105,1,105,0,0),(106,1,106,0,0),(107,1,107,0,0),(108,1,108,0,0),(109,1,109,0,0),(110,1,110,0,0),(111,1,111,0,0),(112,1,112,0,0),(113,1,113,0,0),(114,1,114,0,0),(115,1,115,0,0),(116,1,116,0,0),(117,1,117,0,0),(118,1,118,0,0),(119,1,119,0,0),(120,1,120,0,0),(121,1,121,0,0),(122,1,122,0,0),(123,1,123,0,0),(124,1,124,0,0),(125,1,125,0,0),(126,1,126,0,0),(127,1,127,0,0),(128,1,128,0,0),(129,1,129,0,0),(130,1,130,0,0),(131,1,131,0,0),(132,1,132,0,0),(133,1,133,0,0),(134,1,134,0,0),(135,1,135,0,0),(136,1,136,0,0),(137,1,137,0,0),(138,1,138,0,0),(139,1,139,0,0),(140,1,140,0,0),(141,1,141,0,0),(142,1,142,0,0),(143,1,143,0,0),(144,1,144,0,0),(145,1,145,0,0),(146,1,146,0,0),(147,1,147,0,0),(148,1,148,0,0),(149,1,149,0,0),(150,1,150,0,0),(151,1,151,0,0),(152,1,152,0,0),(153,1,153,0,0),(154,1,154,0,0),(155,1,155,0,0),(156,1,156,0,0),(157,1,157,0,0),(158,1,158,0,0),(159,1,159,0,0),(160,1,160,0,0),(161,1,161,0,0),(162,1,162,0,0),(163,1,163,0,0),(164,1,164,0,0),(165,1,165,0,0),(166,1,166,0,0),(167,1,167,0,0),(168,1,168,0,0),(169,1,169,0,0),(170,1,170,0,0),(171,1,171,0,0),(172,1,172,0,0),(173,1,173,0,0),(174,1,174,0,0),(175,1,175,0,0),(176,1,176,0,0),(177,1,177,0,0),(178,1,178,0,0),(179,1,179,0,0),(180,1,180,0,0),(181,1,181,0,0),(182,1,182,0,0),(183,1,183,0,0),(184,1,184,0,0),(185,1,185,0,0),(186,1,186,0,0),(187,1,187,0,0),(188,1,188,0,0),(189,1,189,0,0),(190,1,190,0,0),(191,1,191,0,0),(192,1,192,0,0),(193,1,193,0,0),(194,1,194,0,0),(195,1,195,0,0),(196,1,196,0,0),(197,1,197,0,0),(198,1,198,0,0),(199,1,199,0,0),(200,1,200,0,0),(201,1,201,0,0),(202,1,202,0,0),(203,1,203,0,0),(204,1,204,0,0),(205,1,205,0,0),(206,1,206,0,0),(207,1,207,0,0),(208,1,208,0,0),(256,6,1,0,0),(257,6,2,0,0),(258,6,3,0,0),(259,6,4,0,0),(260,6,5,0,0),(261,6,6,0,0),(262,6,7,0,0),(263,6,8,0,0),(264,6,9,0,0),(265,6,10,0,0),(266,6,11,0,0),(267,6,12,0,0),(268,6,13,0,0),(269,6,14,0,0),(270,6,15,0,0),(271,6,16,0,0),(272,6,17,0,0),(273,6,18,0,0),(274,6,19,0,0),(275,6,20,0,0),(276,6,21,0,0),(277,6,22,0,0),(278,6,23,0,0),(279,6,24,0,0),(280,6,25,0,0),(281,6,26,0,0),(282,6,27,0,0),(283,6,28,0,0),(284,6,29,0,0),(285,6,30,0,0),(286,6,31,0,0),(287,6,32,0,0),(288,6,33,0,0),(289,6,34,0,0),(290,6,35,0,0),(291,6,36,0,0),(292,6,37,0,0),(293,6,38,0,0),(294,6,39,0,0),(295,6,40,0,0),(296,6,41,0,0),(297,6,42,0,0),(298,6,43,0,0),(299,6,44,0,0),(300,6,45,0,0),(301,6,46,0,0),(302,6,47,0,0),(303,6,48,0,0),(304,6,49,0,0),(305,6,50,0,0),(306,6,51,0,0),(307,6,52,0,0),(308,6,53,0,0),(309,6,54,0,0),(310,6,55,0,0),(311,6,56,0,0),(312,6,57,0,0),(313,6,58,0,0),(314,6,59,0,0),(315,6,60,0,0),(316,6,61,0,0),(317,6,62,0,0),(318,6,63,0,0),(319,6,64,0,0),(320,6,65,0,0),(321,6,66,0,0),(322,6,67,0,0),(323,6,68,0,0),(324,6,69,0,0),(325,6,70,0,0),(326,6,71,0,0),(327,6,72,0,0),(328,6,73,0,0),(329,6,74,0,0),(330,6,75,0,0),(331,6,76,0,0),(332,6,77,0,0),(333,6,78,0,0),(334,6,79,0,0),(335,6,80,0,0),(336,6,81,0,0),(337,6,82,0,0),(338,6,83,0,0),(339,6,84,0,0),(340,6,85,0,0),(341,6,86,0,0),(342,6,87,0,0),(343,6,88,0,0),(344,6,89,0,0),(345,6,90,0,0),(346,6,91,0,0),(347,6,92,0,0),(348,6,93,0,0),(349,6,94,0,0),(350,6,95,0,0),(351,6,96,0,0),(352,6,97,0,0),(353,6,98,0,0),(354,6,99,0,0),(355,6,100,0,0),(356,6,101,0,0),(357,6,102,0,0),(358,6,103,0,0),(359,6,104,0,0),(360,6,105,0,0),(361,6,106,0,0),(362,6,107,0,0),(363,6,108,0,0),(364,6,109,0,0),(365,6,110,0,0),(366,6,111,0,0),(367,6,112,0,0),(368,6,113,0,0),(369,6,114,0,0),(370,6,115,0,0),(371,6,116,0,0),(372,6,117,0,0),(373,6,118,0,0),(374,6,119,0,0),(375,6,120,0,0),(376,6,121,0,0),(377,6,122,0,0),(378,6,123,0,0),(379,6,124,0,0),(380,6,125,0,0),(381,6,126,0,0),(382,6,127,0,0),(383,6,128,0,0),(384,6,129,0,0),(385,6,130,0,0),(386,6,131,0,0),(387,6,132,0,0),(388,6,133,0,0),(389,6,134,0,0),(390,6,135,0,0),(391,6,136,0,0),(392,6,137,0,0),(393,6,138,0,0),(394,6,139,0,0),(395,6,140,0,0),(396,6,141,0,0),(397,6,142,0,0),(398,6,143,0,0),(399,6,144,0,0),(400,6,145,0,0),(401,6,146,0,0),(402,6,147,0,0),(403,6,148,0,0),(404,6,149,0,0),(405,6,150,0,0),(406,6,151,0,0),(407,6,152,0,0),(408,6,153,0,0),(409,6,154,0,0),(410,6,155,0,0),(411,6,156,0,0),(412,6,157,0,0),(413,6,158,0,0),(414,6,159,0,0),(415,6,160,0,0),(416,6,161,0,0),(417,6,162,0,0),(418,6,163,0,0),(419,6,164,0,0),(420,6,165,0,0),(421,6,166,0,0),(422,6,167,0,0),(423,6,168,0,0),(424,6,169,0,0),(425,6,170,0,0),(426,6,171,0,0),(427,6,172,0,0),(428,6,173,0,0),(429,6,174,0,0),(430,6,175,0,0),(431,6,176,0,0),(432,6,177,0,0),(433,6,178,0,0),(434,6,179,0,0),(435,6,180,0,0),(436,6,181,0,0),(437,6,182,0,0),(438,6,183,0,0),(439,6,184,0,0),(440,6,185,0,0),(441,6,186,0,0),(442,6,187,0,0),(443,6,188,0,0),(444,6,189,0,0),(445,6,190,0,0),(446,6,191,0,0),(447,6,192,0,0),(448,6,193,0,0),(449,6,194,0,0),(450,6,195,0,0),(451,6,196,0,0),(452,6,197,0,0),(453,6,198,0,0),(454,6,199,0,0),(455,6,200,0,0),(456,6,201,0,0),(457,6,202,0,0),(458,6,203,0,0),(459,6,204,0,0),(460,6,205,0,0),(461,6,206,0,0),(462,6,207,0,0),(463,6,208,0,0),(464,6,209,0,0),(465,6,210,0,0),(466,6,211,0,0),(467,6,212,0,0),(468,6,213,0,0),(469,6,214,0,0),(470,6,215,0,0),(471,6,216,0,0),(472,6,217,0,0),(473,6,218,0,0),(474,6,219,0,0),(475,6,220,0,0),(476,6,221,0,0),(477,6,222,0,0),(478,6,223,0,0),(479,6,224,0,0),(480,6,225,0,0),(481,6,226,0,0),(482,6,227,0,0),(483,6,228,0,0),(484,6,229,0,0),(485,6,230,0,0),(486,6,231,0,0),(487,6,232,0,0),(488,6,233,0,0),(489,6,234,0,0),(490,6,235,0,0),(491,6,236,0,0),(492,6,237,0,0),(493,6,238,0,0),(494,6,239,0,0),(495,6,240,0,0),(496,6,241,0,0),(497,6,242,0,0),(498,6,243,0,0),(499,6,244,0,0),(500,6,245,0,0),(501,6,246,0,0),(502,6,247,0,0),(503,6,248,0,0),(504,6,249,0,0),(505,6,250,0,0),(506,6,251,0,0),(507,6,252,0,0),(508,6,253,0,0),(509,6,254,0,0),(510,6,255,0,0),(511,6,256,0,0),(512,6,257,0,0),(513,6,258,0,0),(514,6,259,0,0),(515,6,260,0,0),(516,6,261,0,0),(517,7,1,0,0),(518,7,2,0,0),(519,7,3,0,0),(520,7,4,6,1),(521,7,5,0,0),(522,7,6,0,0),(523,7,7,0,0),(524,7,8,0,0),(525,7,9,0,0),(526,7,10,4,1),(527,7,11,3,1),(528,7,12,6,1),(529,7,13,5,1),(530,7,14,0,0),(531,7,15,0,0),(532,7,16,6,1),(533,7,17,5,1),(534,7,18,6,1),(535,7,19,0,0),(536,7,20,0,0),(537,7,21,0,0),(538,7,22,0,0),(539,7,23,0,0),(540,7,24,1,1),(541,7,25,5,1),(542,7,26,0,0),(543,7,27,4,1),(544,7,28,0,0),(545,7,29,0,0),(546,7,30,2,1),(547,7,31,0,0),(548,7,32,0,0),(549,7,33,0,0),(550,7,34,0,0),(551,7,35,0,0),(552,7,36,0,0),(553,7,37,0,0),(554,7,38,0,0),(555,7,39,1,1),(556,7,40,1,1),(557,7,41,0,0),(558,7,42,0,0),(559,7,43,0,0),(560,7,44,0,0),(561,7,45,0,0),(562,7,46,0,0),(563,7,47,0,0),(564,7,48,0,0),(565,7,49,2,1),(566,7,50,0,0),(567,7,51,0,0),(568,7,52,0,0),(569,7,53,0,0),(570,7,54,0,0),(571,7,55,0,0),(572,7,56,0,0),(573,7,57,0,0),(574,7,58,1,1),(575,7,59,0,0),(576,7,60,0,0),(577,7,61,0,0),(578,7,62,1,1),(579,7,63,1,1),(580,7,64,0,0),(581,7,65,6,1),(582,7,66,0,0),(583,7,67,0,0),(584,7,68,2,1),(585,7,69,0,0),(586,7,70,0,0),(587,7,71,4,1),(588,7,72,3,1),(589,7,73,0,0),(590,7,74,0,0),(591,7,75,0,0),(592,7,76,2,1),(593,7,77,3,1),(594,7,78,0,0),(595,7,79,0,0),(596,7,80,0,0),(597,7,81,6,1),(598,7,82,0,0),(599,7,83,0,0),(600,7,84,0,0),(601,7,85,0,0),(602,7,86,0,0),(603,7,87,4,1),(604,7,88,0,0),(605,7,89,0,0),(606,7,90,0,0),(607,7,91,0,0),(608,7,92,0,0),(609,7,93,0,0),(610,7,94,0,0),(611,7,95,6,1),(612,7,96,0,0),(613,7,97,0,0),(614,7,98,0,0),(615,7,99,0,0),(616,7,100,0,0),(617,7,101,0,0),(618,7,102,0,0),(619,7,103,3,1),(620,7,104,4,1),(621,7,105,0,0),(622,7,106,3,1),(623,7,107,0,0),(624,7,108,0,0),(625,7,109,0,0),(626,7,110,0,0),(627,7,111,0,0),(628,7,112,0,0),(629,7,113,0,0),(630,7,114,0,0),(631,7,115,0,0),(632,7,116,0,0),(633,7,117,0,0),(634,7,118,0,0),(635,7,119,0,0),(636,7,120,0,0),(637,7,121,0,0),(638,7,122,1,1),(639,7,123,0,0),(640,7,124,0,0),(641,7,125,0,0),(642,7,126,0,0),(643,7,127,3,1),(644,7,128,0,0),(645,7,129,0,0),(646,7,130,0,0),(647,7,131,0,0),(648,7,132,0,0),(649,7,133,0,0),(650,7,134,0,0),(651,7,135,0,0),(652,7,136,0,0),(653,7,137,6,1),(654,7,138,0,0),(655,7,139,0,0),(656,7,140,1,1),(657,7,141,0,0),(658,7,142,5,1),(659,7,143,0,0),(660,7,144,0,0),(661,7,145,2,1),(662,7,146,0,0),(663,7,147,1,1),(664,7,148,1,1),(665,7,149,0,0),(666,7,150,0,0),(667,7,151,0,0),(668,7,152,0,0),(669,7,153,0,0),(670,7,154,0,0),(671,7,155,0,0),(672,7,156,0,0),(673,7,157,6,1),(674,7,158,6,1),(675,7,159,0,0),(676,7,160,0,0),(677,7,161,0,0),(678,7,162,0,0),(679,7,163,0,0),(680,7,164,0,0),(681,7,165,0,0),(682,7,166,6,1),(683,7,167,0,0),(684,7,168,0,0),(685,7,169,0,0),(686,7,170,0,0),(687,7,171,3,1),(688,7,172,0,0),(689,7,173,1,1),(690,7,174,1,1),(691,7,175,0,0),(692,7,176,0,0),(693,7,177,0,0),(694,7,178,0,0),(695,7,179,0,0),(696,7,180,0,0),(697,7,181,3,1),(698,7,182,0,0),(699,7,183,6,1),(700,7,184,0,0),(701,7,185,1,1),(702,7,186,4,1),(703,7,187,0,0),(704,7,188,0,0),(705,7,189,0,0),(706,7,190,0,0),(707,7,191,0,0),(708,7,192,4,1),(709,7,193,0,0),(710,7,194,0,0),(711,7,195,0,0),(712,7,196,0,0),(713,7,197,0,0),(714,7,198,0,0),(715,7,199,6,1),(716,7,200,6,1),(717,7,201,0,0),(718,7,202,0,0),(719,7,203,0,0),(720,7,204,0,0),(721,7,205,0,0),(722,7,206,2,1),(723,7,207,0,0),(724,7,208,4,1),(725,7,209,2,1),(726,7,210,0,0),(727,7,211,0,0),(728,7,212,0,0),(729,7,213,0,0),(730,7,214,6,1),(731,7,215,0,0),(732,7,216,0,0),(733,7,217,0,0),(734,7,218,0,0),(735,7,219,0,0),(736,7,220,0,0),(737,7,221,0,0),(738,7,222,0,0),(739,7,223,0,0),(740,7,224,2,1),(741,7,225,6,1),(742,7,226,0,0),(743,7,227,0,0),(744,7,228,1,1),(745,7,229,5,1),(746,7,230,0,0),(747,7,231,1,1),(748,7,232,0,0),(749,7,233,0,0),(750,7,234,0,0),(751,7,235,0,0),(752,7,236,0,0),(753,7,237,0,0),(754,7,238,0,0),(755,7,239,0,0),(756,7,240,0,0),(757,7,241,0,0),(758,7,242,0,0),(759,7,243,0,0),(760,7,244,0,0),(761,7,245,1,1),(762,7,246,0,0),(763,7,247,5,1),(764,7,248,0,0),(765,7,249,0,0),(766,7,250,0,0),(767,7,251,0,0),(768,7,252,0,0),(769,7,253,1,1),(770,7,254,0,0),(771,7,255,5,1),(772,7,256,5,1),(773,7,257,1,1),(774,7,258,0,0),(775,7,259,1,1),(776,7,260,0,0),(777,7,261,1,1),(778,8,1,0,0),(779,8,2,0,0),(780,8,3,0,0),(781,8,4,0,0),(782,8,5,0,0),(783,8,6,0,0),(784,8,7,0,0),(785,8,8,0,0),(786,8,9,0,0),(787,8,10,0,0),(788,8,11,0,0),(789,8,12,0,0),(790,8,13,0,0),(791,8,14,0,0),(792,8,15,0,0),(793,8,16,0,0),(794,8,17,0,0),(795,8,18,0,0),(796,8,19,0,0),(797,8,20,0,0),(798,8,21,0,0),(799,8,22,0,0),(800,8,23,0,0),(801,8,24,0,0),(802,8,25,0,0),(803,8,26,0,0),(804,8,27,0,0),(805,8,28,0,0),(806,8,29,0,0),(807,8,30,0,0),(808,8,31,0,0),(809,8,32,0,0),(810,8,33,0,0),(811,8,34,0,0),(812,8,35,0,0),(813,8,36,0,0),(814,8,37,0,0),(815,8,38,0,0),(816,8,39,0,0),(817,8,40,0,0),(818,8,41,0,0),(819,8,42,0,0),(820,8,43,0,0),(821,8,44,0,0),(822,8,45,0,0),(823,8,46,0,0),(824,8,47,0,0),(825,8,48,0,0),(826,8,49,0,0),(827,8,50,0,0),(828,8,51,0,0),(829,8,52,0,0),(830,8,53,0,0),(831,8,54,0,0),(832,8,55,0,0),(833,8,56,0,0),(834,8,57,0,0),(835,8,58,0,0),(836,8,59,0,0),(837,8,60,0,0),(838,8,61,0,0),(839,8,62,0,0),(840,8,63,0,0),(841,8,64,0,0),(842,8,65,0,0),(843,8,66,0,0),(844,8,67,0,0),(845,8,68,0,0),(846,8,69,0,0),(847,8,70,0,0),(848,8,71,0,0),(849,8,72,0,0),(850,8,73,0,0),(851,8,74,0,0),(852,8,75,0,0),(853,8,76,0,0),(854,8,77,0,0),(855,8,78,0,0),(856,8,79,0,0),(857,8,80,0,0),(858,8,81,0,0),(859,8,82,0,0),(860,8,83,0,0),(861,8,84,0,0),(862,8,85,0,0),(863,8,86,0,0),(864,8,87,0,0),(865,8,88,0,0),(866,8,89,0,0),(867,8,90,0,0),(868,8,91,0,0),(869,8,92,0,0),(870,8,93,0,0),(871,8,94,0,0),(872,8,95,0,0),(873,8,96,0,0),(874,8,97,0,0),(875,8,98,0,0),(876,8,99,0,0),(877,8,100,0,0),(878,8,101,0,0),(879,8,102,0,0),(880,8,103,0,0),(881,8,104,0,0),(882,8,105,0,0),(883,8,106,0,0),(884,8,107,0,0),(885,8,108,0,0),(886,8,109,0,0),(887,8,110,0,0),(888,8,111,0,0),(889,8,112,0,0),(890,8,113,0,0),(891,8,114,0,0),(892,8,115,0,0),(893,8,116,0,0),(894,8,117,0,0),(895,8,118,0,0),(896,8,119,0,0),(897,8,120,0,0),(898,8,121,0,0),(899,8,122,0,0),(900,8,123,0,0),(901,8,124,0,0),(902,8,125,0,0),(903,8,126,0,0),(904,8,127,0,0),(905,8,128,0,0),(906,8,129,0,0),(907,8,130,0,0),(908,8,131,0,0),(909,8,132,0,0),(910,8,133,0,0),(911,8,134,0,0),(912,8,135,0,0),(913,8,136,0,0),(914,8,137,0,0),(915,8,138,0,0),(916,8,139,0,0),(917,8,140,0,0),(918,8,141,0,0),(919,8,142,0,0),(920,8,143,0,0),(921,8,144,0,0),(922,8,145,0,0),(923,8,146,0,0),(924,8,147,0,0),(925,8,148,0,0),(926,8,149,0,0),(927,8,150,0,0),(928,8,151,0,0),(929,8,152,0,0),(930,8,153,0,0),(931,8,154,0,0),(932,8,155,0,0),(933,8,156,0,0),(934,8,157,0,0),(935,8,158,0,0),(936,8,159,0,0),(937,8,160,0,0),(938,8,161,0,0),(939,8,162,0,0),(940,8,163,0,0),(941,8,164,0,0),(942,8,165,0,0),(943,8,166,0,0),(944,8,167,0,0),(945,8,168,0,0),(946,8,169,0,0),(947,8,170,0,0),(948,8,171,0,0),(949,8,172,0,0),(950,8,173,0,0),(951,8,174,0,0),(952,8,175,0,0),(953,8,176,0,0),(954,8,177,0,0),(955,8,178,0,0),(956,8,179,0,0),(957,8,180,0,0),(958,8,181,0,0),(959,8,182,0,0),(960,8,183,0,0),(961,8,184,0,0),(962,8,185,0,0),(963,8,186,0,0),(964,8,187,0,0),(965,8,188,0,0),(966,8,189,0,0),(967,8,190,0,0),(968,8,191,0,0),(969,8,192,0,0),(970,8,193,0,0),(971,8,194,0,0),(972,8,195,0,0),(973,8,196,0,0),(974,8,197,0,0),(975,8,198,0,0),(976,8,199,0,0),(977,8,200,0,0),(978,8,201,0,0),(979,8,202,0,0),(980,8,203,0,0),(981,8,204,0,0),(982,8,205,0,0),(983,8,206,0,0),(984,8,207,0,0),(985,8,208,0,0),(986,8,209,0,0),(987,8,210,0,0),(988,8,211,0,0),(989,8,212,0,0),(990,8,213,0,0),(991,8,214,0,0),(992,8,215,0,0),(993,8,216,0,0),(994,8,217,0,0),(995,8,218,0,0),(996,8,219,0,0),(997,8,220,0,0),(998,8,221,0,0),(999,8,222,0,0),(1000,8,223,0,0),(1001,8,224,0,0),(1002,8,225,0,0),(1003,8,226,0,0),(1004,8,227,0,0),(1005,8,228,0,0),(1006,8,229,0,0),(1007,8,230,0,0),(1008,8,231,0,0),(1009,8,232,0,0),(1010,8,233,0,0),(1011,8,234,0,0),(1012,8,235,0,0),(1013,8,236,0,0),(1014,8,237,0,0),(1015,8,238,0,0),(1016,8,239,0,0),(1017,8,240,0,0),(1018,8,241,0,0),(1019,8,242,0,0),(1020,8,243,0,0),(1021,8,244,0,0),(1022,8,245,0,0),(1023,8,246,0,0),(1024,8,247,0,0),(1025,8,248,0,0),(1026,8,249,0,0),(1027,8,250,0,0),(1028,8,251,0,0),(1029,8,252,0,0),(1030,8,253,0,0),(1031,8,254,0,0),(1032,8,255,0,0),(1033,8,256,0,0),(1034,8,257,0,0),(1035,8,258,0,0),(1036,8,259,0,0),(1037,8,260,0,0),(1038,8,261,0,0),(1039,9,1,0,0),(1040,9,3,0,0),(1041,9,4,0,0),(1042,9,5,0,0),(1043,9,7,0,0),(1044,9,8,0,0),(1045,9,9,0,0),(1046,9,10,0,0),(1047,9,11,0,0),(1048,9,12,0,0),(1049,9,15,0,0),(1050,9,16,0,0),(1051,9,17,0,0),(1052,9,18,0,0),(1053,9,19,0,0),(1054,9,20,0,0),(1055,9,21,0,0),(1056,9,22,0,0),(1057,9,23,0,0),(1058,9,24,0,0),(1059,9,26,0,0),(1060,9,29,0,0),(1061,9,30,0,0),(1062,9,31,0,0),(1063,9,32,0,0),(1064,9,33,0,0),(1065,9,34,0,0),(1066,9,35,0,0),(1067,9,36,0,0),(1068,9,37,0,0),(1069,9,38,0,0),(1070,9,39,0,0),(1071,9,40,0,0),(1072,9,41,0,0),(1073,9,42,0,0),(1074,9,43,0,0),(1075,9,44,0,0),(1076,9,45,0,0),(1077,9,47,0,0),(1078,9,48,0,0),(1079,9,52,0,0),(1080,9,53,0,0),(1081,9,54,0,0),(1082,9,55,0,0),(1083,9,58,0,0),(1084,9,59,0,0),(1085,9,60,0,0),(1086,9,63,0,0),(1087,9,67,0,0),(1088,9,72,0,0),(1089,9,75,0,0),(1090,9,76,0,0),(1091,9,77,0,0),(1092,9,78,0,0),(1093,9,80,0,0),(1094,9,81,0,0),(1095,9,83,0,0),(1096,9,87,0,0),(1097,9,88,0,0),(1098,9,89,0,0),(1099,9,93,0,0),(1100,9,96,0,0),(1101,9,97,0,0),(1102,9,100,0,0),(1103,9,101,0,0),(1104,9,102,0,0),(1105,9,103,0,0),(1106,9,104,0,0),(1107,9,108,0,0),(1108,9,113,0,0),(1109,9,114,0,0),(1110,9,115,0,0),(1111,9,116,0,0),(1112,9,117,0,0),(1113,9,118,0,0),(1114,9,119,0,0),(1115,9,120,0,0),(1116,9,122,0,0),(1117,9,126,0,0),(1118,9,127,0,0),(1119,9,128,0,0),(1120,9,129,0,0),(1121,9,130,0,0),(1122,9,131,0,0),(1123,9,132,0,0),(1124,9,133,0,0),(1125,9,134,0,0),(1126,9,135,0,0),(1127,9,136,0,0),(1128,9,138,0,0),(1129,9,139,0,0),(1130,9,140,0,0),(1131,9,141,0,0),(1132,9,142,0,0),(1133,9,143,0,0),(1134,9,145,0,0),(1135,9,146,0,0),(1136,9,147,0,0),(1137,9,148,0,0),(1138,9,152,0,0),(1139,9,153,0,0),(1140,9,155,0,0),(1141,9,157,0,0),(1142,9,158,0,0),(1143,9,159,0,0),(1144,9,161,0,0),(1145,9,162,0,0),(1146,9,163,0,0),(1147,9,164,0,0),(1148,9,165,0,0),(1149,9,166,0,0),(1150,9,167,0,0),(1151,9,168,0,0),(1152,9,169,0,0),(1153,9,170,0,0),(1154,9,171,0,0),(1155,9,172,0,0),(1156,9,174,0,0),(1157,9,176,0,0),(1158,9,177,0,0),(1159,9,178,0,0),(1160,9,179,0,0),(1161,9,181,0,0),(1162,9,183,0,0),(1163,9,184,0,0),(1164,9,187,0,0),(1165,9,188,0,0),(1166,9,189,0,0),(1167,9,190,0,0),(1168,9,191,0,0),(1169,9,193,0,0),(1170,9,198,0,0),(1171,9,200,0,0),(1172,9,202,0,0),(1173,9,203,0,0),(1174,9,205,0,0),(1175,9,206,0,0),(1176,10,1,0,0),(1177,10,3,0,0),(1178,10,4,0,0),(1179,10,5,0,0),(1180,10,7,5,1),(1181,10,8,12,1),(1182,10,9,1,1),(1183,10,10,1,1),(1184,10,11,9,1),(1185,10,12,2,1),(1186,10,15,0,0),(1187,10,16,0,0),(1188,10,17,13,1),(1189,10,18,0,0),(1190,10,19,0,0),(1191,10,20,0,0),(1192,10,21,1,1),(1193,10,22,13,1),(1194,10,23,0,0),(1195,10,24,0,0),(1196,10,26,0,0),(1197,10,29,1,1),(1198,10,30,4,1),(1199,10,31,0,0),(1200,10,32,0,0),(1201,10,33,9,1),(1202,10,34,9,1),(1203,10,35,0,0),(1204,10,36,10,1),(1205,10,37,0,0),(1206,10,38,0,0),(1207,10,39,14,1),(1208,10,40,1,1),(1209,10,41,0,0),(1210,10,42,0,0),(1211,10,43,9,1),(1212,10,44,0,0),(1213,10,45,6,1),(1214,10,47,0,0),(1215,10,48,4,1),(1216,10,52,2,1),(1217,10,53,12,1),(1218,10,54,11,1),(1219,10,55,0,0),(1220,10,58,10,1),(1221,10,59,0,0),(1222,10,60,0,0),(1223,10,63,0,0),(1224,10,67,4,1),(1225,10,72,0,0),(1226,10,75,13,1),(1227,10,76,7,1),(1228,10,77,9,1),(1229,10,78,14,1),(1230,10,80,1,1),(1231,10,81,0,0),(1232,10,83,11,1),(1233,10,87,7,1),(1234,10,88,1,1),(1235,10,89,8,1),(1236,10,93,4,1),(1237,10,96,0,0),(1238,10,97,0,0),(1239,10,100,0,0),(1240,10,101,12,1),(1241,10,102,0,0),(1242,10,103,0,0),(1243,10,104,0,0),(1244,10,108,0,0),(1245,10,113,6,1),(1246,10,114,0,0),(1247,10,115,0,0),(1248,10,116,3,1),(1249,10,117,0,0),(1250,10,118,3,1),(1251,10,119,5,1),(1252,10,120,0,0),(1253,10,122,8,1),(1254,10,126,8,1),(1255,10,127,0,0),(1256,10,128,0,0),(1257,10,129,5,1),(1258,10,130,3,1),(1259,10,131,0,0),(1260,10,132,6,1),(1261,10,133,0,0),(1262,10,134,6,1),(1263,10,135,0,0),(1264,10,136,1,1),(1265,10,138,0,0),(1266,10,139,2,1),(1267,10,140,14,1),(1268,10,141,0,0),(1269,10,142,0,0),(1270,10,143,0,0),(1271,10,145,0,0),(1272,10,146,1,1),(1273,10,147,0,0),(1274,10,148,0,0),(1275,10,152,14,1),(1276,10,153,8,1),(1277,10,155,0,0),(1278,10,157,0,0),(1279,10,158,3,1),(1280,10,159,11,1),(1281,10,161,13,1),(1282,10,162,14,1),(1283,10,163,14,1),(1284,10,164,0,0),(1285,10,165,0,0),(1286,10,166,0,0),(1287,10,167,5,1),(1288,10,168,12,1),(1289,10,169,0,0),(1290,10,170,11,1),(1291,10,171,9,1),(1292,10,172,0,0),(1293,10,174,0,0),(1294,10,176,0,0),(1295,10,177,0,0),(1296,10,178,0,0),(1297,10,179,9,1),(1298,10,181,0,0),(1299,10,183,7,1),(1300,10,184,0,0),(1301,10,187,0,0),(1302,10,188,14,1),(1303,10,189,10,1),(1304,10,190,10,1),(1305,10,191,2,1),(1306,10,193,1,1),(1307,10,198,0,0),(1308,10,200,0,0),(1309,10,202,9,1),(1310,10,203,7,1),(1311,10,205,0,0),(1312,10,206,0,0),(1313,11,1,0,0),(1314,11,3,0,0),(1315,11,4,0,0),(1316,11,5,0,0),(1317,11,7,0,0),(1318,11,8,0,0),(1319,11,9,0,0),(1320,11,10,0,0),(1321,11,11,0,0),(1322,11,12,0,0),(1323,11,15,0,0),(1324,11,16,0,0),(1325,11,17,0,0),(1326,11,18,0,0),(1327,11,19,0,0),(1328,11,20,0,0),(1329,11,21,0,0),(1330,11,22,0,0),(1331,11,23,0,0),(1332,11,24,0,0),(1333,11,26,0,0),(1334,11,29,0,0),(1335,11,30,0,0),(1336,11,31,0,0),(1337,11,32,0,0),(1338,11,33,0,0),(1339,11,34,0,0),(1340,11,35,0,0),(1341,11,36,0,0),(1342,11,37,0,0),(1343,11,38,0,0),(1344,11,39,0,0),(1345,11,40,0,0),(1346,11,41,0,0),(1347,11,42,0,0),(1348,11,43,0,0),(1349,11,44,0,0),(1350,11,45,0,0),(1351,11,47,0,0),(1352,11,48,0,0),(1353,11,52,0,0),(1354,11,53,0,0),(1355,11,54,0,0),(1356,11,55,0,0),(1357,11,58,0,0),(1358,11,59,0,0),(1359,11,60,0,0),(1360,11,63,0,0),(1361,11,67,0,0),(1362,11,72,0,0),(1363,11,75,0,0),(1364,11,76,0,0),(1365,11,77,0,0),(1366,11,78,0,0),(1367,11,80,0,0),(1368,11,81,0,0),(1369,11,83,0,0),(1370,11,87,0,0),(1371,11,88,0,0),(1372,11,89,0,0),(1373,11,93,0,0),(1374,11,96,0,0),(1375,11,97,0,0),(1376,11,100,0,0),(1377,11,101,0,0),(1378,11,102,0,0),(1379,11,103,0,0),(1380,11,104,0,0),(1381,11,108,0,0),(1382,11,113,0,0),(1383,11,114,0,0),(1384,11,115,0,0),(1385,11,116,0,0),(1386,11,117,0,0),(1387,11,118,0,0),(1388,11,119,0,0),(1389,11,120,0,0),(1390,11,122,0,0),(1391,11,126,0,0),(1392,11,127,0,0),(1393,11,128,0,0),(1394,11,129,0,0),(1395,11,130,0,0),(1396,11,131,0,0),(1397,11,132,0,0),(1398,11,133,0,0),(1399,11,134,0,0),(1400,11,135,0,0),(1401,11,136,0,0),(1402,11,138,0,0),(1403,11,139,0,0),(1404,11,140,0,0),(1405,11,141,0,0),(1406,11,142,0,0),(1407,11,143,0,0),(1408,11,145,0,0),(1409,11,146,0,0),(1410,11,147,0,0),(1411,11,148,0,0),(1412,11,152,0,0),(1413,11,153,0,0),(1414,11,155,0,0),(1415,11,157,0,0),(1416,11,158,0,0),(1417,11,159,0,0),(1418,11,161,0,0),(1419,11,162,0,0),(1420,11,163,0,0),(1421,11,164,0,0),(1422,11,165,0,0),(1423,11,166,0,0),(1424,11,167,0,0),(1425,11,168,0,0),(1426,11,169,0,0),(1427,11,170,0,0),(1428,11,171,0,0),(1429,11,172,0,0),(1430,11,174,0,0),(1431,11,176,0,0),(1432,11,177,0,0),(1433,11,178,0,0),(1434,11,179,0,0),(1435,11,181,0,0),(1436,11,183,0,0),(1437,11,184,0,0),(1438,11,187,0,0),(1439,11,188,0,0),(1440,11,189,0,0),(1441,11,190,0,0),(1442,11,191,0,0),(1443,11,193,0,0),(1444,11,198,0,0),(1445,11,200,0,0),(1446,11,202,0,0),(1447,11,203,0,0),(1448,11,205,0,0),(1449,11,206,0,0),(1450,12,1,0,0),(1451,12,3,0,0),(1452,12,4,0,0),(1453,12,5,0,0),(1454,12,7,0,0),(1455,12,8,0,0),(1456,12,9,0,0),(1457,12,10,0,0),(1458,12,11,0,0),(1459,12,12,0,0),(1460,12,15,0,0),(1461,12,16,0,0),(1462,12,17,0,0),(1463,12,18,0,0),(1464,12,19,0,0),(1465,12,20,0,0),(1466,12,21,0,0),(1467,12,22,0,0),(1468,12,23,0,0),(1469,12,24,0,0),(1470,12,26,0,0),(1471,12,29,0,0),(1472,12,30,0,0),(1473,12,31,0,0),(1474,12,32,0,0),(1475,12,33,0,0),(1476,12,34,0,0),(1477,12,35,0,0),(1478,12,36,0,0),(1479,12,37,0,0),(1480,12,38,0,0),(1481,12,39,0,0),(1482,12,40,0,0),(1483,12,41,0,0),(1484,12,42,0,0),(1485,12,43,0,0),(1486,12,44,0,0),(1487,12,45,0,0),(1488,12,47,0,0),(1489,12,48,0,0),(1490,12,52,0,0),(1491,12,53,0,0),(1492,12,54,0,0),(1493,12,55,0,0),(1494,12,58,0,0),(1495,12,59,0,0),(1496,12,60,0,0),(1497,12,63,0,0),(1498,12,67,0,0),(1499,12,72,0,0),(1500,12,75,0,0),(1501,12,76,0,0),(1502,12,77,0,0),(1503,12,78,0,0),(1504,12,80,0,0),(1505,12,81,0,0),(1506,12,83,0,0),(1507,12,87,0,0),(1508,12,88,0,0),(1509,12,89,0,0),(1510,12,93,0,0),(1511,12,96,0,0),(1512,12,97,0,0),(1513,12,100,0,0),(1514,12,101,0,0),(1515,12,102,0,0),(1516,12,103,0,0),(1517,12,104,0,0),(1518,12,108,0,0),(1519,12,113,0,0),(1520,12,114,0,0),(1521,12,115,0,0),(1522,12,116,0,0),(1523,12,117,0,0),(1524,12,118,0,0),(1525,12,119,0,0),(1526,12,120,0,0),(1527,12,122,0,0),(1528,12,126,0,0),(1529,12,127,0,0),(1530,12,128,0,0),(1531,12,129,0,0),(1532,12,130,0,0),(1533,12,131,0,0),(1534,12,132,0,0),(1535,12,133,0,0),(1536,12,134,0,0),(1537,12,135,0,0),(1538,12,136,0,0),(1539,12,138,0,0),(1540,12,139,0,0),(1541,12,140,0,0),(1542,12,141,0,0),(1543,12,142,0,0),(1544,12,143,0,0),(1545,12,145,0,0),(1546,12,146,0,0),(1547,12,147,0,0),(1548,12,148,0,0),(1549,12,152,0,0),(1550,12,153,0,0),(1551,12,155,0,0),(1552,12,157,0,0),(1553,12,158,0,0),(1554,12,159,0,0),(1555,12,161,0,0),(1556,12,162,0,0),(1557,12,163,0,0),(1558,12,164,0,0),(1559,12,165,0,0),(1560,12,166,0,0),(1561,12,167,0,0),(1562,12,168,0,0),(1563,12,169,0,0),(1564,12,170,0,0),(1565,12,171,0,0),(1566,12,172,0,0),(1567,12,174,0,0),(1568,12,176,0,0),(1569,12,177,0,0),(1570,12,178,0,0),(1571,12,179,0,0),(1572,12,181,0,0),(1573,12,183,0,0),(1574,12,184,0,0),(1575,12,187,0,0),(1576,12,188,0,0),(1577,12,189,0,0),(1578,12,190,0,0),(1579,12,191,0,0),(1580,12,193,0,0),(1581,12,198,0,0),(1582,12,200,0,0),(1583,12,202,0,0),(1584,12,203,0,0),(1585,12,205,0,0),(1586,12,206,0,0),(1587,13,1,0,0),(1588,13,3,0,0),(1589,13,4,0,0),(1590,13,5,0,0),(1591,13,7,0,0),(1592,13,8,0,0),(1593,13,9,0,0),(1594,13,10,0,0),(1595,13,11,0,0),(1596,13,12,0,0),(1597,13,15,0,0),(1598,13,16,0,0),(1599,13,17,0,0),(1600,13,18,0,0),(1601,13,19,0,0),(1602,13,20,0,0),(1603,13,21,0,0),(1604,13,22,0,0),(1605,13,23,0,0),(1606,13,24,0,0),(1607,13,26,0,0),(1608,13,29,0,0),(1609,13,30,0,0),(1610,13,31,0,0),(1611,13,32,0,0),(1612,13,33,0,0),(1613,13,34,0,0),(1614,13,35,0,0),(1615,13,36,0,0),(1616,13,37,0,0),(1617,13,38,0,0),(1618,13,39,0,0),(1619,13,40,0,0),(1620,13,41,0,0),(1621,13,42,0,0),(1622,13,43,0,0),(1623,13,44,0,0),(1624,13,45,0,0),(1625,13,47,0,0),(1626,13,48,0,0),(1627,13,52,0,0),(1628,13,53,0,0),(1629,13,54,0,0),(1630,13,55,0,0),(1631,13,58,0,0),(1632,13,59,0,0),(1633,13,60,0,0),(1634,13,63,0,0),(1635,13,67,0,0),(1636,13,72,0,0),(1637,13,75,0,0),(1638,13,76,0,0),(1639,13,77,0,0),(1640,13,78,0,0),(1641,13,80,0,0),(1642,13,81,0,0),(1643,13,83,0,0),(1644,13,87,0,0),(1645,13,88,0,0),(1646,13,89,0,0),(1647,13,93,0,0),(1648,13,96,0,0),(1649,13,97,0,0),(1650,13,100,0,0),(1651,13,101,0,0),(1652,13,102,0,0),(1653,13,103,0,0),(1654,13,104,0,0),(1655,13,108,0,0),(1656,13,113,0,0),(1657,13,114,0,0),(1658,13,115,0,0),(1659,13,116,0,0),(1660,13,117,0,0),(1661,13,118,0,0),(1662,13,119,0,0),(1663,13,120,0,0),(1664,13,122,0,0),(1665,13,126,0,0),(1666,13,127,0,0),(1667,13,128,0,0),(1668,13,129,0,0),(1669,13,130,0,0),(1670,13,131,0,0),(1671,13,132,0,0),(1672,13,133,0,0),(1673,13,134,0,0),(1674,13,135,0,0),(1675,13,136,0,0),(1676,13,138,0,0),(1677,13,139,0,0),(1678,13,140,0,0),(1679,13,141,0,0),(1680,13,142,0,0),(1681,13,143,0,0),(1682,13,145,0,0),(1683,13,146,0,0),(1684,13,147,0,0),(1685,13,148,0,0),(1686,13,152,0,0),(1687,13,153,0,0),(1688,13,155,0,0),(1689,13,157,0,0),(1690,13,158,0,0),(1691,13,159,0,0),(1692,13,161,0,0),(1693,13,162,0,0),(1694,13,163,0,0),(1695,13,164,0,0),(1696,13,165,0,0),(1697,13,166,0,0),(1698,13,167,0,0),(1699,13,168,0,0),(1700,13,169,0,0),(1701,13,170,0,0),(1702,13,171,0,0),(1703,13,172,0,0),(1704,13,174,0,0),(1705,13,176,0,0),(1706,13,177,0,0),(1707,13,178,0,0),(1708,13,179,0,0),(1709,13,181,0,0),(1710,13,183,0,0),(1711,13,184,0,0),(1712,13,187,0,0),(1713,13,188,0,0),(1714,13,189,0,0),(1715,13,190,0,0),(1716,13,191,0,0),(1717,13,193,0,0),(1718,13,198,0,0),(1719,13,200,0,0),(1720,13,202,0,0),(1721,13,203,0,0),(1722,13,205,0,0),(1723,13,206,0,0),(1724,14,1,0,0),(1725,14,3,0,0),(1726,14,4,0,0),(1727,14,5,0,0),(1728,14,7,0,0),(1729,14,8,0,0),(1730,14,9,0,0),(1731,14,10,0,0),(1732,14,11,0,0),(1733,14,12,0,0),(1734,14,15,0,0),(1735,14,16,0,0),(1736,14,17,0,0),(1737,14,18,0,0),(1738,14,19,0,0),(1739,14,20,0,0),(1740,14,21,0,0),(1741,14,22,0,0),(1742,14,23,0,0),(1743,14,24,0,0),(1744,14,26,0,0),(1745,14,29,0,0),(1746,14,30,0,0),(1747,14,31,0,0),(1748,14,32,0,0),(1749,14,33,0,0),(1750,14,34,0,0),(1751,14,35,0,0),(1752,14,36,0,0),(1753,14,37,0,0),(1754,14,38,0,0),(1755,14,39,0,0),(1756,14,40,0,0),(1757,14,41,0,0),(1758,14,42,0,0),(1759,14,43,0,0),(1760,14,44,0,0),(1761,14,45,0,0),(1762,14,47,0,0),(1763,14,48,0,0),(1764,14,52,0,0),(1765,14,53,0,0),(1766,14,54,0,0),(1767,14,55,0,0),(1768,14,58,0,0),(1769,14,59,0,0),(1770,14,60,0,0),(1771,14,63,0,0),(1772,14,67,0,0),(1773,14,72,0,0),(1774,14,75,0,0),(1775,14,76,0,0),(1776,14,77,0,0),(1777,14,78,0,0),(1778,14,80,0,0),(1779,14,81,0,0),(1780,14,83,0,0),(1781,14,87,0,0),(1782,14,88,0,0),(1783,14,89,0,0),(1784,14,93,0,0),(1785,14,96,0,0),(1786,14,97,0,0),(1787,14,100,0,0),(1788,14,101,0,0),(1789,14,102,0,0),(1790,14,103,0,0),(1791,14,104,0,0),(1792,14,108,0,0),(1793,14,113,0,0),(1794,14,114,0,0),(1795,14,115,0,0),(1796,14,116,0,0),(1797,14,117,0,0),(1798,14,118,0,0),(1799,14,119,0,0),(1800,14,120,0,0),(1801,14,122,0,0),(1802,14,126,0,0),(1803,14,127,0,0),(1804,14,128,0,0),(1805,14,129,0,0),(1806,14,130,0,0),(1807,14,131,0,0),(1808,14,132,0,0),(1809,14,133,0,0),(1810,14,134,0,0),(1811,14,135,0,0),(1812,14,136,0,0),(1813,14,138,0,0),(1814,14,139,0,0),(1815,14,140,0,0),(1816,14,141,0,0),(1817,14,142,0,0),(1818,14,143,0,0),(1819,14,145,0,0),(1820,14,146,0,0),(1821,14,147,0,0),(1822,14,148,0,0),(1823,14,152,0,0),(1824,14,153,0,0),(1825,14,155,0,0),(1826,14,157,0,0),(1827,14,158,0,0),(1828,14,159,0,0),(1829,14,161,0,0),(1830,14,162,0,0),(1831,14,163,0,0),(1832,14,164,0,0),(1833,14,165,0,0),(1834,14,166,0,0),(1835,14,167,0,0),(1836,14,168,0,0),(1837,14,169,0,0),(1838,14,170,0,0),(1839,14,171,0,0),(1840,14,172,0,0),(1841,14,174,0,0),(1842,14,176,0,0),(1843,14,177,0,0),(1844,14,178,0,0),(1845,14,179,0,0),(1846,14,181,0,0),(1847,14,183,0,0),(1848,14,184,0,0),(1849,14,187,0,0),(1850,14,188,0,0),(1851,14,189,0,0),(1852,14,190,0,0),(1853,14,191,0,0),(1854,14,193,0,0),(1855,14,198,0,0),(1856,14,200,0,0),(1857,14,202,0,0),(1858,14,203,0,0),(1859,14,205,0,0),(1860,14,206,0,0),(1861,15,1,0,0),(1862,15,3,0,0),(1863,15,4,0,0),(1864,15,5,0,0),(1865,15,7,0,0),(1866,15,8,0,0),(1867,15,9,0,0),(1868,15,10,0,0),(1869,15,11,0,0),(1870,15,12,0,0),(1871,15,15,0,0),(1872,15,16,0,0),(1873,15,17,0,0),(1874,15,18,0,0),(1875,15,19,0,0),(1876,15,20,0,0),(1877,15,21,0,0),(1878,15,22,0,0),(1879,15,23,0,0),(1880,15,24,0,0),(1881,15,26,0,0),(1882,15,29,0,0),(1883,15,30,0,0),(1884,15,31,0,0),(1885,15,32,0,0),(1886,15,33,0,0),(1887,15,34,0,0),(1888,15,35,0,0),(1889,15,36,0,0),(1890,15,37,0,0),(1891,15,38,0,0),(1892,15,39,0,0),(1893,15,40,0,0),(1894,15,41,0,0),(1895,15,42,0,0),(1896,15,43,0,0),(1897,15,44,0,0),(1898,15,45,0,0),(1899,15,47,0,0),(1900,15,48,0,0),(1901,15,52,0,0),(1902,15,53,0,0),(1903,15,54,0,0),(1904,15,55,0,0),(1905,15,58,0,0),(1906,15,59,0,0),(1907,15,60,0,0),(1908,15,63,0,0),(1909,15,67,0,0),(1910,15,72,0,0),(1911,15,75,0,0),(1912,15,76,0,0),(1913,15,77,0,0),(1914,15,78,0,0),(1915,15,80,0,0),(1916,15,81,0,0),(1917,15,83,0,0),(1918,15,87,0,0),(1919,15,88,0,0),(1920,15,89,0,0),(1921,15,93,0,0),(1922,15,96,0,0),(1923,15,97,0,0),(1924,15,100,0,0),(1925,15,101,0,0),(1926,15,102,0,0),(1927,15,103,0,0),(1928,15,104,0,0),(1929,15,108,0,0),(1930,15,113,0,0),(1931,15,114,0,0),(1932,15,115,0,0),(1933,15,116,0,0),(1934,15,117,0,0),(1935,15,118,0,0),(1936,15,119,0,0),(1937,15,120,0,0),(1938,15,122,0,0),(1939,15,126,0,0),(1940,15,127,0,0),(1941,15,128,0,0),(1942,15,129,0,0),(1943,15,130,0,0),(1944,15,131,0,0),(1945,15,132,0,0),(1946,15,133,0,0),(1947,15,134,0,0),(1948,15,135,0,0),(1949,15,136,0,0),(1950,15,138,0,0),(1951,15,139,0,0),(1952,15,140,0,0),(1953,15,141,0,0),(1954,15,142,0,0),(1955,15,143,0,0),(1956,15,145,0,0),(1957,15,146,0,0),(1958,15,147,0,0),(1959,15,148,0,0),(1960,15,152,0,0),(1961,15,153,0,0),(1962,15,155,0,0),(1963,15,157,0,0),(1964,15,158,0,0),(1965,15,159,0,0),(1966,15,161,0,0),(1967,15,162,0,0),(1968,15,163,0,0),(1969,15,164,0,0),(1970,15,165,0,0),(1971,15,166,0,0),(1972,15,167,0,0),(1973,15,168,0,0),(1974,15,169,0,0),(1975,15,170,0,0),(1976,15,171,0,0),(1977,15,172,0,0),(1978,15,174,0,0),(1979,15,176,0,0),(1980,15,177,0,0),(1981,15,178,0,0),(1982,15,179,0,0),(1983,15,181,0,0),(1984,15,183,0,0),(1985,15,184,0,0),(1986,15,187,0,0),(1987,15,188,0,0),(1988,15,189,0,0),(1989,15,190,0,0),(1990,15,191,0,0),(1991,15,193,0,0),(1992,15,198,0,0),(1993,15,200,0,0),(1994,15,202,0,0),(1995,15,203,0,0),(1996,15,205,0,0),(1997,15,206,0,0),(1998,16,1,7,1),(1999,16,3,3,1),(2000,16,4,0,0),(2001,16,5,0,0),(2002,16,7,0,0),(2003,16,8,0,0),(2004,16,9,14,1),(2005,16,10,0,0),(2006,16,11,5,1),(2007,16,12,1,1),(2008,16,15,4,1),(2009,16,16,0,0),(2010,16,17,11,1),(2011,16,18,0,0),(2012,16,19,0,0),(2013,16,20,0,0),(2014,16,21,0,0),(2015,16,22,0,0),(2016,16,23,12,1),(2017,16,24,6,1),(2018,16,26,0,0),(2019,16,29,0,0),(2020,16,30,1,1),(2021,16,31,6,1),(2022,16,32,13,1),(2023,16,33,1,1),(2024,16,34,0,0),(2025,16,35,10,1),(2026,16,36,0,0),(2027,16,37,1,1),(2028,16,38,0,0),(2029,16,39,11,1),(2030,16,40,0,0),(2031,16,41,9,1),(2032,16,42,1,1),(2033,16,43,5,1),(2034,16,44,0,0),(2035,16,45,0,0),(2036,16,47,7,1),(2037,16,48,7,1),(2038,16,52,7,1),(2039,16,53,0,0),(2040,16,54,8,1),(2041,16,55,14,1),(2042,16,58,0,0),(2043,16,59,9,1),(2044,16,60,13,1),(2045,16,63,0,0),(2046,16,67,1,1),(2047,16,72,8,1),(2048,16,75,0,0),(2049,16,76,2,1),(2050,16,77,3,1),(2051,16,78,1,1),(2052,16,80,0,0),(2053,16,81,1,1),(2054,16,83,1,1),(2055,16,87,14,1),(2056,16,88,0,0),(2057,16,89,0,0),(2058,16,93,0,0),(2059,16,96,0,0),(2060,16,97,1,1),(2061,16,100,3,1),(2062,16,101,0,0),(2063,16,102,0,0),(2064,16,103,1,1),(2065,16,104,12,1),(2066,16,108,0,0),(2067,16,113,0,0),(2068,16,114,0,0),(2069,16,115,4,1),(2070,16,116,0,0),(2071,16,117,1,1),(2072,16,118,1,1),(2073,16,119,0,0),(2074,16,120,0,0),(2075,16,122,1,1),(2076,16,126,4,1),(2077,16,127,0,0),(2078,16,128,0,0),(2079,16,129,0,0),(2080,16,130,3,1),(2081,16,131,0,0),(2082,16,132,9,1),(2083,16,133,6,1),(2084,16,134,0,0),(2085,16,135,9,1),(2086,16,136,0,0),(2087,16,138,0,0),(2088,16,139,1,1),(2089,16,140,8,1),(2090,16,141,0,0),(2091,16,142,10,1),(2092,16,143,0,0),(2093,16,145,0,0),(2094,16,146,2,1),(2095,16,147,0,0),(2096,16,148,1,1),(2097,16,152,0,0),(2098,16,153,12,1),(2099,16,155,1,1),(2100,16,157,13,1),(2101,16,158,0,0),(2102,16,159,0,0),(2103,16,161,11,1),(2104,16,162,0,0),(2105,16,163,2,1),(2106,16,164,14,1),(2107,16,165,8,1),(2108,16,166,4,1),(2109,16,167,12,1),(2110,16,168,10,1),(2111,16,169,0,0),(2112,16,170,2,1),(2113,16,171,13,1),(2114,16,172,0,0),(2115,16,174,0,0),(2116,16,176,0,0),(2117,16,177,0,0),(2118,16,178,0,0),(2119,16,179,0,0),(2120,16,181,6,1),(2121,16,183,0,0),(2122,16,184,0,0),(2123,16,187,0,0),(2124,16,188,5,1),(2125,16,189,1,1),(2126,16,190,1,1),(2127,16,191,0,0),(2128,16,193,10,1),(2129,16,198,0,0),(2130,16,200,0,0),(2131,16,202,5,1),(2132,16,203,11,1),(2133,16,205,0,0),(2134,16,206,1,1),(2135,17,1,12,1),(2136,17,3,11,1),(2137,17,4,8,1),(2138,17,5,7,1),(2139,17,7,0,0),(2140,17,8,3,1),(2141,17,9,0,0),(2142,17,10,1,1),(2143,17,11,10,1),(2144,17,12,0,0),(2145,17,15,0,0),(2146,17,16,0,0),(2147,17,17,0,0),(2148,17,18,7,1),(2149,17,19,1,1),(2150,17,20,0,0),(2151,17,21,0,0),(2152,17,22,0,0),(2153,17,23,0,0),(2154,17,24,0,0),(2155,17,26,13,1),(2156,17,29,4,1),(2157,17,30,0,0),(2158,17,31,13,1),(2159,17,32,0,0),(2160,17,33,0,0),(2161,17,34,1,1),(2162,17,35,0,0),(2163,17,36,0,0),(2164,17,37,8,1),(2165,17,38,0,0),(2166,17,39,12,1),(2167,17,40,10,1),(2168,17,41,0,0),(2169,17,42,0,0),(2170,17,43,0,0),(2171,17,44,0,0),(2172,17,45,0,0),(2173,17,47,6,1),(2174,17,48,7,1),(2175,17,52,1,1),(2176,17,53,0,0),(2177,17,54,0,0),(2178,17,55,9,1),(2179,17,58,0,0),(2180,17,59,9,1),(2181,17,60,0,0),(2182,17,63,5,1),(2183,17,67,0,0),(2184,17,72,0,0),(2185,17,75,0,0),(2186,17,76,10,1),(2187,17,77,0,0),(2188,17,78,6,1),(2189,17,80,5,1),(2190,17,81,0,0),(2191,17,83,0,0),(2192,17,87,2,1),(2193,17,88,1,1),(2194,17,89,14,1),(2195,17,93,12,1),(2196,17,96,0,0),(2197,17,97,3,1),(2198,17,100,0,0),(2199,17,101,0,0),(2200,17,102,4,1),(2201,17,103,5,1),(2202,17,104,0,0),(2203,17,108,0,0),(2204,17,113,9,1),(2205,17,114,2,1),(2206,17,115,4,1),(2207,17,116,1,1),(2208,17,117,14,1),(2209,17,118,1,1),(2210,17,119,8,1),(2211,17,120,0,0),(2212,17,122,4,1),(2213,17,126,0,0),(2214,17,127,13,1),(2215,17,128,0,0),(2216,17,129,0,0),(2217,17,130,0,0),(2218,17,131,0,0),(2219,17,132,14,1),(2220,17,133,0,0),(2221,17,134,0,0),(2222,17,135,0,0),(2223,17,136,0,0),(2224,17,138,0,0),(2225,17,139,0,0),(2226,17,140,5,1),(2227,17,141,0,0),(2228,17,142,0,0),(2229,17,143,0,0),(2230,17,145,8,1),(2231,17,146,0,0),(2232,17,147,0,0),(2233,17,148,0,0),(2234,17,152,11,1),(2235,17,153,0,0),(2236,17,155,1,1),(2237,17,157,0,0),(2238,17,158,0,0),(2239,17,159,1,1),(2240,17,161,0,0),(2241,17,162,0,0),(2242,17,163,2,1),(2243,17,164,10,1),(2244,17,165,0,0),(2245,17,166,1,1),(2246,17,167,0,0),(2247,17,168,0,0),(2248,17,169,13,1),(2249,17,170,3,1),(2250,17,171,3,1),(2251,17,172,0,0),(2252,17,174,0,0),(2253,17,176,0,0),(2254,17,177,0,0),(2255,17,178,6,1),(2256,17,179,0,0),(2257,17,181,0,0),(2258,17,183,6,1),(2259,17,184,11,1),(2260,17,187,0,0),(2261,17,188,2,1),(2262,17,189,14,1),(2263,17,190,7,1),(2264,17,191,0,0),(2265,17,193,0,0),(2266,17,198,9,1),(2267,17,200,12,1),(2268,17,202,11,1),(2269,17,203,0,0),(2270,17,205,0,0),(2271,17,206,0,0);
/*!40000 ALTER TABLE `mars_game_cards` ENABLE KEYS */;
UNLOCK TABLES;

--
-- Table structure for table `mars_games`
--

DROP TABLE IF EXISTS `mars_games`;
/*!40101 SET @saved_cs_client     = @@character_set_client */;
/*!40101 SET character_set_client = utf8 */;
CREATE TABLE `mars_games` (
  `id` int(11) NOT NULL AUTO_INCREMENT,
  `oceans` int(11) DEFAULT '0',
  `oxygene` int(11) DEFAULT '0',
  `temperature` int(11) DEFAULT '-30',
  `generation` int(11) DEFAULT '1',
  PRIMARY KEY (`id`)
) ENGINE=InnoDB AUTO_INCREMENT=18 DEFAULT CHARSET=latin1;
/*!40101 SET character_set_client = @saved_cs_client */;

--
-- Dumping data for table `mars_games`
--

LOCK TABLES `mars_games` WRITE;
/*!40000 ALTER TABLE `mars_games` DISABLE KEYS */;
INSERT INTO `mars_games` VALUES (1,0,0,-30,1),(5,0,0,-30,1),(6,0,0,-30,1),(7,1,0,-16,6),(8,0,0,-30,1),(9,NULL,NULL,NULL,NULL),(10,9,14,8,14),(11,0,0,-30,1),(12,0,0,-30,1),(13,0,0,-30,1),(14,0,0,-30,1),(15,0,0,-30,1),(16,9,14,8,14),(17,8,8,-6,14);
/*!40000 ALTER TABLE `mars_games` ENABLE KEYS */;
UNLOCK TABLES;

--
-- Table structure for table `mars_player_cards`
--

DROP TABLE IF EXISTS `mars_player_cards`;
/*!40101 SET @saved_cs_client     = @@character_set_client */;
/*!40101 SET character_set_client = utf8 */;
CREATE TABLE `mars_player_cards` (
  `id` int(11) NOT NULL AUTO_INCREMENT,
  `game_id` int(11) NOT NULL,
  `card_id` int(11) NOT NULL,
  `played_generation` int(11) NOT NULL,
  PRIMARY KEY (`id`)
) ENGINE=InnoDB AUTO_INCREMENT=78 DEFAULT CHARSET=latin1;
/*!40101 SET character_set_client = @saved_cs_client */;

--
-- Dumping data for table `mars_player_cards`
--

LOCK TABLES `mars_player_cards` WRITE;
/*!40000 ALTER TABLE `mars_player_cards` DISABLE KEYS */;
INSERT INTO `mars_player_cards` VALUES (2,7,140,1),(3,7,68,2),(4,7,209,2),(5,7,11,3),(6,7,77,3),(7,7,10,4),(8,7,13,5),(9,7,16,6),(10,10,29,2),(11,10,80,5),(12,10,21,0),(13,10,9,9),(14,10,10,1),(16,10,158,3),(17,10,48,4),(18,10,67,7),(19,10,30,6),(20,10,167,7),(21,10,132,7),(22,10,113,6),(23,10,122,8),(24,10,126,8),(25,10,43,9),(26,10,179,9),(27,10,171,9),(28,10,190,10),(29,10,36,10),(30,10,159,11),(31,10,53,12),(32,10,8,12),(33,10,75,13),(34,10,37,0),(35,10,97,0),(36,16,37,8),(37,16,97,1),(38,16,117,1),(39,16,67,-1),(40,16,190,10),(41,16,30,-1),(42,16,78,3),(43,16,146,7),(44,16,163,7),(45,16,3,5),(46,16,77,3),(47,16,100,-1),(48,16,115,11),(49,16,126,4),(50,16,43,5),(51,16,188,5),(52,16,47,10),(53,16,48,7),(54,16,165,9),(55,16,41,9),(56,16,193,10),(57,16,17,11),(58,16,161,11),(59,10,163,0),(60,10,152,0),(61,17,155,3),(62,17,10,1),(63,17,19,6),(64,17,188,2),(65,17,163,12),(66,17,97,4),(67,17,115,10),(68,17,122,8),(69,17,63,5),(70,17,140,9),(71,17,78,8),(72,17,178,6),(73,17,48,7),(74,17,190,9),(75,17,55,11),(76,17,3,11),(77,17,127,13);
/*!40000 ALTER TABLE `mars_player_cards` ENABLE KEYS */;
UNLOCK TABLES;

--
-- Table structure for table `mars_player_mats`
--

DROP TABLE IF EXISTS `mars_player_mats`;
/*!40101 SET @saved_cs_client     = @@character_set_client */;
/*!40101 SET character_set_client = utf8 */;
CREATE TABLE `mars_player_mats` (
  `id` int(11) NOT NULL AUTO_INCREMENT,
  `game_id` int(11) NOT NULL,
  `rating` int(11) DEFAULT '14',
  `prod_money` int(11) DEFAULT NULL,
  `prod_steel` int(11) DEFAULT NULL,
  `prod_titan` int(11) DEFAULT NULL,
  `prod_plant` int(11) DEFAULT NULL,
  `prod_energy` int(11) DEFAULT NULL,
  `prod_heat` int(11) DEFAULT NULL,
  `money` int(11) DEFAULT NULL,
  `steel` int(11) DEFAULT NULL,
  `titan` int(11) DEFAULT NULL,
  `plant` int(11) DEFAULT NULL,
  `energy` int(11) DEFAULT NULL,
  `heat` int(11) DEFAULT NULL,
  `tile_green` int(11) DEFAULT '0',
  `tile_city` int(11) DEFAULT '0',
  PRIMARY KEY (`id`)
) ENGINE=InnoDB AUTO_INCREMENT=15 DEFAULT CHARSET=latin1;
/*!40101 SET character_set_client = @saved_cs_client */;

--
-- Dumping data for table `mars_player_mats`
--

LOCK TABLES `mars_player_mats` WRITE;
/*!40000 ALTER TABLE `mars_player_mats` DISABLE KEYS */;
INSERT INTO `mars_player_mats` VALUES (1,1,14,1,1,1,1,1,1,42,1,1,1,1,1,0,0),(2,5,14,1,1,1,1,1,1,42,1,1,1,1,1,0,0),(3,6,14,1,1,1,1,1,1,42,1,1,1,1,1,0,0),(5,7,27,5,0,0,0,1,2,29,20,6,3,1,1,0,0),(6,9,14,1,1,1,1,1,1,42,1,1,1,1,1,0,0),(7,10,69,9,2,1,6,8,14,0,20,16,0,8,17,13,0),(8,11,14,1,1,1,1,1,1,42,1,1,1,1,1,0,0),(9,12,14,1,1,1,1,1,1,42,1,1,1,1,1,0,0),(10,13,14,1,1,1,1,1,1,42,1,1,1,1,1,0,0),(11,14,14,1,1,1,1,1,1,42,1,1,1,1,1,0,0),(12,15,14,1,1,1,1,1,1,42,1,1,1,1,1,0,0),(13,16,69,8,1,1,9,5,10,34,3,3,13,5,27,13,0),(14,17,45,2,1,0,7,4,2,45,11,0,2,4,7,7,0);
/*!40000 ALTER TABLE `mars_player_mats` ENABLE KEYS */;
UNLOCK TABLES;
/*!40103 SET TIME_ZONE=@OLD_TIME_ZONE */;

/*!40101 SET SQL_MODE=@OLD_SQL_MODE */;
/*!40014 SET FOREIGN_KEY_CHECKS=@OLD_FOREIGN_KEY_CHECKS */;
/*!40014 SET UNIQUE_CHECKS=@OLD_UNIQUE_CHECKS */;
/*!40101 SET CHARACTER_SET_CLIENT=@OLD_CHARACTER_SET_CLIENT */;
/*!40101 SET CHARACTER_SET_RESULTS=@OLD_CHARACTER_SET_RESULTS */;
/*!40101 SET COLLATION_CONNECTION=@OLD_COLLATION_CONNECTION */;
/*!40111 SET SQL_NOTES=@OLD_SQL_NOTES */;

-- Dump completed on 2018-07-11 18:53:54
