-- MySQL dump 10.13  Distrib 5.7.22, for Linux (x86_64)
--
-- Host: localhost    Database: mars
-- ------------------------------------------------------
-- Server version	5.7.22-0ubuntu0.16.04.1

/*!40101 SET @OLD_CHARACTER_SET_CLIENT=@@CHARACTER_SET_CLIENT */;
/*!40101 SET @OLD_CHARACTER_SET_RESULTS=@@CHARACTER_SET_RESULTS */;
/*!40101 SET @OLD_COLLATION_CONNECTION=@@COLLATION_CONNECTION */;
/*!40101 SET NAMES utf8 */;
/*!40103 SET @OLD_TIME_ZONE=@@TIME_ZONE */;
/*!40103 SET TIME_ZONE='+00:00' */;
/*!40014 SET @OLD_UNIQUE_CHECKS=@@UNIQUE_CHECKS, UNIQUE_CHECKS=0 */;
/*!40014 SET @OLD_FOREIGN_KEY_CHECKS=@@FOREIGN_KEY_CHECKS, FOREIGN_KEY_CHECKS=0 */;
/*!40101 SET @OLD_SQL_MODE=@@SQL_MODE, SQL_MODE='NO_AUTO_VALUE_ON_ZERO' */;
/*!40111 SET @OLD_SQL_NOTES=@@SQL_NOTES, SQL_NOTES=0 */;

--
-- Table structure for table `mars_card_decks`
--

DROP TABLE IF EXISTS `mars_card_decks`;
/*!40101 SET @saved_cs_client     = @@character_set_client */;
/*!40101 SET character_set_client = utf8 */;
CREATE TABLE `mars_card_decks` (
  `deck_id` int(11) NOT NULL AUTO_INCREMENT,
  `title` varchar(100) NOT NULL,
  PRIMARY KEY (`deck_id`)
) ENGINE=InnoDB AUTO_INCREMENT=5 DEFAULT CHARSET=latin1;
/*!40101 SET character_set_client = @saved_cs_client */;

--
-- Dumping data for table `mars_card_decks`
--

LOCK TABLES `mars_card_decks` WRITE;
/*!40000 ALTER TABLE `mars_card_decks` DISABLE KEYS */;
INSERT INTO `mars_card_decks` VALUES (1,'Basic'),(2,'Corporate'),(3,'Promo'),(4,'Venus');
/*!40000 ALTER TABLE `mars_card_decks` ENABLE KEYS */;
UNLOCK TABLES;

--
-- Table structure for table `mars_card_types`
--

DROP TABLE IF EXISTS `mars_card_types`;
/*!40101 SET @saved_cs_client     = @@character_set_client */;
/*!40101 SET character_set_client = utf8 */;
CREATE TABLE `mars_card_types` (
  `type_id` int(11) NOT NULL AUTO_INCREMENT,
  `title` varchar(100) NOT NULL,
  PRIMARY KEY (`type_id`)
) ENGINE=InnoDB AUTO_INCREMENT=4 DEFAULT CHARSET=latin1;
/*!40101 SET character_set_client = @saved_cs_client */;

--
-- Dumping data for table `mars_card_types`
--

LOCK TABLES `mars_card_types` WRITE;
/*!40000 ALTER TABLE `mars_card_types` DISABLE KEYS */;
INSERT INTO `mars_card_types` VALUES (1,'Event'),(2,'Automated'),(3,'Active');
/*!40000 ALTER TABLE `mars_card_types` ENABLE KEYS */;
UNLOCK TABLES;

--
-- Table structure for table `mars_cards`
--

DROP TABLE IF EXISTS `mars_cards`;
/*!40101 SET @saved_cs_client     = @@character_set_client */;
/*!40101 SET character_set_client = utf8 */;
CREATE TABLE `mars_cards` (
  `card_id` int(11) NOT NULL AUTO_INCREMENT,
  `card_type` int(11) NOT NULL,
  `card_deck` int(11) NOT NULL,
  `cost` int(11) NOT NULL,
  `card_title` varchar(100) DEFAULT NULL,
  `req_min_temp` int(11) NOT NULL,
  `req_max_temp` int(11) NOT NULL,
  `req_min_oxyg` int(11) NOT NULL,
  `req_max_oxyg` int(11) NOT NULL,
  `req_min_ocean` int(11) NOT NULL,
  `req_max_ocean` int(11) NOT NULL,
  `req_min_venus` int(11) DEFAULT NULL,
  `req_max_venus` int(11) DEFAULT NULL,
  `req_scence` int(11) DEFAULT NULL,
  `req_building` int(11) DEFAULT NULL,
  `req_space` int(11) DEFAULT NULL,
  `req_microbe` int(11) DEFAULT NULL,
  `req_plant` int(11) DEFAULT NULL,
  `req_animal` int(11) DEFAULT NULL,
  `req_city` int(11) DEFAULT NULL,
  `req_earth` int(11) DEFAULT NULL,
  `req_jovian` int(11) DEFAULT NULL,
  `req_energy` int(11) DEFAULT NULL,
  `req_venus` int(11) DEFAULT NULL,
  `req_titan_prod` int(11) NOT NULL DEFAULT '0',
  `req_steel_prod` int(11) NOT NULL DEFAULT '0',
  `req_plant_prod` int(11) NOT NULL DEFAULT '0',
  `req_energy_prod` int(11) NOT NULL DEFAULT '0',
  `req_heat_prod` int(11) NOT NULL DEFAULT '0',
  `req_tile_green` int(11) NOT NULL DEFAULT '0',
  `req_tile_city` int(11) NOT NULL DEFAULT '0',
  `req_min_rating` int(11) NOT NULL DEFAULT '1',
  `req_max_rating` int(11) NOT NULL DEFAULT '1000',
  `req_floaters` int(11) NOT NULL DEFAULT '0',
  `tag_scence` int(11) NOT NULL,
  `tag_building` int(11) NOT NULL,
  `tag_space` int(11) NOT NULL,
  `tag_microbe` int(11) NOT NULL,
  `tag_plant` int(11) NOT NULL,
  `tag_animal` int(11) NOT NULL,
  `tag_city` int(11) NOT NULL,
  `tag_earth` int(11) NOT NULL,
  `tag_jovian` int(11) NOT NULL,
  `tag_energy` int(11) NOT NULL,
  `tag_venus` int(11) NOT NULL,
  `tag_event` int(11) NOT NULL,
  `prod_eff_money` int(11) NOT NULL,
  `prod_eff_money_oth` int(11) NOT NULL,
  `prod_eff_steel` int(11) NOT NULL,
  `prod_eff_steel_oth` int(11) NOT NULL,
  `prod_eff_titan` int(11) NOT NULL,
  `prod_eff_titan_oth` int(11) NOT NULL,
  `prod_eff_plant` int(11) NOT NULL,
  `prod_eff_plant_oth` int(11) NOT NULL,
  `prod_eff_energy` int(11) NOT NULL,
  `prod_eff_energy_oth` int(11) NOT NULL,
  `prod_eff_heat` int(11) NOT NULL,
  `prod_eff_heat_oth` int(11) NOT NULL,
  `res_eff_money` int(11) NOT NULL,
  `res_eff_money_oth` int(11) NOT NULL,
  `res_eff_steel` int(11) NOT NULL,
  `res_eff_steel_oth` int(11) NOT NULL,
  `res_eff_titan` int(11) NOT NULL,
  `res_eff_titan_oth` int(11) NOT NULL,
  `res_eff_plant` int(11) NOT NULL,
  `res_eff_plant_oth` int(11) NOT NULL,
  `res_eff_energy` int(11) NOT NULL,
  `res_eff_energy_oth` int(11) NOT NULL,
  `res_eff_heat` int(11) NOT NULL,
  `res_eff_heat_oth` int(11) NOT NULL,
  `terr_eff_temp` int(11) NOT NULL,
  `terr_eff_oxygen` int(11) NOT NULL,
  `terr_eff_ocean` int(11) NOT NULL,
  `terr_eff_venus` int(11) NOT NULL,
  `terr_eff_rating` int(11) NOT NULL,
  `terr_eff_points` int(11) NOT NULL,
  `rec_action_text` varchar(255) DEFAULT NULL,
  `one_time_effect_text` varchar(255) DEFAULT NULL,
  PRIMARY KEY (`card_id`)
) ENGINE=InnoDB AUTO_INCREMENT=262 DEFAULT CHARSET=latin1;
/*!40101 SET character_set_client = @saved_cs_client */;

--
-- Dumping data for table `mars_cards`
--

LOCK TABLES `mars_cards` WRITE;
/*!40000 ALTER TABLE `mars_cards` DISABLE KEYS */;
INSERT INTO `mars_cards` VALUES (1,2,1,8,'Colonizer Training Camp',-30,8,0,5,0,9,0,30,0,0,0,0,0,0,0,0,0,0,0,0,0,0,0,0,0,0,1,1000,0,0,1,0,0,0,0,0,0,1,0,0,0,0,0,0,0,0,0,0,0,0,0,0,0,0,0,0,0,0,0,0,0,0,0,0,0,0,0,0,0,0,2,'','Oxygen must be 5% or less.'),(2,2,2,13,'Asteroid Mining Consortium',-30,8,0,14,0,9,0,30,0,0,0,0,0,0,0,0,0,0,0,0,0,0,0,0,0,0,1,1000,0,0,0,0,0,0,0,0,0,1,0,0,0,0,0,0,0,0,0,0,0,0,0,0,0,0,0,0,0,0,0,0,0,0,0,0,0,0,0,0,0,0,1,'','Requires that you have titanium production. Decrease any titanium production 1 step and increase your own 1 step.'),(3,2,1,13,'Deep Well Heating',-30,8,0,14,0,9,0,30,0,0,0,0,0,0,0,0,0,0,0,0,0,0,0,0,0,0,1,1000,0,0,1,0,0,0,0,0,0,0,1,0,0,0,0,0,0,0,0,0,0,1,0,0,0,0,0,0,0,0,0,0,0,0,0,0,0,1,0,0,0,0,0,'','Increase your energy production 1 step. Increase temperature 1 step.'),(4,2,1,11,'Cloud Seeding',-30,8,0,14,3,9,0,30,0,0,0,0,0,0,0,0,0,0,0,0,0,0,0,0,0,0,1,1000,0,0,0,0,0,0,0,0,0,0,0,0,0,-1,0,0,0,0,0,2,0,0,0,0,0,0,0,0,0,0,0,0,0,0,0,0,0,0,0,0,0,0,0,'','Requires 3 ocean tiles. Decrease your MC production 1 step and any heat production 1 step.  Increase your plant production 2 steps.'),(5,3,1,3,'Search For Life',-30,8,0,6,0,9,0,30,0,0,0,0,0,0,0,0,0,0,0,0,0,0,0,0,0,0,1,1000,0,1,0,0,0,0,0,0,0,0,0,0,0,0,0,0,0,0,0,0,0,0,0,0,0,0,0,0,0,0,0,0,0,0,0,0,0,0,0,0,0,0,0,'Action: Spend 1 MC to reveal and discard the top card of the draw deck. If that card has a microbe tag, add a science resource here.','Oxygen must be 6% or less. 3 VPs if you have one or more science resource here.'),(6,3,2,9,'Inventors` Guild',-30,8,0,14,0,9,0,30,0,0,0,0,0,0,0,0,0,0,0,0,0,0,0,0,0,0,1,1000,0,1,0,0,0,0,0,0,0,0,0,0,0,0,0,0,0,0,0,0,0,0,0,0,0,0,0,0,0,0,0,0,0,0,0,0,0,0,0,0,0,0,0,'Action: Look at the top card and either buy it or discard it',''),(7,3,1,13,'Martian Rail',-30,8,0,14,0,9,0,30,0,0,0,0,0,0,0,0,0,0,0,0,0,0,0,0,0,0,1,1000,0,0,1,0,0,0,0,0,0,0,0,0,0,0,0,0,0,0,0,0,0,0,0,0,0,0,0,0,0,0,0,0,0,0,0,0,0,0,0,0,0,0,0,'Action: Spend 1 energy to gain 1 MC for each city tile ON MARS.',''),(8,2,1,26,'Capital',-30,8,0,14,4,9,0,30,0,0,0,0,0,0,0,0,0,0,0,0,0,0,0,0,0,0,1,1000,0,0,1,0,0,0,0,1,0,0,0,0,0,5,0,0,0,0,0,0,0,-2,0,0,0,0,0,0,0,0,0,0,0,0,0,0,0,0,0,0,0,0,99,'','Requires 4 ocean tiles. Place [the capital city] tile. Decrease your energy production 2 steps and increase your MC production 5 steps. 1 ADDITIONAL VP FOR EACH OCEAN TILE ADJACENT TO THIS CITY TILE.'),(9,1,1,14,'Asteroid',-30,8,0,14,0,9,0,30,0,0,0,0,0,0,0,0,0,0,0,0,0,0,0,0,0,0,1,1000,0,0,0,1,0,0,0,0,0,0,0,0,1,0,0,0,0,0,0,0,0,0,0,0,0,0,0,0,0,2,0,0,0,0,0,0,0,1,0,0,0,0,0,'','Raise temperature 1 step and gain 2 titanium. Remove up to 3 plants from any player.'),(10,1,1,21,'Comet',-30,8,0,14,0,9,0,30,0,0,0,0,0,0,0,0,0,0,0,0,0,0,0,0,0,0,1,1000,0,0,0,1,0,0,0,0,0,0,0,0,1,0,0,0,0,0,0,0,0,0,0,0,0,0,0,0,0,0,0,0,0,0,0,0,0,1,0,1,0,0,0,'','Raise temperature 1 step and place an ocean tile. Remove up to 3 plants from any player.'),(11,1,1,27,'Big Asteroid',-30,8,0,14,0,9,0,30,0,0,0,0,0,0,0,0,0,0,0,0,0,0,0,0,0,0,1,1000,0,0,0,1,0,0,0,0,0,0,0,0,1,0,0,0,0,0,0,0,0,0,0,0,0,0,0,0,0,4,0,0,0,0,0,0,0,2,0,0,0,0,0,'','Raise temperature 2 steps and gain 4 titanium. Remove up to 4 plants from any player.'),(12,3,1,25,'Water Import From Europa',-30,8,0,14,0,9,0,30,0,0,0,0,0,0,0,0,0,0,0,0,0,0,0,0,0,0,1,1000,0,0,0,1,0,0,0,0,0,1,0,0,0,0,0,0,0,0,0,0,0,0,0,0,0,0,0,0,0,0,0,0,0,0,0,0,0,0,0,99,0,0,99,'Action: Pay 12 MC to place an ocean tile. TITANIUM MAY BE USED as if playing a space card.','1 VP for each Jovian tag you have.'),(13,3,2,27,'Space Elevator',-30,8,0,14,0,9,0,30,0,0,0,0,0,0,0,0,0,0,0,0,0,0,0,0,0,0,1,1000,0,0,1,1,0,0,0,0,0,0,0,0,0,0,0,0,0,1,0,0,0,0,0,0,0,0,0,0,0,0,0,0,0,0,0,0,0,0,0,0,0,0,2,'Action: Spend 1 steel to gain 5 MC','Increase your titanium production 1 step.'),(14,3,2,11,'Development Center',-30,8,0,14,0,9,0,30,0,0,0,0,0,0,0,0,0,0,0,0,0,0,0,0,0,0,1,1000,0,1,1,0,0,0,0,0,0,0,0,0,0,0,0,0,0,0,0,0,0,0,0,0,0,0,0,0,0,0,0,0,0,0,0,0,0,0,0,0,0,0,0,'Action: Spend 1 energy to draw a card.',''),(15,3,1,11,'Equatorial Magnetizer',-30,8,0,14,0,9,0,30,0,0,0,0,0,0,0,0,0,0,0,0,0,0,0,0,0,0,1,1000,0,0,1,0,0,0,0,0,0,0,0,0,0,0,0,0,0,0,0,0,0,0,0,0,0,0,0,0,0,0,0,0,0,0,0,0,0,0,0,0,0,99,0,'Action: Decrease your energy production 1 step to increase your terraforming rating 1 step.',''),(16,2,1,24,'Domed Crater',-30,8,0,7,0,9,0,30,0,0,0,0,0,0,0,0,0,0,0,0,0,0,0,0,0,0,1,1000,0,0,1,0,0,0,0,1,0,0,0,0,0,3,0,0,0,0,0,0,0,-1,0,0,0,0,0,0,0,0,0,3,0,0,0,0,0,0,0,0,0,0,1,'','Oxygen must be 7% or less. Gain 3 plants and place a city tile. Decrease your energy production 1 step and increase MC production 3 steps.'),(17,2,1,18,'Noctis City',-30,8,0,14,0,9,0,30,0,0,0,0,0,0,0,0,0,0,0,0,0,0,0,0,0,0,1,1000,0,0,1,0,0,0,0,1,0,0,0,0,0,3,0,0,0,0,0,0,0,-1,0,0,0,0,0,0,0,0,0,0,0,0,0,0,0,0,0,0,0,0,0,'','Decrease your energy production 1 step and increase your MC production 3 steps. Place a tile ON THE RESERVED AREA, disregarding normal placement restrictions.'),(18,2,1,28,'Methane From Titan',-30,8,2,14,0,9,0,30,0,0,0,0,0,0,0,0,0,0,0,0,0,0,0,0,0,0,1,1000,0,0,0,1,0,0,0,0,0,1,0,0,0,0,0,0,0,0,0,2,0,0,0,2,0,0,0,0,0,0,0,0,0,0,0,0,0,0,0,0,0,0,2,'','Requires 2% oxygen. Increase your heat production 2 steps and your plant production 2 steps.'),(19,1,1,16,'Imported Hydrogen',-30,8,0,14,0,9,0,30,0,0,0,0,0,0,0,0,0,0,0,0,0,0,0,0,0,0,1,1000,0,0,0,1,0,0,0,0,1,0,0,0,1,0,0,0,0,0,0,0,0,0,0,0,0,0,0,0,0,0,0,0,0,0,0,0,0,0,0,1,0,0,0,'','Gain 3 plants, or add 3 microbes or 2 animals to ANOTHER card. Place an ocean tile.'),(20,3,1,18,'Research Outpost',-30,8,0,14,0,9,0,30,0,0,0,0,0,0,0,0,0,0,0,0,0,0,0,0,0,0,1,1000,0,1,1,0,0,0,0,1,0,0,0,0,0,0,0,0,0,0,0,0,0,0,0,0,0,0,0,0,0,0,0,0,0,0,0,0,0,0,0,0,0,0,0,'Effect: When you play a card, you pay 1 MC less for it.','Place a city tile NEXT TO NO OTHER TILE.'),(21,2,1,25,'Phobos Space Haven',-30,8,0,14,0,9,0,30,0,0,0,0,0,0,0,0,0,0,0,0,0,0,0,0,0,0,1,1000,0,0,0,1,0,0,0,1,0,0,0,0,0,0,0,0,0,1,0,0,0,0,0,0,0,0,0,0,0,0,0,0,0,0,0,0,0,0,0,0,0,0,3,'','Increase your titanium production 1 step and place a city tile ON THE RESERVED AREA.'),(22,2,1,15,'Black Polar Dust',-30,8,0,14,0,9,0,30,0,0,0,0,0,0,0,0,0,0,0,0,0,0,0,0,0,0,1,1000,0,0,0,0,0,0,0,0,0,0,0,0,0,-2,0,0,0,0,0,0,0,0,0,3,0,0,0,0,0,0,0,0,0,0,0,0,0,0,0,1,0,0,0,'','Place an ocean tile. Decrease your MC production 2 steps and increase your heat production 3 steps.'),(23,3,1,12,'Arctic Algae',-30,-12,0,14,0,9,0,30,0,0,0,0,0,0,0,0,0,0,0,0,0,0,0,0,0,0,1,1000,0,0,0,0,0,1,0,0,0,0,0,0,0,0,0,0,0,0,0,0,0,0,0,0,0,0,0,0,0,0,0,0,0,0,0,0,0,0,0,0,0,0,0,'Effect: When anyone places an ocean tile, gain 2 plants.','It must be -12°C or colder to play. Gain 1 plant.'),(24,3,1,14,'Predators',-30,8,11,14,0,9,0,30,0,0,0,0,0,0,0,0,0,0,0,0,0,0,0,0,0,0,1,1000,0,0,0,0,0,0,1,0,0,0,0,0,0,0,0,0,0,0,0,0,0,0,0,0,0,0,0,0,0,0,0,0,0,0,0,0,0,0,0,0,0,0,99,'Action: Remove 1 animal from any card and add it to this card.','Requires 11% oxygen. 1 VP per animal on this card.'),(25,3,2,10,'Space Station',-30,8,0,14,0,9,0,30,0,0,0,0,0,0,0,0,0,0,0,0,0,0,0,0,0,0,1,1000,0,0,0,1,0,0,0,0,0,0,0,0,0,0,0,0,0,0,0,0,0,0,0,0,0,0,0,0,0,0,0,0,0,0,0,0,0,0,0,0,0,0,1,'Effect: When you play a space card, you pay 2 MC less for it.',''),(26,2,1,16,'Eos Chasma National Park',-12,8,0,14,0,9,0,30,0,0,0,0,0,0,0,0,0,0,0,0,0,0,0,0,0,0,1,1000,0,0,1,0,0,1,0,0,0,0,0,0,0,2,0,0,0,0,0,0,0,0,0,0,0,0,0,0,0,0,0,3,0,0,0,0,0,0,0,0,0,0,1,'','Requires -128°C  or warmer. Add 1 animal TO ANY ANIMAL CARD. Gain 3 plants. Increase your MC production 2 steps.'),(27,1,2,24,'Interstellar Colony Ship',-30,8,0,14,0,9,0,30,5,0,0,0,0,0,0,0,0,0,0,0,0,0,0,0,0,0,1,1000,0,0,0,1,0,0,0,0,1,0,0,0,1,0,0,0,0,0,0,0,0,0,0,0,0,0,0,0,0,0,0,0,0,0,0,0,0,0,0,0,0,0,0,'','Requires 5 science tags.'),(28,3,2,12,'Security Fleet',-30,8,0,14,0,9,0,30,0,0,0,0,0,0,0,0,0,0,0,0,0,0,0,0,0,0,1,1000,0,0,0,1,0,0,0,0,0,0,0,0,0,0,0,0,0,0,0,0,0,0,0,0,0,0,0,0,0,0,0,0,0,0,0,0,0,0,0,0,0,0,99,'Action: Spend 1 titanium to add 1 fighter resource to this card.','1 VP for each fighter resource on this card.'),(29,2,1,16,'Cupola City',-30,8,0,9,0,9,0,30,0,0,0,0,0,0,0,0,0,0,0,0,0,0,0,0,0,0,1,1000,0,0,1,0,0,0,0,1,0,0,0,0,0,3,0,0,0,0,0,0,0,-1,0,0,0,0,0,0,0,0,0,0,0,0,0,0,0,0,0,0,0,0,0,'','Oxygen must be 9% or less. Place a city tile. Decrease your energy production 1 step and increase your MC production 3 steps.'),(30,2,1,13,'Lunar Beam',-30,8,0,14,0,9,0,30,0,0,0,0,0,0,0,0,0,0,0,0,0,0,0,0,0,0,1,1000,0,0,0,0,0,0,0,0,1,0,1,0,0,-2,0,0,0,0,0,0,0,2,0,2,0,0,0,0,0,0,0,0,0,0,0,0,0,0,0,0,0,0,0,'','Decrease your MC production 2 steps and increase your heat production and energy production 2 steps each.'),(31,3,1,7,'Optimal Aerobraking',-30,8,0,14,0,9,0,30,0,0,0,0,0,0,0,0,0,0,0,0,0,0,0,0,0,0,1,1000,0,0,0,1,0,0,0,0,0,0,0,0,0,0,0,0,0,0,0,0,0,0,0,0,0,0,0,0,0,0,0,0,0,0,0,0,0,0,0,0,0,0,0,'Effect: When you place a space event, you gain 3 MC and 3 heat.',''),(32,2,1,18,'Underground City',-30,8,0,14,0,9,0,30,0,0,0,0,0,0,0,0,0,0,0,0,0,0,0,0,0,0,1,1000,0,0,1,0,0,0,0,1,0,0,0,0,0,0,0,2,0,0,0,0,0,-2,0,0,0,0,0,0,0,0,0,0,0,0,0,0,0,0,0,0,0,0,0,'','Place a city tile. Decrease your energy production 2 steps and increase your steel production 2 steps.'),(33,3,1,13,'Regolith Eaters',-30,8,0,14,0,9,0,30,0,0,0,0,0,0,0,0,0,0,0,0,0,0,0,0,0,0,1,1000,0,1,0,0,1,0,0,0,0,0,0,0,0,0,0,0,0,0,0,0,0,0,0,0,0,0,0,0,0,0,0,0,0,0,0,0,0,0,99,0,0,0,0,'Action: Add 1 microbe to this card, or remove 2 microbe from this card to raise oxygen level 1 step.',''),(34,3,1,8,'GHG Producing Bacteria',-30,8,4,14,0,9,0,30,0,0,0,0,0,0,0,0,0,0,0,0,0,0,0,0,0,0,1,1000,0,1,0,0,1,0,0,0,0,0,0,0,0,0,0,0,0,0,0,0,0,0,0,0,0,0,0,0,0,0,0,0,0,0,0,0,0,99,0,0,0,0,0,'Action: Add 1 microbe to this card, or remove 2 microbes to raise temperature 1 step.','Requires 4% oxygen.'),(35,3,1,9,'Ants',-30,8,4,14,0,9,0,30,0,0,0,0,0,0,0,0,0,0,0,0,0,0,0,0,0,0,1,1000,0,0,0,0,1,0,0,0,0,0,0,0,0,0,0,0,0,0,0,0,0,0,0,0,0,0,0,0,0,0,0,0,0,0,0,0,0,0,0,0,0,0,99,'Action: Remove 1 microbe from any card to add 1 to this card.','Requires 4% oxygen. 1 VP per 2 microbes on this card.'),(36,1,1,14,'Release of Inert Gases',-30,8,0,14,0,9,0,30,0,0,0,0,0,0,0,0,0,0,0,0,0,0,0,0,0,0,1,1000,0,0,0,0,0,0,0,0,0,0,0,0,1,0,0,0,0,0,0,0,0,0,0,0,0,0,0,0,0,0,0,0,0,0,0,0,0,0,0,0,0,2,0,'','Raise your terraform rating 2 steps.'),(37,1,1,31,'Nitrogen-Rich Asteroid',-30,8,0,14,0,9,0,30,0,0,0,0,0,0,0,0,0,0,0,0,0,0,0,0,0,0,1,1000,0,1,0,0,0,0,0,0,0,0,0,0,1,0,0,0,0,0,0,0,0,0,0,0,0,0,0,0,0,0,0,0,0,0,0,0,0,1,0,0,0,2,0,'','Raise your terraforming rating 2 steps and temperature 1 step. Increase your plant production 1 step, or 4 steps if you have 3 plant tags.'),(38,3,1,8,'Rover Construction',-30,8,0,14,0,9,0,30,0,0,0,0,0,0,0,0,0,0,0,0,0,0,0,0,0,0,1,1000,0,0,1,0,0,0,0,0,0,0,0,0,0,0,0,0,0,0,0,0,0,0,0,0,0,0,0,0,0,0,0,0,0,0,0,0,0,0,0,0,0,0,1,'Effect: When any city tile is placed, gain 2 MC',''),(39,1,1,31,'Deimos Down',-30,8,0,14,0,9,0,30,0,0,0,0,0,0,0,0,0,0,0,0,0,0,0,0,0,0,1,1000,0,0,0,1,0,0,0,0,0,0,0,0,1,0,0,0,0,0,0,0,0,0,0,0,0,0,0,4,0,0,0,0,0,0,0,0,0,3,0,0,0,0,0,'','Raise temperature 3 steps and gain 4 steel. Remove up to 8 plants from any player.'),(40,2,1,30,'Asteroid Mining',-30,8,0,14,0,9,0,30,0,0,0,0,0,0,0,0,0,0,0,0,0,0,0,0,0,0,1,1000,0,0,0,1,0,0,0,0,0,1,0,0,0,0,0,0,0,2,0,0,0,0,0,0,0,0,0,0,0,0,0,0,0,0,0,0,0,0,0,0,0,0,2,'','Increase your titanium production 2 steps.'),(41,2,1,12,'Food Factory',-30,8,0,14,0,9,0,30,0,0,0,0,0,0,0,0,0,0,0,0,0,0,0,0,0,0,1,1000,0,0,1,0,0,0,0,0,0,0,0,0,0,4,0,0,0,0,0,-1,0,0,0,0,0,0,0,0,0,0,0,0,0,0,0,0,0,0,0,0,0,0,1,'','Decrease your plant production 1 step and increase your MC production 4 steps.'),(42,2,1,6,'Archaebacteria',-30,-18,0,14,0,9,0,30,0,0,0,0,0,0,0,0,0,0,0,0,0,0,0,0,0,0,1,1000,0,0,0,0,1,0,0,0,0,0,0,0,0,0,0,0,0,0,0,1,0,0,0,0,0,0,0,0,0,0,0,0,0,0,0,0,0,0,0,0,0,0,0,'','It must be -18°C or colder. Increase your plant production 1 step.'),(43,2,1,6,'Carbonate Processing',-30,8,0,14,0,9,0,30,0,0,0,0,0,0,0,0,0,0,0,0,0,0,0,0,0,0,1,1000,0,0,1,0,0,0,0,0,0,0,0,0,0,0,0,0,0,0,0,0,0,-1,0,3,0,0,0,0,0,0,0,0,0,-1,0,0,0,0,0,0,0,0,0,'','Decrease your energy production 1 step and increase your heat production 3 steps.'),(44,2,1,9,'Natural Preserve',-30,8,0,4,0,9,0,30,0,0,0,0,0,0,0,0,0,0,0,0,0,0,0,0,0,0,1,1000,0,1,1,0,0,0,0,0,0,0,0,0,0,1,0,0,0,0,0,0,0,0,0,0,0,0,0,0,0,0,0,0,0,0,0,0,0,0,0,0,0,0,0,'','Oxygen must be 4% or less. Place this tile NEXT TO NO OTHER TILE. Increase your MC production 1 step.'),(45,2,1,10,'Nuclear Power',-30,8,0,14,0,9,0,30,0,0,0,0,0,0,0,0,0,0,0,0,0,0,0,0,0,0,1,1000,0,0,1,0,0,0,0,0,0,0,1,0,0,-2,0,0,0,0,0,0,0,3,0,0,0,0,0,0,0,0,0,0,0,0,0,0,0,0,0,0,0,0,0,'','Decrease your MC production 2 steps and increase your energy production 3 steps.'),(46,2,2,8,'Lightning Harvest',-30,8,0,14,0,9,0,30,3,0,0,0,0,0,0,0,0,0,0,0,0,0,0,0,0,0,1,1000,0,0,0,0,0,0,0,0,0,0,1,0,0,1,0,0,0,0,0,0,0,1,0,0,0,0,0,0,0,0,0,0,0,0,0,0,0,0,0,0,0,0,1,'','Requires 3 science tags. Increase your energy production and your MC production 1 step each.'),(47,2,1,10,'Algae',-30,8,0,14,5,9,0,30,0,0,0,0,0,0,0,0,0,0,0,0,0,0,0,0,0,0,1,1000,0,0,0,0,0,1,0,0,0,0,0,0,0,0,0,0,0,0,0,2,0,0,0,0,0,0,0,0,0,0,0,1,0,0,0,0,0,0,0,0,0,0,0,'','Requires 5 ocean tiles. Gain 1 plant and increase your plant production 2 steps.'),(48,2,1,9,'Adapted Lichen',-30,8,0,14,0,9,0,30,0,0,0,0,0,0,0,0,0,0,0,0,0,0,0,0,0,0,1,1000,0,0,0,0,0,1,0,0,0,0,0,0,0,0,0,0,0,0,0,1,0,0,0,0,0,0,0,0,0,0,0,0,0,0,0,0,0,0,0,0,0,0,0,'','Increase your plant production 1 step.'),(49,3,2,4,'Tardigrades',-30,8,0,14,0,9,0,30,0,0,0,0,0,0,0,0,0,0,0,0,0,0,0,0,0,0,1,1000,0,0,0,0,1,0,0,0,0,0,0,0,0,0,0,0,0,0,0,0,0,0,0,0,0,0,0,0,0,0,0,0,0,0,0,0,0,0,0,0,0,0,99,'Action: Add 1 microbe to this card.','1 VP per 4 microbes on this card.'),(50,1,2,1,'Virus',-30,8,0,14,0,9,0,30,0,0,0,0,0,0,0,0,0,0,0,0,0,0,0,0,0,0,1,1000,0,0,0,0,1,0,0,0,0,0,0,0,1,0,0,0,0,0,0,0,0,0,0,0,0,0,0,0,0,0,0,0,0,0,0,0,0,0,0,0,0,0,0,'','Remove up to 2 animals or 5 plants from any player.'),(51,2,2,12,'Miranda Resort',-30,8,0,14,0,9,0,30,0,0,0,0,0,0,0,0,0,0,0,0,0,0,0,0,0,0,1,1000,0,0,0,1,0,0,0,0,0,1,0,0,0,0,0,0,0,0,0,0,0,0,0,0,0,0,0,0,0,0,0,0,0,0,0,0,0,0,0,0,0,0,1,'','Increase your MC production 1 step for each Earth tag you have.'),(52,3,1,9,'Fish',2,8,0,14,0,9,0,30,0,0,0,0,0,0,0,0,0,0,0,0,0,0,0,0,0,0,1,1000,0,0,0,0,0,0,1,0,0,0,0,0,0,0,0,0,0,0,0,0,0,0,0,0,0,0,0,0,0,0,0,0,0,0,0,0,0,0,0,0,0,0,99,'Action: Add 1 animal to this card.','Requires 2°C or warmer. Decrease any plant production 1 step. 1 VP for each animal on this card.'),(53,2,1,18,'Lake Marineris',0,8,0,14,0,9,0,30,0,0,0,0,0,0,0,0,0,0,0,0,0,0,0,0,0,0,1,1000,0,0,0,0,0,0,0,0,0,0,0,0,0,0,0,0,0,0,0,0,0,0,0,0,0,0,0,0,0,0,0,0,0,0,0,0,0,0,0,2,0,0,2,'','Requires 0°C or warmer. Place 2 ocean tiles.'),(54,3,1,6,'Small Animals',-30,8,6,14,0,9,0,30,0,0,0,0,0,0,0,0,0,0,0,0,0,0,0,0,0,0,1,1000,0,0,0,0,0,0,1,0,0,0,0,0,0,0,0,0,0,0,0,0,0,0,0,0,0,0,0,0,0,0,0,0,0,0,0,0,0,0,0,0,0,0,99,'Action: Add 1 animal to this card.','Requires 6% oxygen. Decrease any plant production 1 step. 1 VP per 2 animals on this card.'),(55,2,1,17,'Kelp Farming',-30,8,0,14,6,9,0,30,0,0,0,0,0,0,0,0,0,0,0,0,0,0,0,0,0,0,1,1000,0,0,0,0,0,0,0,0,0,0,0,0,0,2,0,0,0,0,0,3,0,0,0,0,0,0,0,0,0,0,0,2,0,0,0,0,0,0,0,0,0,0,1,'','Requires 6 ocean tiles. Increase your MC production 2 steps and your plant production 3 steps. Gain 2 plants.'),(56,2,2,4,'Mine',-30,8,0,14,0,9,0,30,0,0,0,0,0,0,0,0,0,0,0,0,0,0,0,0,0,0,1,1000,0,0,1,0,0,0,0,0,0,0,0,0,0,0,0,1,0,0,0,0,0,0,0,0,0,0,0,0,0,0,0,0,0,0,0,0,0,0,0,0,0,0,0,'','Increase your steel production 1 step.'),(57,2,2,15,'Vesta Shipyard',-30,8,0,14,0,9,0,30,0,0,0,0,0,0,0,0,0,0,0,0,0,0,0,0,0,0,1,1000,0,0,0,1,0,0,0,0,0,1,0,0,0,0,0,0,0,1,0,0,0,0,0,0,0,0,0,0,0,0,0,0,0,0,0,0,0,0,0,0,0,0,1,'','Increase your titanium production 1 step.'),(58,2,1,32,'Beam From a Thorium Asteroid',-30,8,0,14,0,9,0,30,0,0,0,0,0,0,0,0,1,0,0,0,0,0,0,0,0,0,1,1000,0,0,0,1,0,0,0,0,0,1,1,0,0,0,0,0,0,0,0,0,0,3,0,3,0,0,0,0,0,0,0,0,0,0,0,0,0,0,0,0,0,0,1,'','Requires a Jovian tag. Increase your heat production and energy production 3 steps each.'),(59,2,1,12,'Mangrove',4,8,0,14,0,9,0,30,0,0,0,0,0,0,0,0,0,0,0,0,0,0,0,0,0,0,1,1000,0,0,0,0,0,1,0,0,0,0,0,0,0,0,0,0,0,0,0,0,0,0,0,0,0,0,0,0,0,0,0,0,0,0,0,0,0,0,1,0,0,0,1,'','Requires +4°C or warmer. Place a Greenery tile ON AN AREA RESERVED FOR OCEAN and raise oxygen 1 step. Disregard normal placement restrictions for this.'),(60,2,1,13,'Trees',-4,8,0,14,0,9,0,30,0,0,0,0,0,0,0,0,0,0,0,0,0,0,0,0,0,0,1,1000,0,0,0,0,0,1,0,0,0,0,0,0,0,0,0,0,0,0,0,3,0,0,0,0,0,0,0,0,0,0,0,1,0,0,0,0,0,0,0,0,0,0,1,'','Requires -4°C or warmer. Increase your plant production 3 steps. Gain 1 plant.'),(61,2,2,6,'Great Escarpment Consortium',-30,8,0,14,0,9,0,30,0,0,0,0,0,0,0,0,0,0,0,0,0,0,0,0,0,0,1,1000,0,0,0,0,0,0,0,0,0,0,0,0,0,0,0,0,0,0,0,0,0,0,0,0,0,0,0,0,0,0,0,0,0,0,0,0,0,0,0,0,0,0,0,'','Requires that you have steel production. Decrease any steel production 1 step and increase your own 1 step'),(62,1,2,5,'Mineral Deposit',-30,8,0,14,0,9,0,30,0,0,0,0,0,0,0,0,0,0,0,0,0,0,0,0,0,0,1,1000,0,0,0,0,0,0,0,0,0,0,0,0,1,0,0,0,0,0,0,0,0,0,0,0,0,0,0,5,0,0,0,0,0,0,0,0,0,0,0,0,0,0,0,'','Gain 5 steel.'),(63,1,1,12,'Mining Expedition',-30,8,0,14,0,9,0,30,0,0,0,0,0,0,0,0,0,0,0,0,0,0,0,0,0,0,1,1000,0,0,0,0,0,0,0,0,0,0,0,0,1,0,0,0,0,0,0,0,0,0,0,0,0,0,0,2,0,0,0,0,0,0,0,0,0,0,1,0,0,0,0,'','Raise oxygen 1 step. Remove 2 plants from any player. Gain 2 steel.'),(64,2,2,4,'Mining Area',-30,8,0,14,0,9,0,30,0,0,0,0,0,0,0,0,0,0,0,0,0,0,0,0,0,0,1,1000,0,0,1,0,0,0,0,0,0,0,0,0,0,0,0,0,0,0,0,0,0,0,0,0,0,0,0,0,0,0,0,0,0,0,0,0,0,0,0,0,0,0,0,'','Place [the mining] tile on an area with a steel or titanium placement bonus, adjacent to another of your tiles. Increase your production of that resource 1 step.'),(65,2,2,6,'Building Industries',-30,8,0,14,0,9,0,30,0,0,0,0,0,0,0,0,0,0,0,0,0,0,0,0,0,0,1,1000,0,0,1,0,0,0,0,0,0,0,0,0,0,0,0,2,0,0,0,0,0,-1,0,0,0,0,0,0,0,0,0,0,0,0,0,0,0,0,0,0,0,0,0,'','Decrease your energy production 1 step and increase your steel production 2 steps.'),(66,1,2,1,'Land Claim',-30,8,0,14,0,9,0,30,0,0,0,0,0,0,0,0,0,0,0,0,0,0,0,0,0,0,1,1000,0,0,0,0,0,0,0,0,0,0,0,0,1,0,0,0,0,0,0,0,0,0,0,0,0,0,0,0,0,0,0,0,0,0,0,0,0,0,0,0,0,0,0,'','Place your marker on a non-reserved area. Only you may place a tile here'),(67,2,1,9,'Mining Rights',-30,8,0,14,0,9,0,30,0,0,0,0,0,0,0,0,0,0,0,0,0,0,0,0,0,0,1,1000,0,0,1,0,0,0,0,0,0,0,0,0,0,0,0,0,0,0,0,0,0,0,0,0,0,0,0,0,0,0,0,0,0,0,0,0,0,0,0,0,0,0,0,'','Place [the mining] tile on an area with a steel or titanium placement bonus. Increase that production 1 step.'),(68,2,2,6,'Sponsors',-30,8,0,14,0,9,0,30,0,0,0,0,0,0,0,0,0,0,0,0,0,0,0,0,0,0,1,1000,0,0,0,0,0,0,0,0,1,0,0,0,0,2,0,0,0,0,0,0,0,0,0,0,0,0,0,0,0,0,0,0,0,0,0,0,0,0,0,0,0,0,0,'','Increase your MC production 2  steps.'),(69,3,2,17,'Electro Catapult',-30,8,0,8,0,9,0,30,0,0,0,0,0,0,0,0,0,0,0,0,0,0,0,0,0,0,1,1000,0,0,1,0,0,0,0,0,0,0,0,0,0,0,0,0,0,0,0,0,0,-1,0,0,0,0,0,0,0,0,0,0,0,0,0,0,0,0,0,0,0,0,1,'Action: Spend 1 plant or 1 steel to gain 7 MC','Oxygen must be 8% or less. Decrease your energy production 1 step.'),(70,3,2,23,'Earth Catapult',-30,8,0,14,0,9,0,30,0,0,0,0,0,0,0,0,0,0,0,0,0,0,0,0,0,0,1,1000,0,0,0,0,0,0,0,0,1,0,0,0,0,0,0,0,0,0,0,0,0,0,0,0,0,0,0,0,0,0,0,0,0,0,0,0,0,0,0,0,0,0,2,'Effect: when you play a card, you pay 2 MC less for it.',''),(71,3,2,9,'Advanced Alloys',-30,8,0,14,0,9,0,30,0,0,0,0,0,0,0,0,0,0,0,0,0,0,0,0,0,0,1,1000,0,1,0,0,0,0,0,0,0,0,0,0,0,0,0,0,0,0,0,0,0,0,0,0,0,0,0,0,0,0,0,0,0,0,0,0,0,0,0,0,0,0,0,'Effect: Each titanium you have is worth 1MC extra. Each steel you have is worth 1 MC extra.',''),(72,3,1,10,'Birds',-30,8,13,14,0,9,0,30,0,0,0,0,0,0,0,0,0,0,0,0,0,0,0,0,0,0,1,1000,0,0,0,0,0,0,1,0,0,0,0,0,0,0,0,0,0,0,0,0,0,0,0,0,0,0,0,0,0,0,0,0,0,0,0,0,0,0,0,0,0,0,99,'Action: Add an animal to this card.','Requires 13% oxygen. Decrease any plant production 2 steps. 1 VP for each animal on this card'),(73,3,2,8,'Mars University',-30,8,0,14,0,9,0,30,0,0,0,0,0,0,0,0,0,0,0,0,0,0,0,0,0,0,1,1000,0,1,1,0,0,0,0,0,0,0,0,0,0,0,0,0,0,0,0,0,0,0,0,0,0,0,0,0,0,0,0,0,0,0,0,0,0,0,0,0,0,0,1,'Effect: When you play a science tag, including this, you may discard a card from hand to draw a card.',''),(74,3,2,9,'Viral Enhancers',-30,8,0,14,0,9,0,30,0,0,0,0,0,0,0,0,0,0,0,0,0,0,0,0,0,0,1,1000,0,1,0,0,1,0,0,0,0,0,0,0,0,0,0,0,0,0,0,0,0,0,0,0,0,0,0,0,0,0,0,0,0,0,0,0,0,0,0,0,0,0,0,'Effect: When you play a plant, microbe, or an animal tag, including this, gain 1 plant or add 1 resource TO THAT CARD.',''),(75,1,1,23,'Towing a Comet',-30,8,0,14,0,9,0,30,0,0,0,0,0,0,0,0,0,0,0,0,0,0,0,0,0,0,1,1000,0,0,0,1,0,0,0,0,0,0,0,0,1,0,0,0,0,0,0,0,0,0,0,0,0,0,0,0,0,0,0,2,0,0,0,0,0,0,1,1,0,0,0,'','Gain 2 plants. Raise oxygen level 1 step and place an ocean tile.'),(76,3,1,3,'Space Mirrors',-30,8,0,14,0,9,0,30,0,0,0,0,0,0,0,0,0,0,0,0,0,0,0,0,0,0,1,1000,0,0,0,1,0,0,0,0,0,0,1,0,0,0,0,0,0,0,0,0,0,0,0,0,0,0,0,0,0,0,0,0,0,0,0,0,0,0,0,0,0,0,0,'Action: Spend 7MC to increase your energy production 1 step.',''),(77,2,1,11,'Solar Wind Power',-30,8,0,14,0,9,0,30,0,0,0,0,0,0,0,0,0,0,0,0,0,0,0,0,0,0,1,1000,0,1,0,1,0,0,0,0,0,0,1,0,0,0,0,0,0,0,0,0,0,1,0,0,0,0,0,0,0,2,0,0,0,0,0,0,0,0,0,0,0,0,0,'','Increase your energy production 1 step and gain 2 titanium.'),(78,1,1,23,'Ice Asteroid',-30,8,0,14,0,9,0,30,0,0,0,0,0,0,0,0,0,0,0,0,0,0,0,0,0,0,1,1000,0,0,0,1,0,0,0,0,0,0,0,0,1,0,0,0,0,0,0,0,0,0,0,0,0,0,0,0,0,0,0,0,0,0,0,0,0,0,0,2,0,0,0,'','Place 2 ocean tiles.'),(79,3,2,13,'Quantum Extractor',-30,8,0,14,0,9,0,30,4,0,0,0,0,0,0,0,0,0,0,0,0,0,0,0,0,0,1,1000,0,1,0,0,0,0,0,0,0,0,1,0,0,0,0,0,0,0,0,0,0,4,0,0,0,0,0,0,0,0,0,0,0,0,0,0,0,0,0,0,0,0,0,'Effect: When you play a space card, you pay 2 MC less for it',''),(80,1,1,36,'Giant Ice Asteroid',-30,8,0,14,0,9,0,30,0,0,0,0,0,0,0,0,0,0,0,0,0,0,0,0,0,0,1,1000,0,0,0,1,0,0,0,0,0,0,0,0,1,0,0,0,0,0,0,0,0,0,0,0,0,0,0,0,0,0,0,0,0,0,0,0,0,2,0,2,0,0,0,'','Raise temperature 2 steps and place 2 ocean tiles. Remove up to 6 plants from any plyer.'),(81,2,1,20,'Ganymede Colony',-30,8,0,14,0,9,0,30,0,0,0,0,0,0,0,0,0,0,0,0,0,0,0,0,0,0,1,1000,0,0,0,1,0,0,0,1,0,1,0,0,0,0,0,0,0,0,0,0,0,0,0,0,0,0,0,0,0,0,0,0,0,0,0,0,0,0,0,0,0,0,99,'','Place a city tile ON THE RESERVED AREA [for Ganymede Colony]. 1 VP per Jovian tag you have.'),(82,2,2,24,'Callisto Penal Mines',-30,8,0,14,0,9,0,30,0,0,0,0,0,0,0,0,0,0,0,0,0,0,0,0,0,0,1,1000,0,0,0,1,0,0,0,0,0,1,0,0,0,3,0,0,0,0,0,0,0,0,0,0,0,0,0,0,0,0,0,0,0,0,0,0,0,0,0,0,0,0,2,'','Increase your MC production 3 steps.'),(83,2,1,17,'Giant Space Mirror',-30,8,0,14,0,9,0,30,0,0,0,0,0,0,0,0,0,0,0,0,0,0,0,0,0,0,1,1000,0,0,0,1,0,0,0,0,0,0,1,0,0,0,0,0,0,0,0,0,0,3,0,0,0,0,0,0,0,0,0,0,0,0,0,0,0,0,0,0,0,0,0,'','Increase your energy production 3 steps.'),(84,2,2,6,'Trans-Neptune Probe',-30,8,0,14,0,9,0,30,0,0,0,0,0,0,0,0,0,0,0,0,0,0,0,0,0,0,1,1000,0,1,0,1,0,0,0,0,0,0,0,0,0,0,0,0,0,0,0,0,0,0,0,0,0,0,0,0,0,0,0,0,0,0,0,0,0,0,0,0,0,0,0,'',''),(85,2,2,16,'Commercial District',-30,8,0,14,0,9,0,30,0,0,0,0,0,0,0,0,0,0,0,0,0,0,0,0,0,0,1,1000,0,0,1,0,0,0,0,0,0,0,0,0,0,4,0,0,0,0,0,0,0,-1,0,0,0,0,0,0,0,0,0,0,0,0,0,0,0,0,0,0,0,0,99,'','Decrease your energy production 1 step and increase your MC production 4 steps. Place [the commercial district] tile. 1 VP PER ADJACENT CITY TILE.'),(86,2,2,9,'Robotic Workforce',-30,8,0,14,0,9,0,30,0,0,0,0,0,0,0,0,0,0,0,0,0,0,0,0,0,0,1,1000,0,1,0,0,0,0,0,0,0,0,0,0,0,0,0,0,0,0,0,0,0,0,0,0,0,0,0,0,0,0,0,0,0,0,0,0,0,0,0,0,0,0,0,'','Duplicate only the production box of one of your building cards.'),(87,2,1,11,'Grass',-16,8,0,14,0,9,0,30,0,0,0,0,0,0,0,0,0,0,0,0,0,0,0,0,0,0,1,1000,0,0,0,0,0,1,0,0,0,0,0,0,0,0,0,0,0,0,0,1,0,0,0,0,0,0,0,0,0,0,0,3,0,0,0,0,0,0,0,0,0,0,0,'','Requires -16°C or warmer. Increase your plant production 1 step. Gain 3 plants.'),(88,2,1,6,'Heather',-14,8,0,14,0,9,0,30,0,0,0,0,0,0,0,0,0,0,0,0,0,0,0,0,0,0,1,1000,0,0,0,0,0,1,0,0,0,0,0,0,0,0,0,0,0,0,0,1,0,0,0,0,0,0,0,0,0,0,0,1,0,0,0,0,0,0,0,0,0,0,0,'','Requires -14°C or warmer. Increase your plant production 1 step. Gain 1 plant.'),(89,2,1,7,'Peroxide Power',-30,8,0,14,0,9,0,30,0,0,0,0,0,0,0,0,0,0,0,0,0,0,0,0,0,0,1,1000,0,0,1,0,0,0,0,0,0,0,1,0,0,-1,0,0,0,0,0,0,0,2,0,0,0,0,0,0,0,0,0,0,0,0,0,0,0,0,0,0,0,0,0,'','Decrease your MC production 1 step and increase your energy production 2 steps.'),(90,2,2,11,'Research',-30,8,0,14,0,9,0,30,0,0,0,0,0,0,0,0,0,0,0,0,0,0,0,0,0,0,1,1000,0,2,0,0,0,0,0,0,0,0,0,0,0,0,0,0,0,0,0,0,0,0,0,0,0,0,0,0,0,0,0,0,0,0,0,0,0,0,0,0,0,0,2,'','Counts as playing 2 science cards. Draw 2 cards.'),(91,2,2,12,'Gene Repair',-30,8,0,14,0,9,0,30,3,0,0,0,0,0,0,0,0,0,0,0,0,0,0,0,0,0,1,1000,0,1,0,0,0,0,0,0,0,0,0,0,0,2,0,0,0,0,0,0,0,0,0,0,0,0,0,0,0,0,0,0,0,0,0,0,0,0,0,0,0,0,2,'','Requires 3 science tags. Increase your MC production 2 steps.'),(92,2,2,41,'Io Mining Industries',-30,8,0,14,0,9,0,30,0,0,0,0,0,0,0,0,0,0,0,0,0,0,0,0,0,0,1,1000,0,0,0,1,0,0,0,0,0,1,0,0,0,2,0,0,0,2,0,0,0,0,0,0,0,0,0,0,0,0,0,0,0,0,0,0,0,0,0,0,0,0,99,'','Increase your titanium production 2 steps and your MC production 2 steps. 1 VP per Jovian tag you have.'),(93,2,1,10,'Bushes',-10,8,0,14,0,9,0,30,0,0,0,0,0,0,0,0,0,0,0,0,0,0,0,0,0,0,1,1000,0,0,0,0,0,1,0,0,0,0,0,0,0,0,0,0,0,0,0,2,0,0,0,0,0,0,0,0,0,0,0,2,0,0,0,0,0,0,0,0,0,0,0,'','Requires -10°C or warmer. Increase your plant production 2 steps. Gain 2 plants.'),(94,3,2,8,'Mass Converter',-30,8,0,14,0,9,0,30,5,0,0,0,0,0,0,0,0,0,0,0,0,0,0,0,0,0,1,1000,0,1,0,0,0,0,0,0,0,0,1,0,0,0,0,0,0,0,0,0,0,6,0,0,0,0,0,0,0,0,0,0,0,0,0,0,0,0,0,0,0,0,0,'Effect: When you play a space card, you pay 2 MC less for it.','Requires 5 science tags. Increase your energy production 6 steps.'),(95,3,2,12,'Physics Complex',-30,8,0,14,0,9,0,30,0,0,0,0,0,0,0,0,0,0,0,0,0,0,0,0,0,0,1,1000,0,1,1,0,0,0,0,0,0,0,0,0,0,0,0,0,0,0,0,0,0,0,0,0,0,0,0,0,0,0,0,0,0,0,0,0,0,0,0,0,0,0,99,'Action: Spend 6 energy to add a science resource to this card.','2 VP for each science resource on this card.'),(96,2,1,6,'Greenhouses',-30,8,0,14,0,9,0,30,0,0,0,0,0,0,0,0,0,0,0,0,0,0,0,0,0,0,1,1000,0,0,1,0,0,1,0,0,0,0,0,0,0,0,0,0,0,0,0,0,0,0,0,0,0,0,0,0,0,0,0,0,0,0,0,0,0,0,0,0,0,0,0,'','Gain 1 plant for each city tile in play.'),(97,2,1,10,'Nuclear Zone',-30,8,0,14,0,9,0,30,0,0,0,0,0,0,0,0,0,0,0,0,0,0,0,0,0,0,1,1000,0,0,0,0,0,0,0,0,1,0,0,0,0,0,0,0,0,0,0,0,0,0,0,0,0,0,0,0,0,0,0,0,0,0,0,0,0,2,0,0,0,0,-2,'','Place [the nuclear zone] tile and raise the temperature 2 steps.'),(98,2,2,13,'Tropical Resort',-30,8,0,14,0,9,0,30,0,0,0,0,0,0,0,0,0,0,0,0,0,0,0,0,0,0,1,1000,0,0,1,0,0,0,0,0,0,0,0,0,0,3,0,0,0,0,0,0,0,0,0,-2,0,0,0,0,0,0,0,0,0,0,0,0,0,0,0,0,0,0,2,'','Decrease your heat production 2 steps and increase your MC production 3 steps.'),(99,2,2,12,'Toll Station',-30,8,0,14,0,9,0,30,0,0,0,0,0,0,0,0,0,0,0,0,0,0,0,0,0,0,1,1000,0,0,0,1,0,0,0,0,0,0,0,0,0,0,0,0,0,0,0,0,0,0,0,0,0,0,0,0,0,0,0,0,0,0,0,0,0,0,0,0,0,0,0,'','Increase your MC production 1 step for each space tag your OPPONENTS have.'),(100,2,1,1,'Fueled Generators',-30,8,0,14,0,9,0,30,0,0,0,0,0,0,0,0,0,0,0,0,0,0,0,0,0,0,1,1000,0,0,1,0,0,0,0,0,0,0,1,0,0,-1,0,0,0,0,0,0,0,1,0,0,0,0,0,0,0,0,0,0,0,0,0,0,0,0,0,0,0,0,0,'','Decrease your MC production 1 step and increase your energy production 1 step.'),(101,3,1,11,'Ironworks',-30,8,0,14,0,9,0,30,0,0,0,0,0,0,0,0,0,0,0,0,0,0,0,0,0,0,1,1000,0,0,1,0,0,0,0,0,0,0,0,0,0,0,0,0,0,0,0,0,0,0,0,0,0,0,0,0,0,0,0,0,0,0,0,0,0,0,99,0,0,0,0,'Action: Spend 4 energy to gain 1 steel and increase oxygen 1 step.',''),(102,2,1,18,'Power Grid',-30,8,0,14,0,9,0,30,0,0,0,0,0,0,0,0,0,0,0,0,0,0,0,0,0,0,1,1000,0,0,0,0,0,0,0,0,0,0,1,0,0,0,0,0,0,0,0,0,0,0,0,0,0,0,0,0,0,0,0,0,0,0,0,0,0,0,0,0,0,0,0,'','Increase your energy production 1 step for each power tag you have, including this.)'),(103,3,1,15,'Steelworks',-30,8,0,14,0,9,0,30,0,0,0,0,0,0,0,0,0,0,0,0,0,0,0,0,0,0,1,1000,0,0,1,0,0,0,0,0,0,0,0,0,0,0,0,0,0,0,0,0,0,0,0,0,0,0,0,0,0,0,0,0,0,0,0,0,0,0,99,0,0,0,0,'Action: Spend 4 energy to gain 2 steel and increase oxygen 1 step.',''),(104,3,1,13,'Ore Processor',-30,8,0,14,0,9,0,30,0,0,0,0,0,0,0,0,0,0,0,0,0,0,0,0,0,0,1,1000,0,0,1,0,0,0,0,0,0,0,0,0,0,0,0,0,0,0,0,0,0,0,0,0,0,0,0,0,0,0,0,0,0,0,0,0,0,0,99,0,0,0,0,'Action: Spend 4 energy to gain 1 titanium and increase oxygen 1 step.',''),(105,3,2,1,'Earth Office',-30,8,0,14,0,9,0,30,0,0,0,0,0,0,0,0,0,0,0,0,0,0,0,0,0,0,1,1000,0,0,0,0,0,0,0,0,1,0,0,0,0,0,0,0,0,0,0,0,0,0,0,0,0,0,0,0,0,0,0,0,0,0,0,0,0,0,0,0,0,0,0,'Effect: When you play an Earth tag, you pay 3 MC less for it.',''),(106,2,2,10,'Acquired Company',-30,8,0,14,0,9,0,30,0,0,0,0,0,0,0,0,0,0,0,0,0,0,0,0,0,0,1,1000,0,0,0,0,0,0,0,0,1,0,0,0,0,3,0,0,0,0,0,0,0,0,0,0,0,0,0,0,0,0,0,0,0,0,0,0,0,0,0,0,0,0,0,'','Increase your MC production 3 steps.'),(107,2,2,8,'Media Archives',-30,8,0,14,0,9,0,30,0,0,0,0,0,0,0,0,0,0,0,0,0,0,0,0,0,0,1,1000,0,0,0,0,0,0,0,0,1,0,0,0,0,0,0,0,0,0,0,0,0,0,0,0,0,0,0,0,0,0,0,0,0,0,0,0,0,0,0,0,0,0,0,'','Gain 1 MC for each event EVER PLAYED by all players'),(108,2,1,23,'Open City',-30,8,12,14,0,9,0,30,0,0,0,0,0,0,0,0,0,0,0,0,0,0,0,0,0,0,1,1000,0,0,1,0,0,0,0,1,0,0,0,0,0,4,0,0,0,0,0,0,0,-1,0,0,0,0,0,0,0,0,0,2,0,0,0,0,0,0,0,0,0,0,1,'','Requires 12% oxygen. Decrease your energy production 1 step and increase your MC production 4 steps. Gain 2 plants and place a city tile.'),(109,3,2,6,'Media Group',-30,8,0,14,0,9,0,30,0,0,0,0,0,0,0,0,0,0,0,0,0,0,0,0,0,0,1,1000,0,0,0,0,0,0,0,0,1,0,0,0,0,0,0,0,0,0,0,0,0,0,0,0,0,0,0,0,0,0,0,0,0,0,0,0,0,0,0,0,0,0,0,'Effect: After you play an event card, you gain 3MC',''),(110,3,2,4,'Business Network',-30,8,0,14,0,9,0,30,0,0,0,0,0,0,0,0,0,0,0,0,0,0,0,0,0,0,1,1000,0,0,0,0,0,0,0,0,1,0,0,0,0,-1,0,0,0,0,0,0,0,0,0,0,0,0,0,0,0,0,0,0,0,0,0,0,0,0,0,0,0,0,0,'Action: Look at the top card and either buy it or discard it','Decrease your MC production 1 step.'),(111,1,2,7,'Business Contacts',-30,8,0,14,0,9,0,30,0,0,0,0,0,0,0,0,0,0,0,0,0,0,0,0,0,0,1,1000,0,0,0,0,0,0,0,0,1,0,0,0,1,0,0,0,0,0,0,0,0,0,0,0,0,0,0,0,0,0,0,0,0,0,0,0,0,0,0,0,0,0,0,'','Look at the top 4 cards from the deck. Take 2 of them into hand and discard the other 2'),(112,1,2,7,'Bribed Committee',-30,8,0,14,0,9,0,30,0,0,0,0,0,0,0,0,0,0,0,0,0,0,0,0,0,0,1,1000,0,0,0,0,0,0,0,0,1,0,0,0,1,0,0,0,0,0,0,0,0,0,0,0,0,0,0,0,0,0,0,0,0,0,0,0,0,0,0,0,0,2,-2,'','Raise your terraform rating 2 steps.'),(113,2,1,11,'Solar Power',-30,8,0,14,0,9,0,30,0,0,0,0,0,0,0,0,0,0,0,0,0,0,0,0,0,0,1,1000,0,0,1,0,0,0,0,0,0,0,1,0,0,0,0,0,0,0,0,0,0,1,0,0,0,0,0,0,0,0,0,0,0,0,0,0,0,0,0,0,0,0,1,'','Increase your energy production 1 step.'),(114,2,1,11,'Breathing Filters',-30,8,7,14,0,9,0,30,0,0,0,0,0,0,0,0,0,0,0,0,0,0,0,0,0,0,1,1000,0,1,0,0,0,0,0,0,0,0,0,0,0,0,0,0,0,0,0,0,0,0,0,0,0,0,0,0,0,0,0,0,0,0,0,0,0,0,0,0,0,0,2,'','Requires 7% oxygen.'),(115,2,1,12,'Artificial Photosynthesis',-30,8,0,14,0,9,0,30,0,0,0,0,0,0,0,0,0,0,0,0,0,0,0,0,0,0,1,1000,0,1,0,0,0,0,0,0,0,0,0,0,0,0,0,0,0,0,0,0,0,0,0,0,0,0,0,0,0,0,0,0,0,0,0,0,0,0,0,0,0,0,0,'','Increase your plant production 1 step or your energy production 2 steps.'),(116,2,1,15,'Artificial Lake',-6,8,0,14,0,9,0,30,0,0,0,0,0,0,0,0,0,0,0,0,0,0,0,0,0,0,1,1000,0,0,1,0,0,0,0,0,0,0,0,0,0,0,0,0,0,0,0,0,0,0,0,0,0,0,0,0,0,0,0,0,0,0,0,0,0,0,0,1,0,0,1,'','Requires -6°C or warmer. Place 1 ocean tile ON AN AREA NOT RESERVED FOR OCEAN.'),(117,2,1,11,'Geothermal Power',-30,8,0,14,0,9,0,30,0,0,0,0,0,0,0,0,0,0,0,0,0,0,0,0,0,0,1,1000,0,0,1,0,0,0,0,0,0,0,1,0,0,0,0,0,0,0,0,0,0,2,0,0,0,0,0,0,0,0,0,0,0,0,0,0,0,0,0,0,0,0,0,'','Increase your energy production 2 steps.'),(118,2,1,16,'Farming',4,8,0,14,0,9,0,30,0,0,0,0,0,0,0,0,0,0,0,0,0,0,0,0,0,0,1,1000,0,0,0,0,1,0,0,0,0,0,0,0,0,2,0,0,0,0,0,2,0,0,0,0,0,0,0,0,0,0,0,2,0,0,0,0,0,0,0,0,0,0,2,'','Requires +4°C or warmer. Increase your MC production 2 steps and your plant production 2 steps. Gain 2 plants.'),(119,2,1,2,'Dust Seals',-30,8,0,14,0,3,0,30,0,0,0,0,0,0,0,0,0,0,0,0,0,0,0,0,0,0,1,1000,0,0,0,0,0,0,0,0,0,0,0,0,0,0,0,0,0,0,0,0,0,0,0,0,0,0,0,0,0,0,0,0,0,0,0,0,0,0,0,0,0,0,1,'','Requires 3 or less ocean tiles.'),(120,2,1,10,'Urbanized Area',-30,8,0,14,0,9,0,30,0,0,0,0,0,0,0,0,0,0,0,0,0,0,0,0,0,0,1,1000,0,0,1,0,0,0,0,1,0,0,0,0,0,2,0,0,0,0,0,0,0,-1,0,0,0,0,0,0,0,0,0,0,0,0,0,0,0,0,0,0,0,0,0,'','Decrease your energy production 1 step and increase your MC production 2 steps. Place a city tile ADJACENT TO AT LEAST 2 OTHER CITY TILES.'),(121,1,2,1,'Sabotage',-30,8,0,14,0,9,0,30,0,0,0,0,0,0,0,0,0,0,0,0,0,0,0,0,0,0,1,1000,0,0,0,0,0,0,0,0,0,0,0,0,1,0,0,0,0,0,0,0,0,0,0,0,0,0,0,0,0,0,0,0,0,0,0,0,0,0,0,0,0,0,0,'','Remove up to 3 titanium from any player, or 4 steel, or 7 MC.'),(122,2,1,4,'Moss',-30,8,0,14,3,9,0,30,0,0,0,0,0,0,0,0,0,0,0,0,0,0,0,0,0,0,1,1000,0,0,0,0,0,1,0,0,0,0,0,0,0,0,0,0,0,0,0,1,0,0,0,0,0,0,0,0,0,0,0,-1,0,0,0,0,0,0,0,0,0,0,0,'','Requires 3 ocean tiles and that you lose 1 plant. Increase your plant production 1 step.'),(123,3,2,4,'Industrial Center',-30,8,0,14,0,9,0,30,0,0,0,0,0,0,0,0,0,0,0,0,0,0,0,0,0,0,1,1000,0,0,1,0,0,0,0,0,0,0,0,0,0,0,0,0,0,0,0,0,0,0,0,0,0,0,0,0,0,0,0,0,0,0,0,0,0,0,0,0,0,0,0,'Action: Spend 7 MC to increase your steel production 1 step.','Place [the Industrial Center] tile ADJACENT TO A CITY TILE.'),(124,1,2,1,'Hired Raiders',-30,8,0,14,0,9,0,30,0,0,0,0,0,0,0,0,0,0,0,0,0,0,0,0,0,0,1,1000,0,0,0,0,0,0,0,0,0,0,0,0,1,0,0,0,0,0,0,0,0,0,0,0,0,0,0,0,0,0,0,0,0,0,0,0,0,0,0,0,0,0,0,'','Steal up to 2 steel, or 3MC from any player.'),(125,2,2,3,'Hackers',-30,8,0,14,0,9,0,30,0,0,0,0,0,0,0,0,0,0,0,0,0,0,0,0,0,0,1,1000,0,0,0,0,0,0,0,0,0,0,0,0,0,0,0,0,0,0,0,0,0,-1,0,0,0,0,0,0,0,0,0,0,0,0,0,0,0,0,0,0,0,0,-1,'','Decrease your energy production 1 step and any MC production 2 steps. Increase your MC production 2 steps.'),(126,2,1,11,'GHG Factories',-30,8,0,14,0,9,0,30,0,0,0,0,0,0,0,0,0,0,0,0,0,0,0,0,0,0,1,1000,0,0,1,0,0,0,0,0,0,0,0,0,0,0,0,0,0,0,0,0,0,-1,0,4,0,0,0,0,0,0,0,0,0,0,0,0,0,0,0,0,0,0,0,'','Decrease your energy production 1 step and increase your heat production 4 steps.'),(127,1,1,11,'Subterranean Reservoir',-30,8,0,14,0,9,0,30,0,0,0,0,0,0,0,0,0,0,0,0,0,0,0,0,0,0,1,1000,0,0,0,0,0,0,0,0,0,0,0,0,1,0,0,0,0,0,0,0,0,0,0,0,0,0,0,0,0,0,0,0,0,0,0,0,0,0,0,1,0,0,0,'','Place 1 ocean tile.'),(128,3,1,12,'Ecological Zone',-30,8,0,14,0,9,0,30,0,0,0,0,0,0,0,0,0,0,0,0,0,0,0,0,0,0,1,1000,0,0,0,0,0,1,1,0,0,0,0,0,0,0,0,0,0,0,0,0,0,0,0,0,0,0,0,0,0,0,0,0,0,0,0,0,0,0,0,0,0,0,99,'Effect: When you play an animal or a plant tag (including these 2), add an animal to this card.','Requires that you have a greenery tile. Place [the Ecological Zone] tile ADJACENT TO ANY GREENERY TILE. 1 VP per 2 animals on this card.'),(129,2,1,13,'Zeppelins',-30,8,5,14,0,9,0,30,0,0,0,0,0,0,0,0,0,0,0,0,0,0,0,0,0,0,1,1000,0,0,0,0,0,0,0,0,0,0,0,0,0,0,0,0,0,0,0,0,0,0,0,0,0,0,0,0,0,0,0,0,0,0,0,0,0,0,0,0,0,0,1,'','Requires 5% oxygen. Increase your MC production 1 step for each city tile ON MARS.'),(130,2,1,8,'Worms',-30,8,4,14,0,9,0,30,0,0,0,0,0,0,0,0,0,0,0,0,0,0,0,0,0,0,1,1000,0,0,0,0,1,0,0,0,0,0,0,0,0,0,0,0,0,0,0,0,0,0,0,0,0,0,0,0,0,0,0,0,0,0,0,0,0,0,0,0,0,0,0,'','Requires 4% oxygen. Increase your plant production 1 step for every 2 microbe tags you have, including this.'),(131,3,1,5,'Decomposers',-30,8,3,14,0,9,0,30,0,0,0,0,0,0,0,0,0,0,0,0,0,0,0,0,0,0,1,1000,0,0,0,0,1,0,0,0,0,0,0,0,0,0,0,0,0,0,0,0,0,0,0,0,0,0,0,0,0,0,0,0,0,0,0,0,0,0,0,0,0,0,99,'Effect: When you play an animal, plant, or microbe tag, including this, add a microbe to this card.','Requires 3# oxygen. 1 VP per 3 microbes on this card.'),(132,2,1,14,'Fusion Power',-30,8,0,14,0,9,0,30,0,0,0,0,0,0,0,0,0,2,0,0,0,0,0,0,0,0,1,1000,0,1,1,0,0,0,0,0,0,0,1,0,0,0,0,0,0,0,0,0,0,3,0,0,0,0,0,0,0,0,0,0,0,0,0,0,0,0,0,0,0,0,0,'','Requires 2 power tags. Increase your energy production 3 steps.'),(133,3,1,4,'Symbiotic Fungus',-14,8,0,14,0,9,0,30,0,0,0,0,0,0,0,0,0,0,0,0,0,0,0,0,0,0,1,1000,0,0,0,0,1,0,0,0,0,0,0,0,0,0,0,0,0,0,0,0,0,0,0,0,0,0,0,0,0,0,0,0,0,0,0,0,0,0,0,0,0,0,0,'Action: Add a microbe to ANOTHER card.','Requires -14°C or warmer.'),(134,3,1,13,'Extreme-Cold Fungus',-30,-10,0,14,0,9,0,30,0,0,0,0,0,0,0,0,0,0,0,0,0,0,0,0,0,0,1,1000,0,0,0,0,1,0,0,0,0,0,0,0,0,0,0,0,0,0,0,0,0,0,0,0,0,0,0,0,0,0,0,0,0,0,0,0,0,0,0,0,0,0,0,'Action: Gain 1 plant or add 2 microbes to ANOTHER card.','It must be -10°C or colder.'),(135,2,1,11,'Advanced Ecosystems',-30,8,0,14,0,9,0,30,0,0,0,1,1,1,0,0,0,0,0,0,0,0,0,0,0,0,1,1000,0,0,0,0,1,1,1,0,0,0,0,0,0,0,0,0,0,0,0,0,0,0,0,0,0,0,0,0,0,0,0,0,0,0,0,0,0,0,0,0,0,0,3,'','Requires a plant tag, a microbe tag, and an animal tag.'),(136,2,1,12,'Great Dam',-30,8,0,14,4,9,0,30,0,0,0,0,0,0,0,0,0,0,0,0,0,0,0,0,0,0,1,1000,0,0,1,0,0,0,0,0,0,0,1,0,0,0,0,0,0,0,0,0,0,2,0,0,0,0,0,0,0,0,0,0,0,0,0,0,0,0,0,0,0,0,1,'','Requires 4 ocean tiles. Increase your energy production 2 steps.'),(137,2,2,8,'Cartel',-30,8,0,14,0,9,0,30,0,0,0,0,0,0,0,0,0,0,0,0,0,0,0,0,0,0,1,1000,0,0,0,0,0,0,0,0,1,0,0,0,0,0,0,0,0,0,0,0,0,0,0,0,0,0,0,0,0,0,0,0,0,0,0,0,0,0,0,0,0,0,0,'','Increase your MC production 1 step for each Earth tag you have, including this.'),(138,2,1,25,'Strip Mine',-30,8,0,14,0,9,0,30,0,0,0,0,0,0,0,0,0,0,0,0,0,0,0,0,0,0,1,1000,0,0,1,0,0,0,0,0,0,0,0,0,0,0,0,2,0,1,0,0,0,-1,0,0,0,0,0,0,0,0,0,0,0,0,0,0,0,0,2,0,0,0,0,'','Decrease your energy production 2 steps. Increase your steel production 2 steps and your titanium production 1 step. Raise oxygen 2 steps.'),(139,2,1,8,'Wave Power',-30,8,0,14,3,9,0,30,0,0,0,0,0,0,0,0,0,0,0,0,0,0,0,0,0,0,1,1000,0,0,0,0,0,0,0,0,0,0,1,0,0,0,0,0,0,0,0,0,0,1,0,0,0,0,0,0,0,0,0,0,0,0,0,0,0,0,0,0,0,0,1,'','Requires 3 ocean tiles. Increase your energy production 1 step.'),(140,1,1,18,'Lava Flows',-30,8,0,14,0,9,0,30,0,0,0,0,0,0,0,0,0,0,0,0,0,0,0,0,0,0,1,1000,0,0,0,0,0,0,0,0,0,0,0,0,1,0,0,0,0,0,0,0,0,0,0,0,0,0,0,0,0,0,0,0,0,0,0,0,0,2,0,0,0,0,0,'','Raise the temperature 2 steps and place this [the Lava Flow] tile ON EITHER THARSIS THOLUS, ASCRAEUS MONS, PAVONIS MONS OR ARSIA MONS.'),(141,2,1,4,'Power Plant',-30,8,0,14,0,9,0,30,0,0,0,0,0,0,0,0,0,0,0,0,0,0,0,0,0,0,1,1000,0,0,1,0,0,0,0,0,0,0,1,0,0,0,0,0,0,0,0,0,0,1,0,0,0,0,0,0,0,0,0,0,0,0,0,0,0,0,0,0,0,0,0,'','Increase your energy production 1 step.'),(142,2,1,20,'Mohole Area',-30,8,0,14,0,9,0,30,0,0,0,0,0,0,0,0,0,0,0,0,0,0,0,0,0,0,1,1000,0,0,1,0,0,0,0,0,0,0,0,0,0,0,0,0,0,0,0,0,0,0,0,4,0,0,0,0,0,0,0,0,0,0,0,0,0,0,0,0,0,0,0,'','Increase your heat production 4 steps. Place [the Mohole Area] tile ON AN AREA RESERVED FOR OCEAN.'),(143,1,1,36,'Large Convoy',-30,8,0,14,0,9,0,30,0,0,0,0,0,0,0,0,0,0,0,0,0,0,0,0,0,0,1,1000,0,0,0,1,0,0,0,0,1,0,0,0,1,0,0,0,0,0,0,0,0,0,0,0,0,0,0,0,0,0,0,0,0,0,0,0,0,0,0,1,0,0,2,'','Place an ocean tile and draw 2 cards. Gain 5 plants, or add 4 animals to ANOTHER card.'),(144,2,2,7,'Titanium Mine',-30,8,0,14,0,9,0,30,0,0,0,0,0,0,0,0,0,0,0,0,0,0,0,0,0,0,1,1000,0,0,1,0,0,0,0,0,0,0,0,0,0,0,0,0,0,1,0,0,0,0,0,0,0,0,0,0,0,0,0,0,0,0,0,0,0,0,0,0,0,0,0,'','Increase your titanium production 1 step.'),(145,2,1,18,'Tectonic Stress Power',-30,8,0,14,0,9,0,30,2,0,0,0,0,0,0,0,0,0,0,0,0,0,0,0,0,0,1,1000,0,0,1,0,0,0,0,0,0,0,1,0,0,0,0,0,0,0,0,0,0,3,0,0,0,0,0,0,0,0,0,0,0,0,0,0,0,0,0,0,0,1,1,'','Requires 2 science tags. Increase your energy production 3 steps.'),(146,2,1,8,'Nitrophilic Moss',-30,8,0,14,3,9,0,30,0,0,0,0,0,0,0,0,0,0,0,0,0,0,0,0,0,0,1,1000,0,0,0,0,0,1,0,0,0,0,0,0,0,0,0,0,0,0,0,2,0,0,0,0,0,0,0,0,0,0,0,-2,0,0,0,0,0,0,0,0,0,0,0,'','Requires 3 ocean tiles and that you lose 2 plants. Increase your plant production 2 steps.'),(147,3,1,12,'Herbivores',-30,8,8,14,0,9,0,30,0,0,0,0,0,0,0,0,0,0,0,0,0,0,0,0,0,0,1,1000,0,0,0,0,0,0,1,0,0,0,0,0,0,0,0,0,0,0,0,0,0,0,0,0,0,0,0,0,0,0,0,0,0,0,0,0,0,0,0,0,0,0,99,'Effect: When you place a greenery tile, add an animal to this card.','Requires 8% oxygen. Add 1 animal to this card. Decrease any plant production 1 step. 1 VP per 2 animals on this card.'),(148,2,1,9,'Insects',-30,8,6,14,0,9,0,30,0,0,0,0,0,0,0,0,0,0,0,0,0,0,0,0,0,0,1,1000,0,0,0,0,1,0,0,0,0,0,0,0,0,0,0,0,0,0,0,0,0,0,0,0,0,0,0,0,0,0,0,0,0,0,0,0,0,0,0,0,0,0,0,'','Requires 6% oxygen. Increase your plant production 1 step for each plant tag you have.'),(149,1,2,1,'CEO`s Favourite Project',-30,8,0,14,0,9,0,30,0,0,0,0,0,0,0,0,0,0,0,0,0,0,0,0,0,0,1,1000,0,0,0,0,0,0,0,0,0,0,0,0,1,0,0,0,0,0,0,0,0,0,0,0,0,0,0,0,0,0,0,0,0,0,0,0,0,0,0,0,0,0,0,'','Add 1 resource to a card with at least 1 resource on it.'),(150,3,2,14,'Anti-Gravity Technology',-30,8,0,14,0,9,0,30,7,0,0,0,0,0,0,0,0,0,0,0,0,0,0,0,0,0,1,1000,0,1,0,0,0,0,0,0,0,0,0,0,0,0,0,0,0,0,0,0,0,0,0,0,0,0,0,0,0,0,0,0,0,0,0,0,0,0,0,0,0,0,3,'Effect: when you play a card, you pay 2 MC less for it.','Requires 7 science tags.'),(151,1,2,3,'Investment Loan',-30,8,0,14,0,9,0,30,0,0,0,0,0,0,0,0,0,0,0,0,0,0,0,0,0,0,1,1000,0,0,0,0,0,0,0,0,1,0,0,0,1,-1,0,0,0,0,0,0,0,0,0,0,0,10,0,0,0,0,0,0,0,0,0,0,0,0,0,0,0,0,0,'','Decrease your MC production 1 step. Gain 10 MC.'),(152,2,1,2,'Insulation',-30,8,0,14,0,9,0,30,0,0,0,0,0,0,0,0,0,0,0,0,0,0,0,0,0,0,1,1000,0,0,0,0,0,0,0,0,0,0,0,0,0,0,0,0,0,0,0,0,0,0,0,0,0,0,0,0,0,0,0,0,0,0,0,0,0,0,0,0,0,0,0,'','Decrease your heat production any number of steps and increase your MC production the same number of steps.'),(153,3,1,12,'Adaptation Technology',-30,8,0,14,0,9,0,30,0,0,0,0,0,0,0,0,0,0,0,0,0,0,0,0,0,0,1,1000,0,1,0,0,0,0,0,0,0,0,0,0,0,0,0,0,0,0,0,0,0,0,0,0,0,0,0,0,0,0,0,0,0,0,0,0,0,0,0,0,0,0,1,'Effect: Your global requirements are +2 or -2 steps, your choice in each case.',''),(154,3,2,3,'Caretaker Contract',0,8,0,14,0,9,0,30,0,0,0,0,0,0,0,0,0,0,0,0,0,0,0,0,0,0,1,1000,0,0,0,0,0,0,0,0,0,0,0,0,0,0,0,0,0,0,0,0,0,0,0,0,0,0,0,0,0,0,0,0,0,0,0,0,0,0,0,0,0,99,0,'Action: Spend 8 heat to increase your terraforming rating 1 step.','Requires 0°C or warmer.'),(155,2,1,16,'Designed Microorganisms',-30,-14,0,14,0,9,0,30,0,0,0,0,0,0,0,0,0,0,0,0,0,0,0,0,0,0,1,1000,0,1,0,0,1,0,0,0,0,0,0,0,0,0,0,0,0,0,0,2,0,0,0,0,0,0,0,0,0,0,0,0,0,0,0,0,0,0,0,0,0,0,0,'','It must be -14°C or colder. Increase your plant production 2 steps.'),(156,3,2,6,'Standard Technology',-30,8,0,14,0,9,0,30,0,0,0,0,0,0,0,0,0,0,0,0,0,0,0,0,0,0,1,1000,0,1,0,0,0,0,0,0,0,0,0,0,0,0,0,0,0,0,0,0,0,0,0,0,0,0,0,0,0,0,0,0,0,0,0,0,0,0,0,0,0,0,0,'Effect: After you pay for a standard project, except selling patents, you gain 3 MC.',''),(157,3,1,11,'Nitrite Reducing Bacteria',-30,8,0,14,0,9,0,30,0,0,0,0,0,0,0,0,0,0,0,0,0,0,0,0,0,0,1,1000,0,0,0,0,1,0,0,0,0,0,0,0,0,0,0,0,0,0,0,0,0,0,0,0,0,0,0,0,0,0,0,0,0,0,0,0,0,0,0,0,0,99,0,'Action: Add 1 microbe to this card, or remove 3 microbes to increase your TR 1 step.','Add 3 microbes to this card.'),(158,2,1,12,'Industrial Microbes',-30,8,0,14,0,9,0,30,0,0,0,0,0,0,0,0,0,0,0,0,0,0,0,0,0,0,1,1000,0,0,1,0,1,0,0,0,0,0,0,0,0,0,0,1,0,0,0,0,0,1,0,0,0,0,0,0,0,0,0,0,0,0,0,0,0,0,0,0,0,0,0,'','Increase your energy production and your steel production 1 step each.'),(159,2,1,7,'Lichen',-24,8,0,14,0,9,0,30,0,0,0,0,0,0,0,0,0,0,0,0,0,0,0,0,0,0,1,1000,0,0,0,0,0,1,0,0,0,0,0,0,0,0,0,0,0,0,0,1,0,0,0,0,0,0,0,0,0,0,0,0,0,0,0,0,0,0,0,0,0,0,0,'','Requires -24°C or warmer. Increase your plant production 1 step.'),(160,2,2,5,'Power Supply Consortium',-30,8,0,14,0,9,0,30,0,0,0,0,0,0,0,0,0,2,0,0,0,0,0,0,0,0,1,1000,0,0,0,0,0,0,0,0,0,0,1,0,0,0,0,0,0,0,0,0,0,0,0,0,0,0,0,0,0,0,0,0,0,0,0,0,0,0,0,0,0,0,0,'','Requires 2 power tags. Decrease any energy production 1 step and increase your own 1 step.'),(161,1,1,15,'Convoy From Europa',-30,8,0,14,0,9,0,30,0,0,0,0,0,0,0,0,0,0,0,0,0,0,0,0,0,0,1,1000,0,0,0,1,0,0,0,0,0,0,0,0,1,0,0,0,0,0,0,0,0,0,0,0,0,0,0,0,0,0,0,0,0,0,0,0,0,0,0,1,0,0,0,'','Place 1 ocean tile and draw 1 card.'),(162,1,1,7,'Imported GHG',-30,8,0,14,0,9,0,30,0,0,0,0,0,0,0,0,0,0,0,0,0,0,0,0,0,0,1,1000,0,0,0,1,0,0,0,0,1,0,0,0,1,0,0,0,0,0,0,0,0,0,0,1,0,0,0,0,0,0,0,0,0,0,0,3,0,0,0,0,0,0,0,'','Increase your heat production 1 step and gain 3 hear.'),(163,1,1,23,'Imported Nitrogen',-30,8,0,14,0,9,0,30,0,0,0,0,0,0,0,0,0,0,0,0,0,0,0,0,0,0,1,1000,0,0,0,1,0,0,0,0,1,0,0,0,1,0,0,0,0,0,0,0,0,0,0,0,0,0,0,0,0,0,0,4,0,0,0,0,0,0,0,0,0,1,0,'','Raise your TR 1 step and gain 4 plants. Add 3 microbes to ANOTHER card and 2 animals to ANOTHER card.'),(164,2,1,3,'Micro-Mills',-30,8,0,14,0,9,0,30,0,0,0,0,0,0,0,0,0,0,0,0,0,0,0,0,0,0,1,1000,0,0,0,0,0,0,0,0,0,0,0,0,0,0,0,0,0,0,0,0,0,0,0,1,0,0,0,0,0,0,0,0,0,0,0,0,0,0,0,0,0,0,0,'','Increase your heat production 1 step.'),(165,2,1,20,'Magnetic Field Generators',-30,8,0,14,0,9,0,30,0,0,0,0,0,0,0,0,0,0,0,0,0,0,0,0,0,0,1,1000,0,0,1,0,0,0,0,0,0,0,0,0,0,0,0,0,0,0,0,2,0,-4,0,0,0,0,0,0,0,0,0,0,0,0,0,0,0,0,0,0,0,3,0,'','Decrease your energy production 4 steps and increase your plant production 2 steps. Raise your TR 3 steps.'),(166,3,1,10,'Shuttles',-30,8,5,14,0,9,0,30,0,0,0,0,0,0,0,0,0,0,0,0,0,0,0,0,0,0,1,1000,0,0,0,1,0,0,0,0,0,0,0,0,0,2,0,0,0,0,0,0,0,-1,0,0,0,0,0,0,0,0,0,0,0,0,0,0,0,0,0,0,0,0,1,'Effect: When you play a space card, you pay 2MC less for it.','Requires 5% oxygen. Decrease your energy production 1 step and increase your MC production 2 steps.'),(167,1,1,9,'Import of Advanced GHG',-30,8,0,14,0,9,0,30,0,0,0,0,0,0,0,0,0,0,0,0,0,0,0,0,0,0,1,1000,0,0,0,1,0,0,0,0,1,0,0,0,1,0,0,0,0,0,0,0,0,0,0,2,0,0,0,0,0,0,0,0,0,0,0,0,0,0,0,0,0,0,0,'','Increase your heat production 2 steps.'),(168,2,1,6,'Windmills',-30,8,7,14,0,9,0,30,0,0,0,0,0,0,0,0,0,0,0,0,0,0,0,0,0,0,1,1000,0,0,1,0,0,0,0,0,0,0,1,0,0,0,0,0,0,0,0,0,0,1,0,0,0,0,0,0,0,0,0,0,0,0,0,0,0,0,0,0,0,0,1,'','Requires 7% oxygen. Increase your energy production 1 step.'),(169,2,1,16,'Tundra Farming',-6,8,0,14,0,9,0,30,0,0,0,0,0,0,0,0,0,0,0,0,0,0,0,0,0,0,1,1000,0,0,0,0,0,1,0,0,0,0,0,0,0,2,0,0,0,0,0,1,0,0,0,0,0,0,0,0,0,0,0,1,0,0,0,0,0,0,0,0,0,0,2,'','Requires -6°C or warmer. Increase your plant production 1 step and your MC production 2 steps. Gain 1 plant.'),(170,1,1,26,'Aerobraked Ammonia Asteroid',-30,8,0,14,0,9,0,30,0,0,0,0,0,0,0,0,0,0,0,0,0,0,0,0,0,0,1,1000,0,0,0,1,0,0,0,0,0,0,0,0,1,0,0,0,0,0,0,1,0,0,0,3,0,0,0,0,0,0,0,0,0,0,0,0,0,0,0,0,0,0,0,'','Add 2 microbes to ANOTHER card. Increase your heat production 3 steps and your plant production 1 step.'),(171,2,1,5,'Magnetic Field Dome',-30,8,0,14,0,9,0,30,0,0,0,0,0,0,0,0,0,0,0,0,0,0,0,0,0,0,1,1000,0,0,1,0,0,0,0,0,0,0,0,0,0,0,0,0,0,0,0,1,0,-2,0,0,0,0,0,0,0,0,0,0,0,0,0,0,0,0,0,0,0,1,0,'','Decrease your energy production 2 steps and increase your plant production 1 step. Raise your terraform rating 1 step.'),(172,3,1,10,'Pets',-30,8,0,14,0,9,0,30,0,0,0,0,0,0,0,0,0,0,0,0,0,0,0,0,0,0,1,1000,0,0,0,0,0,0,1,0,1,0,0,0,0,0,0,0,0,0,0,0,0,0,0,0,0,0,0,0,0,0,0,0,0,0,0,0,0,0,0,0,0,0,99,'Effect: When any city tile is placed, add an animal to this card. Animals may not be removed from this card.','Add 1 animal to this card. 1 VP per 2 animals here.'),(173,3,2,5,'Protected Habitats',-30,8,0,14,0,9,0,30,0,0,0,0,0,0,0,0,0,0,0,0,0,0,0,0,0,0,1,1000,0,0,0,0,0,0,0,0,0,0,0,0,0,0,0,0,0,0,0,0,0,0,0,0,0,0,0,0,0,0,0,0,0,0,0,0,0,0,0,0,0,0,0,'[Effect: ]Opponents may not remove your [plants, animals or microbes]',''),(174,2,1,23,'Protected Valley',-30,8,0,14,0,9,0,30,0,0,0,0,0,0,0,0,0,0,0,0,0,0,0,0,0,0,1,1000,0,0,1,0,0,1,0,0,0,0,0,0,0,2,0,0,0,0,0,0,0,0,0,0,0,0,0,0,0,0,0,0,0,0,0,0,0,0,1,0,0,0,0,'','Increase your MC production 2 steps. Place a greenery tile ON AN AREA RESERVED FOR OCEAN, disregarding normal placement restrictions, and increase oxygen 1 step.'),(175,2,2,10,'Satellites',-30,8,0,14,0,9,0,30,0,0,0,0,0,0,0,0,0,0,0,0,0,0,0,0,0,0,1,1000,0,0,0,1,0,0,0,0,0,0,0,0,0,0,0,0,0,0,0,0,0,0,0,0,0,0,0,0,0,0,0,0,0,0,0,0,0,0,0,0,0,0,0,'','Increase your MC production 1 step for each space tag you have, including this one.'),(176,2,1,10,'Noctis Farming',-20,8,0,14,0,9,0,30,0,0,0,0,0,0,0,0,0,0,0,0,0,0,0,0,0,0,1,1000,0,0,1,0,0,1,0,0,0,0,0,0,0,1,0,0,0,0,0,0,0,0,0,0,0,0,0,0,0,0,0,2,0,0,0,0,0,0,0,0,0,0,1,'','Requires -20°C or warmer. Increase your MC production 1 step and gain 2 plants.'),(177,3,1,12,'Water Splitting Plant',-30,8,0,14,2,9,0,30,0,0,0,0,0,0,0,0,0,0,0,0,0,0,0,0,0,0,1,1000,0,0,1,0,0,0,0,0,0,0,0,0,0,0,0,0,0,0,0,0,0,0,0,0,0,0,0,0,0,0,0,0,0,0,0,0,0,0,99,0,0,0,0,'Action: Spend 3 energy to raise oxygen 1 step.','Requires 2 ocean tiles.'),(178,2,1,6,'Heat Trappers',-30,8,0,14,0,9,0,30,0,0,0,0,0,0,0,0,0,0,0,0,0,0,0,0,0,0,1,1000,0,0,1,0,0,0,0,0,0,0,1,0,0,0,0,0,0,0,0,0,0,1,0,0,0,0,0,0,0,0,0,0,0,0,0,0,0,0,0,0,0,0,-1,'','Decrease any heat production 2 steps and increase your energy production 1 step.'),(179,2,1,9,'Soil Factory',-30,8,0,14,0,9,0,30,0,0,0,0,0,0,0,0,0,0,0,0,0,0,0,0,0,0,1,1000,0,0,1,0,0,0,0,0,0,0,0,0,0,0,0,0,0,0,0,1,0,-1,0,0,0,0,0,0,0,0,0,0,0,0,0,0,0,0,0,0,0,0,1,'','Decrease your energy production 1 step and increase your plant production 1 step.'),(180,2,2,6,'Fuel Factory',-30,8,0,14,0,9,0,30,0,0,0,0,0,0,0,0,0,0,0,0,0,0,0,0,0,0,1,1000,0,0,1,0,0,0,0,0,0,0,0,0,0,1,0,0,0,1,0,0,0,-1,0,0,0,0,0,0,0,0,0,0,0,0,0,0,0,0,0,0,0,0,0,'','Decreases your energy production 1 step and increase your titanium and your MC production 1 step each.'),(181,1,1,5,'Ice cap Melting',2,8,0,14,0,9,0,30,0,0,0,0,0,0,0,0,0,0,0,0,0,0,0,0,0,0,1,1000,0,0,0,0,0,0,0,0,0,0,0,0,1,0,0,0,0,0,0,0,0,0,0,0,0,0,0,0,0,0,0,0,0,0,0,0,0,0,0,1,0,0,0,'','Requires +2°C or warmer. Place 1 ocean tile.'),(182,2,2,11,'Corporate Stronghold',-30,8,0,14,0,9,0,30,0,0,0,0,0,0,0,0,0,0,0,0,0,0,0,0,0,0,1,1000,0,0,1,0,0,0,0,1,0,0,0,0,0,3,0,0,0,0,0,0,0,-1,0,0,0,0,0,0,0,0,0,0,0,0,0,0,0,0,0,0,0,0,-2,'','Decrease your energy production 1 step and increase your MC production 3 steps. Place a city tile.'),(183,2,1,4,'Biomass Combustors',-30,8,6,14,0,9,0,30,0,0,0,0,0,0,0,0,0,0,0,0,0,0,0,0,0,0,1,1000,0,0,1,0,0,0,0,0,0,0,1,0,0,0,0,0,0,0,0,0,0,2,0,0,0,0,0,0,0,0,0,0,0,0,0,0,0,0,0,0,0,0,-1,'','Requires 6% oxygen. Decrease any plant production 1 step and increase your energy production 2 steps.'),(184,3,1,13,'Livestock',-30,8,9,14,0,9,0,30,0,0,0,0,0,0,0,0,0,0,0,0,0,0,0,0,0,0,1,1000,0,0,0,0,0,0,1,0,0,0,0,0,0,2,0,0,0,0,0,-1,0,0,0,0,0,0,0,0,0,0,0,0,0,0,0,0,0,0,0,0,0,0,99,'Action: Add 1 animal to this card.','Requires 9% oxygen. Decrease your plant production 1 step and increase your MC production 2 steps. 1 VP for each animal on this card.'),(185,3,2,10,'Olympus Conference',-30,8,0,14,0,9,0,30,0,0,0,0,0,0,0,0,0,0,0,0,0,0,0,0,0,0,1,1000,0,1,1,0,0,0,0,0,1,0,0,0,0,0,0,0,0,0,0,0,0,0,0,0,0,0,0,0,0,0,0,0,0,0,0,0,0,0,0,0,0,0,1,'Effect: When you play a science tag, including this, either add a science resource to this card, or remove a science resource from this card to draw a card.',''),(186,2,2,6,'Rad-Suits',-30,8,0,14,0,9,0,30,0,0,0,0,0,0,2,0,0,0,0,0,0,0,0,0,0,0,1,1000,0,0,0,0,0,0,0,0,0,0,0,0,0,1,0,0,0,0,0,0,0,0,0,0,0,0,0,0,0,0,0,0,0,0,0,0,0,0,0,0,0,0,1,'','Requires 2 cities in play. Increase your MC production 1 step.'),(187,3,1,18,'Aquifer Pumping',-30,8,0,14,0,9,0,30,0,0,0,0,0,0,0,0,0,0,0,0,0,0,0,0,0,0,1,1000,0,0,1,0,0,0,0,0,0,0,0,0,0,0,0,0,0,0,0,0,0,0,0,0,0,0,0,0,0,0,0,0,0,0,0,0,0,0,0,99,0,0,0,'Action: Spend 8 MC to place 1 ocean tile. STEEL MAY BE USED as if you were playing a building card.',''),(188,1,1,7,'Flooding',-30,8,0,14,0,9,0,30,0,0,0,0,0,0,0,0,0,0,0,0,0,0,0,0,0,0,1,1000,0,0,0,0,0,0,0,0,0,0,0,0,1,0,0,0,0,0,0,0,0,0,0,0,0,0,0,0,0,0,0,0,0,0,0,0,0,0,0,1,0,0,-1,'','Place an ocean tile. IF THERE ARE TILES ADJACENT TO THIS OCEAN TILE, YOU MAY REMOVE 4 MC FROM THE OWNER OF ONE OF THOSE TILES.'),(189,2,1,15,'Energy Saving',-30,8,0,14,0,9,0,30,0,0,0,0,0,0,0,0,0,0,0,0,0,0,0,0,0,0,1,1000,0,0,0,0,0,0,0,0,0,0,1,0,0,0,0,0,0,0,0,0,0,0,0,0,0,0,0,0,0,0,0,0,0,0,0,0,0,0,0,0,0,0,0,'','Increase your energy production 1 step for each city tile in play.'),(190,1,1,1,'Local Heat Trapping',-30,8,0,14,0,9,0,30,0,0,0,0,0,0,0,0,0,0,0,0,0,0,0,0,0,0,1,1000,0,0,0,0,0,0,0,0,0,0,0,0,1,0,0,0,0,0,0,0,0,0,0,0,0,0,0,0,0,0,0,0,0,0,0,-5,0,0,0,0,0,0,0,'','Spend 5 heat to either gain 4 plants, or to add 2 animals to ANOTHER card.'),(191,1,1,8,'Permafrost extraction',-8,8,0,14,0,9,0,30,0,0,0,0,0,0,0,0,0,0,0,0,0,0,0,0,0,0,1,1000,0,0,0,0,0,0,0,0,0,0,0,0,1,0,0,0,0,0,0,0,0,0,0,0,0,0,0,0,0,0,0,0,0,0,0,0,0,0,0,0,0,0,0,'','Requires -8°C or warmer. Place 1 ocean tile.'),(192,1,2,2,'Invention Contest',-30,8,0,14,0,9,0,30,0,0,0,0,0,0,0,0,0,0,0,0,0,0,0,0,0,0,1,1000,0,1,0,0,0,0,0,0,0,0,0,0,1,0,0,0,0,0,0,0,0,0,0,0,0,0,0,0,0,0,0,0,0,0,0,0,0,0,0,0,0,0,0,'','Look at the top 3 cards from the deck. Take 1 of them into hand and discard the other 2'),(193,2,1,15,'Plantation',-30,8,0,14,0,9,0,30,2,0,0,0,0,0,0,0,0,0,0,0,0,0,0,0,0,0,1,1000,0,0,0,0,0,1,0,0,0,0,0,0,0,0,0,0,0,0,0,0,0,0,0,0,0,0,0,0,0,0,0,0,0,0,0,0,0,0,1,0,0,0,0,'','Requires 2 science tags. Place a greenery tile and raise oxygen 1 step.'),(194,3,2,4,'Power Infrastructure',-30,8,0,14,0,9,0,30,0,0,0,0,0,0,0,0,0,0,0,0,0,0,0,0,0,0,1,1000,0,0,1,0,0,0,0,0,0,0,1,0,0,0,0,0,0,0,0,0,0,0,0,0,0,0,0,0,0,0,0,0,0,0,0,0,0,0,0,0,0,0,0,'Action: Spend any amount of energy to gain that amount of MC.',''),(195,1,2,0,'Indentured Workers',-30,8,0,14,0,9,0,30,0,0,0,0,0,0,0,0,0,0,0,0,0,0,0,0,0,0,1,1000,0,0,0,0,0,0,0,0,0,0,0,0,1,0,0,0,0,0,0,0,0,0,0,0,0,0,0,0,0,0,0,0,0,0,0,0,0,0,0,0,0,0,-1,'','The next card you play this generation costs 8MC less.'),(196,2,2,9,'Lagrange Observatory',-30,8,0,14,0,9,0,30,0,0,0,0,0,0,0,0,0,0,0,0,0,0,0,0,0,0,1,1000,0,1,0,1,0,0,0,0,0,0,0,0,0,0,0,0,0,0,0,0,0,0,0,0,0,0,0,0,0,0,0,0,0,0,0,0,0,0,0,0,0,0,1,'','Draw 1 card.'),(197,2,2,33,'Terraforming Ganymede',-30,8,0,14,0,9,0,30,0,0,0,0,0,0,0,0,0,0,0,0,0,0,0,0,0,0,1,1000,0,0,0,1,0,0,0,0,0,1,0,0,0,0,0,0,0,0,0,0,0,0,0,0,0,0,0,0,0,0,0,0,0,0,0,0,0,0,0,0,0,99,2,'','Raise your TR 1 step for each Jovian tag you have, including this.'),(198,2,1,31,'Immigration Shuttles',-30,8,0,14,0,9,0,30,0,0,0,0,0,0,0,0,0,0,0,0,0,0,0,0,0,0,1,1000,0,0,0,1,0,0,0,0,1,0,0,0,0,5,0,0,0,0,0,0,0,0,0,0,0,0,0,0,0,0,0,0,0,0,0,0,0,0,0,0,0,0,99,'','Increase your MC production 5 steps. 1 VP for every 3rd city in play.'),(199,3,2,11,'Restricted Area',-30,8,0,14,0,9,0,30,0,0,0,0,0,0,0,0,0,0,0,0,0,0,0,0,0,0,1,1000,0,1,0,0,0,0,0,0,0,0,0,0,0,0,0,0,0,0,0,0,0,0,0,0,0,0,0,0,0,0,0,0,0,0,0,0,0,0,0,0,0,0,0,'Action: Spend 2MC to draw a card.','Place [the restricted area] tile.'),(200,3,1,13,'Immigrant City',-30,8,0,14,0,9,0,30,0,0,0,0,0,0,0,0,0,0,0,0,0,0,0,0,0,0,1,1000,0,0,1,0,0,0,0,1,0,0,0,0,0,0,0,0,0,0,0,0,0,-1,0,0,0,0,0,0,0,0,0,0,0,0,0,0,0,0,0,0,0,0,0,'Effect: Each time a city tile is placed, including this, increase your MC production 1 step.','Decrease your energy production 1 step and decrease your MC production 2 steps. Place a city tile.'),(201,2,2,3,'Energy Tapping',-30,8,0,14,0,9,0,30,0,0,0,0,0,0,0,0,0,0,0,0,0,0,0,0,0,0,1,1000,0,0,0,0,0,0,0,0,0,0,1,0,0,0,0,0,0,0,0,0,0,0,0,0,0,0,0,0,0,0,0,0,0,0,0,0,0,0,0,0,0,0,-1,'','Decrease any energy production 1 step and increase your own 1 step.'),(202,3,1,6,'Underground Detonations',-30,8,0,14,0,9,0,30,0,0,0,0,0,0,0,0,0,0,0,0,0,0,0,0,0,0,1,1000,0,0,1,0,0,0,0,0,0,0,0,0,0,0,0,0,0,0,0,0,0,0,0,0,0,0,0,0,0,0,0,0,0,0,0,0,0,0,0,0,0,0,0,'Action: Spend 10 MC to increase your heat production 2 steps.',''),(203,2,1,35,'Soletta',-30,8,0,14,0,9,0,30,0,0,0,0,0,0,0,0,0,0,0,0,0,0,0,0,0,0,1,1000,0,0,0,1,0,0,0,0,0,0,0,0,0,0,0,0,0,0,0,0,0,0,0,7,0,0,0,0,0,0,0,0,0,0,0,0,0,0,0,0,0,0,0,'','Increase your heat production 7 steps.'),(204,1,2,5,'Technology Demonstration',-30,8,0,14,0,9,0,30,0,0,0,0,0,0,0,0,0,0,0,0,0,0,0,0,0,0,1,1000,0,1,0,1,0,0,0,0,0,0,0,0,1,0,0,0,0,0,0,0,0,0,0,0,0,0,0,0,0,0,0,0,0,0,0,0,0,0,0,0,0,0,0,'','Draw 2 cards.'),(205,2,1,8,'Rad-Chem Factory',-30,8,0,14,0,9,0,30,0,0,0,0,0,0,0,0,0,0,0,0,0,0,0,0,0,0,1,1000,0,0,1,0,0,0,0,0,0,0,0,0,0,0,0,0,0,0,0,0,0,-1,0,0,0,0,0,0,0,0,0,0,0,0,0,0,0,0,0,0,0,2,0,'','Decrease your energy production 1 step. Raise your terraform rating 2 steps.'),(206,1,1,4,'Special Design',-30,8,0,14,0,9,0,30,0,0,0,0,0,0,0,0,0,0,0,0,0,0,0,0,0,0,1,1000,0,1,0,0,0,0,0,0,0,0,0,0,1,0,0,0,0,0,0,0,0,0,0,0,0,0,0,0,0,0,0,0,0,0,0,0,0,0,0,0,0,0,0,'','The next card you play this generation is +2 or -2 in global requirements, your choice.'),(207,2,2,13,'Medical Lab',-30,8,0,14,0,9,0,30,0,0,0,0,0,0,0,0,0,0,0,0,0,0,0,0,0,0,1,1000,0,1,1,0,0,0,0,0,0,0,0,0,0,0,0,0,0,0,0,0,0,0,0,0,0,0,0,0,0,0,0,0,0,0,0,0,0,0,0,0,0,0,1,'','Increase your MC production 1 step for every 2 building tags you have, including this.'),(208,3,2,21,'AI Central',-30,8,0,14,0,9,0,30,3,0,0,0,0,0,0,0,0,0,0,0,0,0,0,0,0,0,1,1000,0,1,1,0,0,0,0,0,0,0,0,0,0,0,0,0,0,0,0,0,0,-1,0,0,0,0,0,0,0,0,0,0,0,0,0,0,0,0,0,0,0,0,1,'Action: Draw 2 cards.','Requires 3 science tags to play. Decrease your energy production 1 step.'),(209,1,3,10,'Small Asteroid',-30,8,0,14,0,9,0,30,0,0,0,0,0,0,0,0,0,0,0,0,0,0,0,0,0,0,1,1000,0,0,0,1,0,0,0,0,0,0,0,0,1,0,0,0,0,0,0,0,0,0,0,0,0,0,0,0,0,0,0,0,0,0,0,0,0,1,0,0,0,0,0,'','Terraforming Mars Promo. Increase temperature 1 step. Remove up to 2 plants from any player.'),(210,3,3,7,'Self-Replicating Robots',-30,8,0,14,0,9,0,30,2,0,0,0,0,0,0,0,0,0,0,0,0,0,0,0,0,0,1,1000,0,0,0,0,0,0,0,0,0,0,0,0,0,0,0,0,0,0,0,0,0,0,0,0,0,0,0,0,0,0,0,0,0,0,0,0,0,0,0,0,0,0,0,'Action: Reveal and place a SPACE OR BUILDING card here from hand, and place 2 resources on it, OR double the resources on a card here. Effect: Cards here may be played as if from hand with its cost reduced by the number of resources on it.','Requires 2 science tags.'),(211,3,3,12,'Snow Algae',-30,8,0,14,2,9,0,30,0,0,0,0,0,0,0,0,0,0,0,0,0,0,0,0,0,0,1,1000,0,0,0,0,0,1,0,0,0,0,0,0,0,0,0,0,0,0,0,1,0,0,0,1,0,0,0,0,0,0,0,0,0,0,0,0,0,0,0,0,0,0,0,'','Requires 2 oceans. Increase your plant production and your heat production 1 step each.'),(212,3,3,7,'Penguins',-30,8,0,14,8,9,0,30,0,0,0,0,0,0,0,0,0,0,0,0,0,0,0,0,0,0,1,1000,0,0,0,0,0,0,1,0,0,0,0,0,0,0,0,0,0,0,0,0,0,0,0,0,0,0,0,0,0,0,0,0,0,0,0,0,0,0,0,0,0,0,99,'Action: Add 1 animal to this card.','Requires 8 Oceans. 1 VP per animal on this card.'),(213,3,4,11,'Aerial Mappers',-30,8,0,14,0,9,0,30,0,0,0,0,0,0,0,0,0,0,0,0,0,0,0,0,0,0,1,1000,0,0,0,0,0,0,0,0,0,0,0,1,0,0,0,0,0,0,0,0,0,0,0,0,0,0,0,0,0,0,0,0,0,0,0,0,0,0,0,0,0,0,1,'Action: Add 1 floater to ANY card, or spend 1 floater here to draw a card.',''),(214,1,4,7,'Aerosport Tournament',-30,8,0,14,0,9,0,30,0,0,0,0,0,0,0,0,0,0,0,0,0,0,0,0,0,0,1,1000,0,0,0,0,0,0,0,0,0,0,0,0,1,0,0,0,0,0,0,0,0,0,0,0,0,0,0,0,0,0,0,0,0,0,0,0,0,0,0,0,0,0,1,'','Requires that you have 5 floaters. Gain 1 MC for each city tile in play.'),(215,1,4,13,'Air-Scrapping Expedition',-30,8,0,14,0,9,0,30,0,0,0,0,0,0,0,0,0,0,0,0,0,0,0,0,0,0,1,1000,0,0,0,0,0,0,0,0,0,0,0,1,1,0,0,0,0,0,0,0,0,0,0,0,0,0,0,0,0,0,0,0,0,0,0,0,0,0,0,0,1,0,0,'','Raise Venus 1 step. Add 3 floaters to ANY VENUS CARD.'),(216,2,4,10,'Atalanta Planitia Lab',-30,8,0,14,0,9,0,30,3,0,0,0,0,0,0,0,0,0,0,0,0,0,0,0,0,0,1,1000,0,1,0,0,0,0,0,0,0,0,0,1,0,0,0,0,0,0,0,0,0,0,0,0,0,0,0,0,0,0,0,0,0,0,0,0,0,0,0,0,0,0,2,'','Requires 3 science tags. Draw 2 cards.'),(217,2,4,22,'Atmoscoop',-30,8,0,14,0,9,0,30,3,0,0,0,0,0,0,0,0,0,0,0,0,0,0,0,0,0,1,1000,0,0,0,1,0,0,0,0,0,1,0,0,0,0,0,0,0,0,0,0,0,0,0,0,0,0,0,0,0,0,0,0,0,0,0,0,0,99,0,0,99,0,1,'','Requires 3 science tags. Either raise the temperature 2 steps, or raise Venus 2 steps. Add 2 floaters to ANY card.'),(218,1,4,11,'Comet for Venus',-30,8,0,14,0,9,0,30,0,0,0,0,0,0,0,0,0,0,0,0,0,0,0,0,0,0,1,1000,0,0,0,1,0,0,0,0,0,0,0,0,1,0,0,0,0,0,0,0,0,0,0,0,0,0,0,0,0,0,0,0,0,0,0,0,0,0,0,0,1,0,0,'','Raise Venus 1 step. Remove up to 4 MC from a player WITH A VENUS TAG IN PLAY.'),(219,2,4,8,'Corroder Suits',-30,8,0,14,0,9,0,30,0,0,0,0,0,0,0,0,0,0,0,0,0,0,0,0,0,0,1,1000,0,0,0,0,0,0,0,0,0,0,0,1,0,2,0,0,0,0,0,0,0,0,0,0,0,0,0,0,0,0,0,0,0,0,0,0,0,0,0,0,0,0,0,'','Increase your MC production 2 steps. Add 1 resource to ANY VENUS CARD.'),(220,2,4,15,'Dawn City',-30,8,0,14,0,9,0,30,4,0,0,0,0,0,0,0,0,0,0,0,0,0,0,0,0,0,1,1000,0,0,0,1,0,0,0,1,0,0,0,0,0,0,0,0,0,1,0,0,0,-1,0,0,0,0,0,0,0,0,0,0,0,0,0,0,0,0,0,0,0,0,3,'','Requires 4 science tags. Decrease your energy production 1 step. Increase your titanium production 1 step. Place a city tile ON THE RESERVED AREA.'),(221,3,4,11,'Deuterium Export',-30,8,0,14,0,9,0,30,0,0,0,0,0,0,0,0,0,0,0,0,0,0,0,0,0,0,1,1000,0,0,0,1,0,0,0,0,0,0,1,1,0,0,0,0,0,0,0,0,0,0,0,0,0,0,0,0,0,0,0,0,0,0,0,0,0,0,0,0,0,0,0,'Action: Add 1 floater to this card, or spend 1 floater here to increase your energy production 1 step.',''),(222,3,4,11,'Dirigibles',-30,8,0,14,0,9,0,30,0,0,0,0,0,0,0,0,0,0,0,0,0,0,0,0,0,0,1,1000,0,0,0,0,0,0,0,0,0,0,0,1,0,0,0,0,0,0,0,0,0,0,0,0,0,0,0,0,0,0,0,0,0,0,0,0,0,0,0,0,0,0,0,'Action: Add 1 floater to ANY card. Effect: When playing a Venus tag, floaters here may be used as payment, and are worth 3 MC each',''),(223,3,4,21,'Extractor Balloons',-30,8,0,14,0,9,0,30,0,0,0,0,0,0,0,0,0,0,0,0,0,0,0,0,0,0,1,1000,0,0,0,0,0,0,0,0,0,0,0,1,0,0,0,0,0,0,0,0,0,0,0,0,0,0,0,0,0,0,0,0,0,0,0,0,0,0,0,0,99,0,0,'Action: Add 1 flaoter to this card, or remove 2 floaters here to raise Venus 1 step.','Add 3 floaters to this card.'),(224,3,4,3,'Extremophiles',-30,8,0,14,0,9,0,30,2,0,0,0,0,0,0,0,0,0,0,0,0,0,0,0,0,0,1,1000,0,0,0,0,1,0,0,0,0,0,0,1,0,0,0,0,0,0,0,0,0,0,0,0,0,0,0,0,0,0,0,0,0,0,0,0,0,0,0,0,0,0,99,'Action: Add 1 microbe to ANY card.','Requires 2 science tags. 1 VP for per 3 microbes on this card.'),(225,3,4,5,'Floating Habs',-30,8,0,14,0,9,0,30,2,0,0,0,0,0,0,0,0,0,0,0,0,0,0,0,0,0,1,1000,0,0,0,0,0,0,0,0,0,0,0,1,0,0,0,0,0,0,0,0,0,0,0,0,0,0,0,0,0,0,0,0,0,0,0,0,0,0,0,0,0,0,99,'Action: Spend 2 MC to add 1 floater to ANY card.','Requires 2 science tags. 1 VP per 2 floaters on this card.'),(226,3,4,8,'Forced Precipitation',-30,8,0,14,0,9,0,30,0,0,0,0,0,0,0,0,0,0,0,0,0,0,0,0,0,0,1,1000,0,0,0,0,0,0,0,0,0,0,0,1,0,0,0,0,0,0,0,0,0,0,0,0,0,0,0,0,0,0,0,0,0,0,0,0,0,0,0,0,99,0,0,'Action: Spend 2 MC to add a floater to this card, or spend 2 floaters here to increase Venus 1 step.',''),(227,2,4,14,'Freyja Biodomes',-30,8,0,14,0,9,10,30,0,0,0,0,0,0,0,0,0,0,0,0,0,0,0,0,0,0,1,1000,0,0,0,0,0,1,0,0,0,0,0,1,0,2,0,0,0,0,0,0,0,-1,0,0,0,0,0,0,0,0,0,0,0,0,0,0,0,0,0,0,0,0,2,'','Requires Venus 10%. Add 2 microbes or 2 animals TO ANOTHER VENUS CARD. Decrease your energy production 1 step, and increase your MC production by 2 steps.'),(228,1,4,23,'GHG Import from Venus',-30,8,0,14,0,9,0,30,0,0,0,0,0,0,0,0,0,0,0,0,0,0,0,0,0,0,1,1000,0,0,0,1,0,0,0,0,0,0,0,1,1,0,0,0,0,0,0,0,0,0,0,3,0,0,0,0,0,0,0,0,0,0,0,0,0,0,0,0,1,0,0,'','Raise Venus 1 step. Increase your heat production 3 steps.'),(229,2,4,27,'Giant Solar Shade',-30,8,0,14,0,9,0,30,0,0,0,0,0,0,0,0,0,0,0,0,0,0,0,0,0,0,1,1000,0,0,0,1,0,0,0,0,0,0,0,1,0,0,0,0,0,0,0,0,0,0,0,0,0,0,0,0,0,0,0,0,0,0,0,0,0,0,0,0,3,0,0,'','Raise Venus 3 steps.'),(230,2,4,20,'Gyropolis',-30,8,0,14,0,9,0,30,0,0,0,0,0,0,0,0,0,0,0,0,0,0,0,0,0,0,1,1000,0,0,1,0,0,0,0,1,0,0,0,0,0,0,0,0,0,0,0,0,0,-2,0,0,0,0,0,0,0,0,0,0,0,0,0,0,0,0,0,0,0,0,0,'','Decrease your energy production 2 steps. Increase your MC production 1  step for each Venus and Earth tag you have. Place a city tile.'),(231,1,4,11,'Hydrogen to Venus',-30,8,0,14,0,9,0,30,0,0,0,0,0,0,0,0,0,0,0,0,0,0,0,0,0,0,1,1000,0,0,0,1,0,0,0,0,0,0,0,0,1,0,0,0,0,0,0,0,0,0,0,0,0,0,0,0,0,0,0,0,0,0,0,0,0,0,0,0,1,0,0,'','Raise Venus 1 step. Add 1 floater to A VENUS CARD for each Jovian tag you have.'),(232,2,4,17,'Io Sulphur Research',-30,8,0,14,0,9,0,30,0,0,0,0,0,0,0,0,0,0,0,0,0,0,0,0,0,0,1,1000,0,1,0,0,0,0,0,0,0,1,0,0,0,0,0,0,0,0,0,0,0,0,0,0,0,0,0,0,0,0,0,0,0,0,0,0,0,0,0,0,0,0,2,'','Draw 1 card, or draw 3 cards if you have at least 3 Venus tags.'),(233,2,4,5,'Ishtar Mining',-30,8,0,14,0,9,8,30,0,0,0,0,0,0,0,0,0,0,0,0,0,0,0,0,0,0,1,1000,0,0,0,0,0,0,0,0,0,0,0,1,0,0,0,0,0,1,0,0,0,0,0,0,0,0,0,0,0,0,0,0,0,0,0,0,0,0,0,0,0,0,0,'','Requires Venus 8%. Increase your titanium production 1 step.'),(234,3,4,12,'Jet Stream Microscrappers',-30,8,0,14,0,9,0,30,0,0,0,0,0,0,0,0,0,0,0,0,0,0,0,0,0,0,1,1000,0,0,0,0,0,0,0,0,0,0,0,1,0,0,0,0,0,0,0,0,0,0,0,0,0,0,0,0,0,0,0,0,0,0,0,0,0,0,0,0,99,0,0,'Action: Spend 1 titanium to add 2 floaters to this card, or remove 2 floaters here to raise Venus 1 step.',''),(235,3,4,4,'Local Shading',-30,8,0,14,0,9,0,30,0,0,0,0,0,0,0,0,0,0,0,0,0,0,0,0,0,0,1,1000,0,0,0,0,0,0,0,0,0,0,0,1,0,0,0,0,0,0,0,0,0,0,0,0,0,0,0,0,0,0,0,0,0,0,0,0,0,0,0,0,0,0,0,'Action: Add 1 floater to this card, or spend 1 floater here to raise your MC production 1 step.',''),(236,2,4,21,'Luna Metropolis',-30,8,0,14,0,9,0,30,0,0,0,0,0,0,0,0,0,0,0,0,0,0,0,0,0,0,1,1000,0,0,0,1,0,0,0,1,1,0,0,0,0,0,0,0,0,0,0,0,0,0,0,0,0,0,0,0,0,0,0,0,0,0,0,0,0,0,0,0,0,0,2,'','Increase your MC production 1 step for each Earth tag you have, including this. Place a city tile ON THE RESERVED AREA.'),(237,2,4,8,'Luxury Foods',-30,8,0,14,0,9,0,30,0,0,0,0,0,0,0,1,1,0,1,0,0,0,0,0,0,0,1,1000,0,0,0,0,0,0,0,0,0,0,0,0,0,0,0,0,0,0,0,0,0,0,0,0,0,0,0,0,0,0,0,0,0,0,0,0,0,0,0,0,0,0,2,'','Requires Venus, Earth and Jovian tags.'),(238,3,4,18,'Maxwell Base',-30,8,0,14,0,9,12,30,0,0,0,0,0,0,0,0,0,0,0,0,0,0,0,0,0,0,1,1000,0,0,0,0,0,0,0,1,0,0,0,1,0,0,0,0,0,0,0,0,0,-1,0,0,0,0,0,0,0,0,0,0,0,0,0,0,0,0,0,0,0,0,3,'Action: Add 1 resource to ANOTEHR VENUS CARD.','Requires Venus 12%. Decrease your energy production 1 step. Place a city tile ON THE RESERVED AREA.'),(239,2,4,5,'Mining Quota',-30,8,0,14,0,9,0,30,0,0,0,0,0,0,0,1,1,0,1,0,0,0,0,0,0,0,1,1000,0,0,1,0,0,0,0,0,0,0,0,0,0,0,0,2,0,0,0,0,0,0,0,0,0,0,0,0,0,0,0,0,0,0,0,0,0,0,0,0,0,0,0,'','Requires Venus, Earth and Jovian tags. Increase your steel production 2 steps.'),(240,2,4,7,'Neutralizer Factory',-30,8,0,14,0,9,10,30,0,0,0,0,0,0,0,0,0,0,0,0,0,0,0,0,0,0,1,1000,0,0,0,0,0,0,0,0,0,0,0,1,0,0,0,0,0,0,0,0,0,0,0,0,0,0,0,0,0,0,0,0,0,0,0,0,0,0,0,0,1,0,0,'','Requires Venus 10%. Increase Venus 1 step.'),(241,2,4,11,'Omnicourt',-30,8,0,14,0,9,0,30,0,0,0,0,0,0,0,1,1,0,1,0,0,0,0,0,0,0,1,1000,0,0,1,0,0,0,0,0,0,0,0,0,0,0,0,0,0,0,0,0,0,0,0,0,0,0,0,0,0,0,0,0,0,0,0,0,0,0,0,0,0,2,0,'','Requires Venus, Earth, and Jovian tags. Increase your TR 2 steps.'),(242,2,4,26,'Orbital Reflectors',-30,8,0,14,0,9,0,30,0,0,0,0,0,0,0,0,0,0,0,0,0,0,0,0,0,0,1,1000,0,0,0,1,0,0,0,0,0,0,0,1,0,0,0,0,0,0,0,0,0,0,0,2,0,0,0,0,0,0,0,0,0,0,0,0,0,0,0,0,2,0,0,'','Raise Venus 2 steps. Increase your heat production 2 steps.'),(243,3,4,6,'Rotator Impacts',-30,8,0,14,0,9,0,14,0,0,0,0,0,0,0,0,0,0,0,0,0,0,0,0,0,0,1,1000,0,0,0,1,0,0,0,0,0,0,0,0,0,0,0,0,0,0,0,0,0,0,0,0,0,0,0,0,0,0,0,0,0,0,0,0,0,0,0,0,99,0,0,'Action: Spend 6 MC to add an asteroid resource to this card (TITANIUM MAY BE USED), or spend 1 resource from this card to increase VENUS 1 step.','Venus must be 14% or lower.'),(244,2,4,7,'Sister Planet Support',-30,8,0,14,0,9,0,30,0,0,0,0,0,0,0,1,0,0,1,0,0,0,0,0,0,0,1,1000,0,0,0,0,0,0,0,0,1,0,0,1,0,3,0,0,0,0,0,0,0,0,0,0,0,0,0,0,0,0,0,0,0,0,0,0,0,0,0,0,0,0,0,'','Requires Venus and Earth tag. Increase your MC production 3 steps.'),(245,2,4,7,'Solarnet',-30,8,0,14,0,9,0,30,0,0,0,0,0,0,0,1,1,0,1,0,0,0,0,0,0,0,1,1000,0,0,0,0,0,0,0,0,0,0,0,0,0,0,0,0,0,0,0,0,0,0,0,0,0,0,0,0,0,0,0,0,0,0,0,0,0,0,0,0,0,0,1,'','Requires Venus, Earth, and Jovian tags. Draw 2 cards.'),(246,1,4,16,'Spin-Inducing Asteroid',-30,8,0,14,0,9,0,10,0,0,0,0,0,0,0,0,0,0,0,0,0,0,0,0,0,0,1,1000,0,0,0,1,0,0,0,0,0,0,0,0,1,0,0,0,0,0,0,0,0,0,0,0,0,0,0,0,0,0,0,0,0,0,0,0,0,0,0,0,2,0,0,'','Venus must be 10% or lower. Raise Venus 2 steps.'),(247,2,4,9,'Sponsored Academies',-30,8,0,14,0,9,0,30,0,0,0,0,0,0,0,0,0,0,0,0,0,0,0,0,0,0,1,1000,0,1,0,0,0,0,0,0,1,0,0,0,0,0,0,0,0,0,0,0,0,0,0,0,0,0,0,0,0,0,0,0,0,0,0,0,0,0,0,0,0,0,1,'','Discard 1 card from hand and THEN draw 3 cards. All OPPONENTS draw 1 card.'),(248,3,4,22,'Stratopolis',-30,8,0,14,0,9,0,30,2,0,0,0,0,0,0,0,0,0,0,0,0,0,0,0,0,0,1,1000,0,0,0,0,0,0,0,1,0,0,0,1,0,2,0,0,0,0,0,0,0,0,0,0,0,0,0,0,0,0,0,0,0,0,0,0,0,0,0,0,0,0,99,'Action: Add 2 floaters to ANY VENUS CARD.','Requires 2 science tags. Increase your MC production 2 steps. Place a city tile on THE RESERVED AREA. 1 VP per 3 floaters on this card.'),(249,3,4,12,'Stratospheric Birds',-30,8,0,14,0,9,12,30,0,0,0,0,0,0,0,0,0,0,0,0,0,0,0,0,0,0,1,1000,0,0,0,0,0,0,1,0,0,0,0,1,0,0,0,0,0,0,0,0,0,0,0,0,0,0,0,0,0,0,0,0,0,0,0,0,0,0,0,0,0,0,99,'Action: Add 1 animal to this card.','Requires Venus 12%, and that you spend 1 floater from any card. 1 VP for each animal on this card.'),(250,2,4,21,'Sulphur Exports',-30,8,0,14,0,9,0,30,0,0,0,0,0,0,0,0,0,0,0,0,0,0,0,0,0,0,1,1000,0,0,0,1,0,0,0,0,0,0,0,1,0,0,0,0,0,0,0,0,0,0,0,0,0,0,0,0,0,0,0,0,0,0,0,0,0,0,0,0,1,0,0,'','Increase Venus 1 step. Increase your MC production 1 step for each Venus tag you have, including this.'),(251,3,4,6,'Sulphur-Eating Bacteria',-30,8,0,14,0,9,6,30,0,0,0,0,0,0,0,0,0,0,0,0,0,0,0,0,0,0,1,1000,0,0,0,0,1,0,0,0,0,0,0,1,0,0,0,0,0,0,0,0,0,0,0,0,0,0,0,0,0,0,0,0,0,0,0,0,0,0,0,0,0,0,0,'Action: Add 1 microbe to this card, or spend any number of microbes here to gain the triple amount of MC.','Requires Venus 6%.'),(252,2,4,8,'Terraforming Contract',-30,8,0,14,0,9,0,30,0,0,0,0,0,0,0,0,0,0,0,0,0,0,0,0,0,0,1,1000,0,0,0,0,0,0,0,0,1,0,0,0,0,4,0,0,0,0,0,0,0,0,0,0,0,0,0,0,0,0,0,0,0,0,0,0,0,0,0,0,0,0,0,'','Requires that you have at least 25 TR. Increase your MC production 4 steps.'),(253,3,4,9,'Thermophiles',-30,8,0,14,0,9,6,30,0,0,0,0,0,0,0,0,0,0,0,0,0,0,0,0,0,0,1,1000,0,0,0,0,1,0,0,0,0,0,0,1,0,0,0,0,0,0,0,0,0,0,0,0,0,0,0,0,0,0,0,0,0,0,0,0,0,0,0,0,99,0,0,'Action: Add 1 microbe to ANY VENUS CARD, or spend 2 microbes here to raise Venus 1 step.','Requires Venus 6%.'),(254,1,4,9,'Water to Venus',-30,8,0,14,0,9,0,30,0,0,0,0,0,0,0,0,0,0,0,0,0,0,0,0,0,0,1,1000,0,0,0,1,0,0,0,0,0,0,0,0,1,0,0,0,0,0,0,0,0,0,0,0,0,0,0,0,0,0,0,0,0,0,0,0,0,0,0,0,1,0,0,'','Raise Venus 1 step.'),(255,2,4,4,'Venus Governor',-30,8,0,14,0,9,0,30,0,0,0,0,0,0,0,0,0,0,2,0,0,0,0,0,0,0,1,1000,0,0,0,0,0,0,0,0,0,0,0,2,0,2,0,0,0,0,0,0,0,0,0,0,0,0,0,0,0,0,0,0,0,0,0,0,0,0,0,0,0,0,0,'','Requires 2 Venus tags. Increase your MC production 2 steps.'),(256,3,4,7,'Venus Magnetizer',-30,8,0,14,0,9,10,30,0,0,0,0,0,0,0,0,0,0,0,0,0,0,0,0,0,0,1,1000,0,0,0,0,0,0,0,0,0,0,0,1,0,0,0,0,0,0,0,0,0,0,0,0,0,0,0,0,0,0,0,0,0,0,0,0,0,0,0,0,99,0,0,'Action: Decrease your energy production 1 step to raise Venus 1 step.','Requires Venus 10%'),(257,2,4,20,'Venus Soil',-30,8,0,14,0,9,0,30,0,0,0,0,0,0,0,0,0,0,0,0,0,0,0,0,0,0,1,1000,0,0,0,0,0,1,0,0,0,0,0,1,0,0,0,0,0,0,0,1,0,0,0,0,0,0,0,0,0,0,0,0,0,0,0,0,0,0,0,0,1,0,0,'','Raise Venus 1 step. Increase your plant production 1 step. Add 2 microbes to ANOTHER card.'),(258,3,4,9,'Venus Waystation',-30,8,0,14,0,9,0,30,0,0,0,0,0,0,0,0,0,0,0,0,0,0,0,0,0,0,1,1000,0,0,0,1,0,0,0,0,0,0,0,1,0,0,0,0,0,0,0,0,0,0,0,0,0,0,0,0,0,0,0,0,0,0,0,0,0,0,0,0,0,0,1,'Effect: When you play a Venus tag, you pay 2 MC less for it.',''),(259,3,4,15,'Venusian Animals',-30,8,0,14,0,9,18,30,0,0,0,0,0,0,0,0,0,0,0,0,0,0,0,0,0,0,1,1000,0,1,0,0,0,0,1,0,0,0,0,1,0,0,0,0,0,0,0,0,0,0,0,0,0,0,0,0,0,0,0,0,0,0,0,0,0,0,0,0,0,0,99,'Effect: When you play a science tag, including this, add 1 animal to this card.','Requires Venus 18%. 1 VP for each animal on this card.'),(260,3,4,5,'Venusian Insects',-30,8,0,14,0,9,12,30,0,0,0,0,0,0,0,0,0,0,0,0,0,0,0,0,0,0,1,1000,0,0,0,0,1,0,0,0,0,0,0,1,0,0,0,0,0,0,0,0,0,0,0,0,0,0,0,0,0,0,0,0,0,0,0,0,0,0,0,0,0,0,99,'Action: Add 1 microbe to this card.','Requires Venus 12%. 1 VP per 2 microbes on this card.'),(261,2,4,13,'Venusian Plants',-30,8,0,14,0,9,16,30,0,0,0,0,0,0,0,0,0,0,0,0,0,0,0,0,0,0,1,1000,0,0,0,0,1,0,0,0,0,0,0,1,0,0,0,0,0,0,0,0,0,0,0,0,0,0,0,0,0,0,0,0,0,0,0,0,0,0,0,0,1,0,1,'','Requires Venus 16%. Raise Venus 1 step. Add 1 microbe or 1 animal to ANOTHER VENUS CARD.');
/*!40000 ALTER TABLE `mars_cards` ENABLE KEYS */;
UNLOCK TABLES;

--
-- Table structure for table `mars_corporations`
--

DROP TABLE IF EXISTS `mars_corporations`;
/*!40101 SET @saved_cs_client     = @@character_set_client */;
/*!40101 SET character_set_client = utf8 */;
CREATE TABLE `mars_corporations` (
  `id` int(11) NOT NULL AUTO_INCREMENT,
  `title` varchar(100) NOT NULL,
  `deck_id` int(11) NOT NULL,
  `init_money` int(11) NOT NULL DEFAULT '0',
  `init_steel` int(11) NOT NULL DEFAULT '0',
  `init_titan` int(11) NOT NULL DEFAULT '0',
  `init_plant` int(11) NOT NULL DEFAULT '0',
  `init_energy` int(11) NOT NULL DEFAULT '0',
  `init_heat` int(11) NOT NULL DEFAULT '0',
  `init_prod_money` int(11) NOT NULL DEFAULT '0',
  `init_prod_steel` int(11) NOT NULL DEFAULT '0',
  `init_prod_titan` int(11) NOT NULL DEFAULT '0',
  `init_prod_plant` int(11) NOT NULL DEFAULT '0',
  `init_prod_energy` int(11) NOT NULL DEFAULT '0',
  `init_prod_heat` int(11) NOT NULL DEFAULT '0',
  `text_effect` varchar(255) DEFAULT NULL,
  `text_action` varchar(255) DEFAULT NULL,
  `text_title` varchar(255) DEFAULT NULL,
  PRIMARY KEY (`id`)
) ENGINE=InnoDB AUTO_INCREMENT=13 DEFAULT CHARSET=latin1 COMMENT='latin1_swedish_ci';
/*!40101 SET character_set_client = @saved_cs_client */;

--
-- Dumping data for table `mars_corporations`
--

LOCK TABLES `mars_corporations` WRITE;
/*!40000 ALTER TABLE `mars_corporations` DISABLE KEYS */;
INSERT INTO `mars_corporations` VALUES (1,'Ecoline',1,36,0,0,3,0,0,0,0,0,2,0,0,'Effect: You may always pay 7 plants, istead of 8, to place greenery.',NULL,'You start with 2 plant production, 3 plants, and 36M$'),(2,'Mining Guild',1,30,5,0,0,0,0,0,1,0,0,0,0,'Effect: Each time you get any steel or titanium as a placement bonus on the map, increase your steel production 1 step',NULL,'You start with 30 M$, 5 steel, and 1 steel production'),(3,'Phobolog',1,23,0,10,0,0,0,0,0,0,0,0,0,'Effect: Your titanium resources are each worth 1 M$ extra',NULL,'You start with 10 titanium and 23 M$.'),(4,'THORGATE',1,48,0,0,0,0,0,0,0,0,0,1,0,'Effect: When playing a power card OR THE STANDARD PROJECT POWER PLANT, you pay 3 M$ less for it',NULL,'You start with 1 energy production and 48 M$'),(5,'Credicor',1,57,0,0,0,0,0,0,0,0,0,0,0,'Effect: After you pay for a card or standard project with a basic cost of 20M$ or more, you gain 4M$.',NULL,'You start with 57 M$.'),(6,'THARSIS Republic',1,40,0,0,0,0,0,0,0,0,0,0,0,'Effect: When any city tile is placed ON MARS, increase your M$ production 1 step. When you place a city tile, gain 3 M$',NULL,'You start with 40 M$. As your first action in the game,place a city tile.'),(7,'INVENTRIX',1,45,0,0,0,0,0,0,0,0,0,0,0,'Effect: Your temperature, oxygen and ocean requirements are +2 or -2 steps, your choice in each case.',NULL,'As you first action in the game, draw 3 cards. Start with 45M$'),(8,'INTERPLANETARY CINEMATICS',1,30,20,0,0,0,0,0,0,0,0,0,0,'Effect: Each time you play an event, you gain 2 M$',NULL,'You start with 20 steel and 30 M$'),(9,'UNITED NATIONS MARS INITIATIVE',1,40,0,0,0,0,0,0,0,0,0,0,0,'','Action:If your Terraform Rating was raised this generation, you may pay 3 M$ to raise it 1 step more','You start with 40 M$'),(10,'Helion',1,42,0,0,0,0,0,0,0,0,0,0,3,'Effect: Your may use heat as M$. You may not use M$ as heat.',NULL,'You start with 3 heat production and 42 M$'),(11,'Teractor',2,60,0,0,0,0,0,0,0,0,0,0,0,'Effect: When playing an Earth card, you pay 3 M$ less for it.',NULL,'You start with 60 M$'),(12,'Saturn Systems',2,42,0,0,0,0,0,0,0,1,0,0,0,'Effect: Each time any Jovian tag is put into play, including this, increase your M$ production 1 step',NULL,'You start with 1 titanium production and 42 M$.');
/*!40000 ALTER TABLE `mars_corporations` ENABLE KEYS */;
UNLOCK TABLES;

--
-- Table structure for table `mars_game_cards`
--

DROP TABLE IF EXISTS `mars_game_cards`;
/*!40101 SET @saved_cs_client     = @@character_set_client */;
/*!40101 SET character_set_client = utf8 */;
CREATE TABLE `mars_game_cards` (
  `id` int(11) NOT NULL AUTO_INCREMENT,
  `game_id` int(11) NOT NULL,
  `card_id` int(11) NOT NULL,
  `generation_id` int(11) NOT NULL,
  `player_id` int(11) NOT NULL,
  `picked` int(11) NOT NULL DEFAULT '0',
  PRIMARY KEY (`id`),
  KEY `fk_1` (`game_id`),
  CONSTRAINT `fk_1` FOREIGN KEY (`game_id`) REFERENCES `mars_games` (`id`) ON DELETE CASCADE
) ENGINE=InnoDB AUTO_INCREMENT=3779 DEFAULT CHARSET=latin1;
/*!40101 SET character_set_client = @saved_cs_client */;

--
-- Dumping data for table `mars_game_cards`
--

LOCK TABLES `mars_game_cards` WRITE;
/*!40000 ALTER TABLE `mars_game_cards` DISABLE KEYS */;
INSERT INTO `mars_game_cards` VALUES (2546,20,1,0,0,0),(2547,20,3,0,0,0),(2548,20,4,0,0,0),(2549,20,5,0,0,0),(2550,20,7,0,0,0),(2551,20,8,0,0,0),(2552,20,9,0,0,0),(2553,20,10,0,0,0),(2554,20,11,0,0,0),(2555,20,12,0,0,0),(2556,20,15,0,0,0),(2557,20,16,0,0,0),(2558,20,17,0,0,0),(2559,20,18,0,0,0),(2560,20,19,0,0,0),(2561,20,20,0,0,0),(2562,20,21,0,0,0),(2563,20,22,0,0,0),(2564,20,23,0,0,0),(2565,20,24,0,0,0),(2566,20,26,0,0,0),(2567,20,29,0,0,0),(2568,20,30,0,0,0),(2569,20,31,0,0,0),(2570,20,32,0,0,0),(2571,20,33,0,0,0),(2572,20,34,0,0,0),(2573,20,35,0,0,0),(2574,20,36,0,0,0),(2575,20,37,0,0,0),(2576,20,38,0,0,0),(2577,20,39,0,0,0),(2578,20,40,0,0,0),(2579,20,41,0,0,0),(2580,20,42,0,0,0),(2581,20,43,0,0,0),(2582,20,44,0,0,0),(2583,20,45,0,0,0),(2584,20,47,0,0,0),(2585,20,48,0,0,0),(2586,20,52,0,0,0),(2587,20,53,0,0,0),(2588,20,54,0,0,0),(2589,20,55,0,0,0),(2590,20,58,0,0,0),(2591,20,59,0,0,0),(2592,20,60,0,0,0),(2593,20,63,0,0,0),(2594,20,67,0,0,0),(2595,20,72,0,0,0),(2596,20,75,0,0,0),(2597,20,76,0,0,0),(2598,20,77,0,0,0),(2599,20,78,0,0,0),(2600,20,80,0,0,0),(2601,20,81,0,0,0),(2602,20,83,0,0,0),(2603,20,87,0,0,0),(2604,20,88,0,0,0),(2605,20,89,0,0,0),(2606,20,93,0,0,0),(2607,20,96,0,0,0),(2608,20,97,0,0,0),(2609,20,100,0,0,0),(2610,20,101,0,0,0),(2611,20,102,0,0,0),(2612,20,103,0,0,0),(2613,20,104,0,0,0),(2614,20,108,0,0,0),(2615,20,113,0,0,0),(2616,20,114,0,0,0),(2617,20,115,0,0,0),(2618,20,116,0,0,0),(2619,20,117,0,0,0),(2620,20,118,0,0,0),(2621,20,119,0,0,0),(2622,20,120,0,0,0),(2623,20,122,0,0,0),(2624,20,126,0,0,0),(2625,20,127,0,0,0),(2626,20,128,0,0,0),(2627,20,129,0,0,0),(2628,20,130,0,0,0),(2629,20,131,0,0,0),(2630,20,132,0,0,0),(2631,20,133,0,0,0),(2632,20,134,0,0,0),(2633,20,135,0,0,0),(2634,20,136,0,0,0),(2635,20,138,0,0,0),(2636,20,139,0,0,0),(2637,20,140,0,0,0),(2638,20,141,0,0,0),(2639,20,142,0,0,0),(2640,20,143,0,0,0),(2641,20,145,0,0,0),(2642,20,146,0,0,0),(2643,20,147,0,0,0),(2644,20,148,0,0,0),(2645,20,152,0,0,0),(2646,20,153,0,0,0),(2647,20,155,0,0,0),(2648,20,157,0,0,0),(2649,20,158,0,0,0),(2650,20,159,0,0,0),(2651,20,161,0,0,0),(2652,20,162,0,0,0),(2653,20,163,0,0,0),(2654,20,164,0,0,0),(2655,20,165,0,0,0),(2656,20,166,0,0,0),(2657,20,167,0,0,0),(2658,20,168,0,0,0),(2659,20,169,0,0,0),(2660,20,170,0,0,0),(2661,20,171,0,0,0),(2662,20,172,0,0,0),(2663,20,174,0,0,0),(2664,20,176,0,0,0),(2665,20,177,0,0,0),(2666,20,178,0,0,0),(2667,20,179,0,0,0),(2668,20,181,0,0,0),(2669,20,183,0,0,0),(2670,20,184,0,0,0),(2671,20,187,0,0,0),(2672,20,188,0,0,0),(2673,20,189,0,0,0),(2674,20,190,0,0,0),(2675,20,191,0,0,0),(2676,20,193,0,0,0),(2677,20,198,0,0,0),(2678,20,200,0,0,0),(2679,20,202,0,0,0),(2680,20,203,0,0,0),(2681,20,205,0,0,0),(2682,20,206,0,0,0),(2683,21,1,0,0,0),(2684,21,3,0,0,0),(2685,21,4,0,0,0),(2686,21,5,0,0,0),(2687,21,7,0,0,0),(2688,21,8,0,0,0),(2689,21,9,0,0,0),(2690,21,10,0,0,0),(2691,21,11,0,0,0),(2692,21,12,0,0,0),(2693,21,15,0,0,0),(2694,21,16,0,0,0),(2695,21,17,0,0,0),(2696,21,18,0,0,0),(2697,21,19,0,0,0),(2698,21,20,0,0,0),(2699,21,21,0,0,0),(2700,21,22,0,0,0),(2701,21,23,0,0,0),(2702,21,24,0,0,0),(2703,21,26,0,0,0),(2704,21,29,0,0,0),(2705,21,30,0,0,0),(2706,21,31,0,0,0),(2707,21,32,0,0,0),(2708,21,33,0,0,0),(2709,21,34,0,0,0),(2710,21,35,0,0,0),(2711,21,36,0,0,0),(2712,21,37,0,0,0),(2713,21,38,0,0,0),(2714,21,39,0,0,0),(2715,21,40,0,0,0),(2716,21,41,0,0,0),(2717,21,42,0,0,0),(2718,21,43,0,0,0),(2719,21,44,0,0,0),(2720,21,45,0,0,0),(2721,21,47,0,0,0),(2722,21,48,0,0,0),(2723,21,52,0,0,0),(2724,21,53,0,0,0),(2725,21,54,0,0,0),(2726,21,55,0,0,0),(2727,21,58,0,0,0),(2728,21,59,0,0,0),(2729,21,60,0,0,0),(2730,21,63,0,0,0),(2731,21,67,0,0,0),(2732,21,72,0,0,0),(2733,21,75,0,0,0),(2734,21,76,0,0,0),(2735,21,77,0,0,0),(2736,21,78,0,0,0),(2737,21,80,0,0,0),(2738,21,81,0,0,0),(2739,21,83,0,0,0),(2740,21,87,0,0,0),(2741,21,88,0,0,0),(2742,21,89,0,0,0),(2743,21,93,0,0,0),(2744,21,96,0,0,0),(2745,21,97,0,0,0),(2746,21,100,0,0,0),(2747,21,101,0,0,0),(2748,21,102,0,0,0),(2749,21,103,0,0,0),(2750,21,104,0,0,0),(2751,21,108,0,0,0),(2752,21,113,0,0,0),(2753,21,114,0,0,0),(2754,21,115,0,0,0),(2755,21,116,0,0,0),(2756,21,117,0,0,0),(2757,21,118,0,0,0),(2758,21,119,0,0,0),(2759,21,120,0,0,0),(2760,21,122,0,0,0),(2761,21,126,0,0,0),(2762,21,127,0,0,0),(2763,21,128,0,0,0),(2764,21,129,0,0,0),(2765,21,130,0,0,0),(2766,21,131,0,0,0),(2767,21,132,0,0,0),(2768,21,133,0,0,0),(2769,21,134,0,0,0),(2770,21,135,0,0,0),(2771,21,136,0,0,0),(2772,21,138,0,0,0),(2773,21,139,0,0,0),(2774,21,140,0,0,0),(2775,21,141,0,0,0),(2776,21,142,0,0,0),(2777,21,143,0,0,0),(2778,21,145,0,0,0),(2779,21,146,0,0,0),(2780,21,147,0,0,0),(2781,21,148,0,0,0),(2782,21,152,0,0,0),(2783,21,153,0,0,0),(2784,21,155,0,0,0),(2785,21,157,0,0,0),(2786,21,158,0,0,0),(2787,21,159,0,0,0),(2788,21,161,0,0,0),(2789,21,162,0,0,0),(2790,21,163,0,0,0),(2791,21,164,0,0,0),(2792,21,165,0,0,0),(2793,21,166,0,0,0),(2794,21,167,0,0,0),(2795,21,168,0,0,0),(2796,21,169,0,0,0),(2797,21,170,0,0,0),(2798,21,171,0,0,0),(2799,21,172,0,0,0),(2800,21,174,0,0,0),(2801,21,176,0,0,0),(2802,21,177,0,0,0),(2803,21,178,0,0,0),(2804,21,179,0,0,0),(2805,21,181,0,0,0),(2806,21,183,0,0,0),(2807,21,184,0,0,0),(2808,21,187,0,0,0),(2809,21,188,0,0,0),(2810,21,189,0,0,0),(2811,21,190,0,0,0),(2812,21,191,0,0,0),(2813,21,193,0,0,0),(2814,21,198,0,0,0),(2815,21,200,0,0,0),(2816,21,202,0,0,0),(2817,21,203,0,0,0),(2818,21,205,0,0,0),(2819,21,206,0,0,0),(2820,22,1,0,0,0),(2821,22,3,0,0,0),(2822,22,4,0,0,0),(2823,22,5,0,0,0),(2824,22,7,0,0,0),(2825,22,8,0,0,0),(2826,22,9,0,0,0),(2827,22,10,0,0,0),(2828,22,11,0,0,0),(2829,22,12,0,0,0),(2830,22,15,0,0,0),(2831,22,16,0,0,0),(2832,22,17,0,0,0),(2833,22,18,0,0,0),(2834,22,19,0,0,0),(2835,22,20,0,0,0),(2836,22,21,0,0,0),(2837,22,22,0,0,0),(2838,22,23,0,0,0),(2839,22,24,0,0,0),(2840,22,26,0,0,0),(2841,22,29,0,0,0),(2842,22,30,0,0,0),(2843,22,31,0,0,0),(2844,22,32,0,0,0),(2845,22,33,0,0,0),(2846,22,34,0,0,0),(2847,22,35,0,0,0),(2848,22,36,0,0,0),(2849,22,37,0,0,0),(2850,22,38,0,0,0),(2851,22,39,0,0,0),(2852,22,40,0,0,0),(2853,22,41,0,0,0),(2854,22,42,0,0,0),(2855,22,43,0,0,0),(2856,22,44,0,0,0),(2857,22,45,0,0,0),(2858,22,47,0,0,0),(2859,22,48,0,0,0),(2860,22,52,0,0,0),(2861,22,53,0,0,0),(2862,22,54,0,0,0),(2863,22,55,0,0,0),(2864,22,58,0,0,0),(2865,22,59,0,0,0),(2866,22,60,0,0,0),(2867,22,63,0,0,0),(2868,22,67,0,0,0),(2869,22,72,0,0,0),(2870,22,75,0,0,0),(2871,22,76,0,0,0),(2872,22,77,0,0,0),(2873,22,78,0,0,0),(2874,22,80,0,0,0),(2875,22,81,0,0,0),(2876,22,83,0,0,0),(2877,22,87,0,0,0),(2878,22,88,0,0,0),(2879,22,89,0,0,0),(2880,22,93,0,0,0),(2881,22,96,0,0,0),(2882,22,97,0,0,0),(2883,22,100,0,0,0),(2884,22,101,0,0,0),(2885,22,102,0,0,0),(2886,22,103,0,0,0),(2887,22,104,0,0,0),(2888,22,108,0,0,0),(2889,22,113,0,0,0),(2890,22,114,0,0,0),(2891,22,115,0,0,0),(2892,22,116,0,0,0),(2893,22,117,0,0,0),(2894,22,118,0,0,0),(2895,22,119,0,0,0),(2896,22,120,0,0,0),(2897,22,122,0,0,0),(2898,22,126,0,0,0),(2899,22,127,0,0,0),(2900,22,128,0,0,0),(2901,22,129,0,0,0),(2902,22,130,0,0,0),(2903,22,131,0,0,0),(2904,22,132,0,0,0),(2905,22,133,0,0,0),(2906,22,134,0,0,0),(2907,22,135,0,0,0),(2908,22,136,0,0,0),(2909,22,138,0,0,0),(2910,22,139,0,0,0),(2911,22,140,0,0,0),(2912,22,141,0,0,0),(2913,22,142,0,0,0),(2914,22,143,0,0,0),(2915,22,145,0,0,0),(2916,22,146,0,0,0),(2917,22,147,0,0,0),(2918,22,148,0,0,0),(2919,22,152,0,0,0),(2920,22,153,0,0,0),(2921,22,155,0,0,0),(2922,22,157,0,0,0),(2923,22,158,0,0,0),(2924,22,159,0,0,0),(2925,22,161,0,0,0),(2926,22,162,0,0,0),(2927,22,163,0,0,0),(2928,22,164,0,0,0),(2929,22,165,0,0,0),(2930,22,166,0,0,0),(2931,22,167,0,0,0),(2932,22,168,0,0,0),(2933,22,169,0,0,0),(2934,22,170,0,0,0),(2935,22,171,0,0,0),(2936,22,172,0,0,0),(2937,22,174,0,0,0),(2938,22,176,0,0,0),(2939,22,177,0,0,0),(2940,22,178,0,0,0),(2941,22,179,0,0,0),(2942,22,181,0,0,0),(2943,22,183,0,0,0),(2944,22,184,0,0,0),(2945,22,187,0,0,0),(2946,22,188,0,0,0),(2947,22,189,0,0,0),(2948,22,190,0,0,0),(2949,22,191,0,0,0),(2950,22,193,0,0,0),(2951,22,198,0,0,0),(2952,22,200,0,0,0),(2953,22,202,0,0,0),(2954,22,203,0,0,0),(2955,22,205,0,0,0),(2956,22,206,0,0,0),(2957,23,1,0,0,0),(2958,23,3,0,0,0),(2959,23,4,0,0,0),(2960,23,5,0,0,0),(2961,23,7,0,0,0),(2962,23,8,0,0,0),(2963,23,9,0,0,0),(2964,23,10,0,0,0),(2965,23,11,0,0,0),(2966,23,12,0,0,0),(2967,23,15,0,0,0),(2968,23,16,0,0,0),(2969,23,17,0,0,0),(2970,23,18,0,0,0),(2971,23,19,0,0,0),(2972,23,20,0,0,0),(2973,23,21,0,0,0),(2974,23,22,0,0,0),(2975,23,23,0,0,0),(2976,23,24,0,0,0),(2977,23,26,0,0,0),(2978,23,29,0,0,0),(2979,23,30,0,0,0),(2980,23,31,0,0,0),(2981,23,32,0,0,0),(2982,23,33,0,0,0),(2983,23,34,0,0,0),(2984,23,35,0,0,0),(2985,23,36,0,0,0),(2986,23,37,0,0,0),(2987,23,38,0,0,0),(2988,23,39,0,0,0),(2989,23,40,0,0,0),(2990,23,41,0,0,0),(2991,23,42,0,0,0),(2992,23,43,0,0,0),(2993,23,44,0,0,0),(2994,23,45,0,0,0),(2995,23,47,0,0,0),(2996,23,48,0,0,0),(2997,23,52,0,0,0),(2998,23,53,0,0,0),(2999,23,54,0,0,0),(3000,23,55,0,0,0),(3001,23,58,0,0,0),(3002,23,59,0,0,0),(3003,23,60,0,0,0),(3004,23,63,0,0,0),(3005,23,67,0,0,0),(3006,23,72,0,0,0),(3007,23,75,0,0,0),(3008,23,76,0,0,0),(3009,23,77,0,0,0),(3010,23,78,0,0,0),(3011,23,80,0,0,0),(3012,23,81,0,0,0),(3013,23,83,0,0,0),(3014,23,87,0,0,0),(3015,23,88,0,0,0),(3016,23,89,0,0,0),(3017,23,93,0,0,0),(3018,23,96,0,0,0),(3019,23,97,0,0,0),(3020,23,100,0,0,0),(3021,23,101,0,0,0),(3022,23,102,0,0,0),(3023,23,103,0,0,0),(3024,23,104,0,0,0),(3025,23,108,0,0,0),(3026,23,113,0,0,0),(3027,23,114,0,0,0),(3028,23,115,0,0,0),(3029,23,116,0,0,0),(3030,23,117,0,0,0),(3031,23,118,0,0,0),(3032,23,119,0,0,0),(3033,23,120,0,0,0),(3034,23,122,0,0,0),(3035,23,126,0,0,0),(3036,23,127,0,0,0),(3037,23,128,0,0,0),(3038,23,129,0,0,0),(3039,23,130,0,0,0),(3040,23,131,0,0,0),(3041,23,132,0,0,0),(3042,23,133,0,0,0),(3043,23,134,0,0,0),(3044,23,135,0,0,0),(3045,23,136,0,0,0),(3046,23,138,0,0,0),(3047,23,139,0,0,0),(3048,23,140,0,0,0),(3049,23,141,0,0,0),(3050,23,142,0,0,0),(3051,23,143,0,0,0),(3052,23,145,0,0,0),(3053,23,146,0,0,0),(3054,23,147,0,0,0),(3055,23,148,0,0,0),(3056,23,152,0,0,0),(3057,23,153,0,0,0),(3058,23,155,0,0,0),(3059,23,157,0,0,0),(3060,23,158,0,0,0),(3061,23,159,0,0,0),(3062,23,161,0,0,0),(3063,23,162,0,0,0),(3064,23,163,0,0,0),(3065,23,164,0,0,0),(3066,23,165,0,0,0),(3067,23,166,0,0,0),(3068,23,167,0,0,0),(3069,23,168,0,0,0),(3070,23,169,0,0,0),(3071,23,170,0,0,0),(3072,23,171,0,0,0),(3073,23,172,0,0,0),(3074,23,174,0,0,0),(3075,23,176,0,0,0),(3076,23,177,0,0,0),(3077,23,178,0,0,0),(3078,23,179,0,0,0),(3079,23,181,0,0,0),(3080,23,183,0,0,0),(3081,23,184,0,0,0),(3082,23,187,0,0,0),(3083,23,188,0,0,0),(3084,23,189,0,0,0),(3085,23,190,0,0,0),(3086,23,191,0,0,0),(3087,23,193,0,0,0),(3088,23,198,0,0,0),(3089,23,200,0,0,0),(3090,23,202,0,0,0),(3091,23,203,0,0,0),(3092,23,205,0,0,0),(3093,23,206,0,0,0),(3094,24,1,0,0,0),(3095,24,3,0,0,0),(3096,24,4,0,0,0),(3097,24,5,0,0,0),(3098,24,7,0,0,0),(3099,24,8,0,0,0),(3100,24,9,0,0,0),(3101,24,10,0,0,0),(3102,24,11,0,0,0),(3103,24,12,0,0,0),(3104,24,15,0,0,0),(3105,24,16,0,0,0),(3106,24,17,0,0,0),(3107,24,18,0,0,0),(3108,24,19,0,0,0),(3109,24,20,0,0,0),(3110,24,21,0,0,0),(3111,24,22,0,0,0),(3112,24,23,0,0,0),(3113,24,24,0,0,0),(3114,24,26,0,0,0),(3115,24,29,0,0,0),(3116,24,30,0,0,0),(3117,24,31,0,0,0),(3118,24,32,0,0,0),(3119,24,33,0,0,0),(3120,24,34,0,0,0),(3121,24,35,0,0,0),(3122,24,36,0,0,0),(3123,24,37,0,0,0),(3124,24,38,0,0,0),(3125,24,39,0,0,0),(3126,24,40,0,0,0),(3127,24,41,0,0,0),(3128,24,42,0,0,0),(3129,24,43,0,0,0),(3130,24,44,0,0,0),(3131,24,45,0,0,0),(3132,24,47,0,0,0),(3133,24,48,0,0,0),(3134,24,52,0,0,0),(3135,24,53,0,0,0),(3136,24,54,0,0,0),(3137,24,55,0,0,0),(3138,24,58,0,0,0),(3139,24,59,0,0,0),(3140,24,60,0,0,0),(3141,24,63,0,0,0),(3142,24,67,0,0,0),(3143,24,72,0,0,0),(3144,24,75,0,0,0),(3145,24,76,0,0,0),(3146,24,77,0,0,0),(3147,24,78,0,0,0),(3148,24,80,0,0,0),(3149,24,81,0,0,0),(3150,24,83,0,0,0),(3151,24,87,0,0,0),(3152,24,88,0,0,0),(3153,24,89,0,0,0),(3154,24,93,0,0,0),(3155,24,96,0,0,0),(3156,24,97,0,0,0),(3157,24,100,0,0,0),(3158,24,101,0,0,0),(3159,24,102,0,0,0),(3160,24,103,0,0,0),(3161,24,104,0,0,0),(3162,24,108,0,0,0),(3163,24,113,0,0,0),(3164,24,114,0,0,0),(3165,24,115,0,0,0),(3166,24,116,0,0,0),(3167,24,117,0,0,0),(3168,24,118,0,0,0),(3169,24,119,0,0,0),(3170,24,120,0,0,0),(3171,24,122,0,0,0),(3172,24,126,0,0,0),(3173,24,127,0,0,0),(3174,24,128,0,0,0),(3175,24,129,0,0,0),(3176,24,130,0,0,0),(3177,24,131,0,0,0),(3178,24,132,0,0,0),(3179,24,133,0,0,0),(3180,24,134,0,0,0),(3181,24,135,0,0,0),(3182,24,136,0,0,0),(3183,24,138,0,0,0),(3184,24,139,0,0,0),(3185,24,140,0,0,0),(3186,24,141,0,0,0),(3187,24,142,0,0,0),(3188,24,143,0,0,0),(3189,24,145,0,0,0),(3190,24,146,0,0,0),(3191,24,147,0,0,0),(3192,24,148,0,0,0),(3193,24,152,0,0,0),(3194,24,153,0,0,0),(3195,24,155,0,0,0),(3196,24,157,0,0,0),(3197,24,158,0,0,0),(3198,24,159,0,0,0),(3199,24,161,0,0,0),(3200,24,162,0,0,0),(3201,24,163,0,0,0),(3202,24,164,0,0,0),(3203,24,165,0,0,0),(3204,24,166,0,0,0),(3205,24,167,0,0,0),(3206,24,168,0,0,0),(3207,24,169,0,0,0),(3208,24,170,0,0,0),(3209,24,171,0,0,0),(3210,24,172,0,0,0),(3211,24,174,0,0,0),(3212,24,176,0,0,0),(3213,24,177,0,0,0),(3214,24,178,0,0,0),(3215,24,179,0,0,0),(3216,24,181,0,0,0),(3217,24,183,0,0,0),(3218,24,184,0,0,0),(3219,24,187,0,0,0),(3220,24,188,0,0,0),(3221,24,189,0,0,0),(3222,24,190,0,0,0),(3223,24,191,0,0,0),(3224,24,193,0,0,0),(3225,24,198,0,0,0),(3226,24,200,0,0,0),(3227,24,202,0,0,0),(3228,24,203,0,0,0),(3229,24,205,0,0,0),(3230,24,206,0,0,0),(3231,25,1,0,0,0),(3232,25,3,0,0,0),(3233,25,4,0,0,0),(3234,25,5,0,0,0),(3235,25,7,0,0,0),(3236,25,8,0,0,0),(3237,25,9,0,0,0),(3238,25,10,0,0,0),(3239,25,11,0,0,0),(3240,25,12,0,0,0),(3241,25,15,0,0,0),(3242,25,16,0,0,0),(3243,25,17,0,0,0),(3244,25,18,0,0,0),(3245,25,19,0,0,0),(3246,25,20,0,0,0),(3247,25,21,0,0,0),(3248,25,22,0,0,0),(3249,25,23,0,0,0),(3250,25,24,0,0,0),(3251,25,26,0,0,0),(3252,25,29,0,0,0),(3253,25,30,0,0,0),(3254,25,31,0,0,0),(3255,25,32,0,0,0),(3256,25,33,0,0,0),(3257,25,34,0,0,0),(3258,25,35,0,0,0),(3259,25,36,0,0,0),(3260,25,37,0,0,0),(3261,25,38,0,0,0),(3262,25,39,0,0,0),(3263,25,40,0,0,0),(3264,25,41,0,0,0),(3265,25,42,0,0,0),(3266,25,43,0,0,0),(3267,25,44,0,0,0),(3268,25,45,0,0,0),(3269,25,47,0,0,0),(3270,25,48,0,0,0),(3271,25,52,0,0,0),(3272,25,53,0,0,0),(3273,25,54,0,0,0),(3274,25,55,0,0,0),(3275,25,58,0,0,0),(3276,25,59,0,0,0),(3277,25,60,0,0,0),(3278,25,63,0,0,0),(3279,25,67,0,0,0),(3280,25,72,0,0,0),(3281,25,75,0,0,0),(3282,25,76,0,0,0),(3283,25,77,0,0,0),(3284,25,78,0,0,0),(3285,25,80,0,0,0),(3286,25,81,0,0,0),(3287,25,83,0,0,0),(3288,25,87,0,0,0),(3289,25,88,0,0,0),(3290,25,89,0,0,0),(3291,25,93,0,0,0),(3292,25,96,0,0,0),(3293,25,97,0,0,0),(3294,25,100,0,0,0),(3295,25,101,0,0,0),(3296,25,102,0,0,0),(3297,25,103,0,0,0),(3298,25,104,0,0,0),(3299,25,108,0,0,0),(3300,25,113,0,0,0),(3301,25,114,0,0,0),(3302,25,115,0,0,0),(3303,25,116,0,0,0),(3304,25,117,0,0,0),(3305,25,118,0,0,0),(3306,25,119,0,0,0),(3307,25,120,0,0,0),(3308,25,122,0,0,0),(3309,25,126,0,0,0),(3310,25,127,0,0,0),(3311,25,128,0,0,0),(3312,25,129,0,0,0),(3313,25,130,0,0,0),(3314,25,131,0,0,0),(3315,25,132,0,0,0),(3316,25,133,0,0,0),(3317,25,134,0,0,0),(3318,25,135,0,0,0),(3319,25,136,0,0,0),(3320,25,138,0,0,0),(3321,25,139,0,0,0),(3322,25,140,0,0,0),(3323,25,141,0,0,0),(3324,25,142,0,0,0),(3325,25,143,0,0,0),(3326,25,145,0,0,0),(3327,25,146,0,0,0),(3328,25,147,0,0,0),(3329,25,148,0,0,0),(3330,25,152,0,0,0),(3331,25,153,0,0,0),(3332,25,155,0,0,0),(3333,25,157,0,0,0),(3334,25,158,0,0,0),(3335,25,159,0,0,0),(3336,25,161,0,0,0),(3337,25,162,0,0,0),(3338,25,163,0,0,0),(3339,25,164,0,0,0),(3340,25,165,0,0,0),(3341,25,166,0,0,0),(3342,25,167,0,0,0),(3343,25,168,0,0,0),(3344,25,169,0,0,0),(3345,25,170,0,0,0),(3346,25,171,0,0,0),(3347,25,172,0,0,0),(3348,25,174,0,0,0),(3349,25,176,0,0,0),(3350,25,177,0,0,0),(3351,25,178,0,0,0),(3352,25,179,0,0,0),(3353,25,181,0,0,0),(3354,25,183,0,0,0),(3355,25,184,0,0,0),(3356,25,187,0,0,0),(3357,25,188,0,0,0),(3358,25,189,0,0,0),(3359,25,190,0,0,0),(3360,25,191,0,0,0),(3361,25,193,0,0,0),(3362,25,198,0,0,0),(3363,25,200,0,0,0),(3364,25,202,0,0,0),(3365,25,203,0,0,0),(3366,25,205,0,0,0),(3367,25,206,0,0,0),(3368,26,1,0,0,0),(3369,26,3,0,0,0),(3370,26,4,0,0,0),(3371,26,5,0,0,0),(3372,26,7,0,0,0),(3373,26,8,0,0,0),(3374,26,9,0,0,0),(3375,26,10,0,0,0),(3376,26,11,0,0,0),(3377,26,12,0,0,0),(3378,26,15,0,0,0),(3379,26,16,0,0,0),(3380,26,17,0,0,0),(3381,26,18,0,0,0),(3382,26,19,0,0,0),(3383,26,20,0,0,0),(3384,26,21,0,0,0),(3385,26,22,0,0,0),(3386,26,23,0,0,0),(3387,26,24,0,0,0),(3388,26,26,0,0,0),(3389,26,29,0,0,0),(3390,26,30,0,0,0),(3391,26,31,0,0,0),(3392,26,32,0,0,0),(3393,26,33,0,0,0),(3394,26,34,0,0,0),(3395,26,35,0,0,0),(3396,26,36,0,0,0),(3397,26,37,0,0,0),(3398,26,38,0,0,0),(3399,26,39,0,0,0),(3400,26,40,0,0,0),(3401,26,41,0,0,0),(3402,26,42,0,0,0),(3403,26,43,0,0,0),(3404,26,44,0,0,0),(3405,26,45,0,0,0),(3406,26,47,0,0,0),(3407,26,48,0,0,0),(3408,26,52,0,0,0),(3409,26,53,0,0,0),(3410,26,54,0,0,0),(3411,26,55,0,0,0),(3412,26,58,0,0,0),(3413,26,59,0,0,0),(3414,26,60,0,0,0),(3415,26,63,0,0,0),(3416,26,67,0,0,0),(3417,26,72,0,0,0),(3418,26,75,0,0,0),(3419,26,76,0,0,0),(3420,26,77,0,0,0),(3421,26,78,0,0,0),(3422,26,80,0,0,0),(3423,26,81,0,0,0),(3424,26,83,0,0,0),(3425,26,87,0,0,0),(3426,26,88,0,0,0),(3427,26,89,0,0,0),(3428,26,93,0,0,0),(3429,26,96,0,0,0),(3430,26,97,0,0,0),(3431,26,100,0,0,0),(3432,26,101,0,0,0),(3433,26,102,0,0,0),(3434,26,103,0,0,0),(3435,26,104,0,0,0),(3436,26,108,0,0,0),(3437,26,113,0,0,0),(3438,26,114,0,0,0),(3439,26,115,0,0,0),(3440,26,116,0,0,0),(3441,26,117,0,0,0),(3442,26,118,0,0,0),(3443,26,119,0,0,0),(3444,26,120,0,0,0),(3445,26,122,0,0,0),(3446,26,126,0,0,0),(3447,26,127,0,0,0),(3448,26,128,0,0,0),(3449,26,129,0,0,0),(3450,26,130,0,0,0),(3451,26,131,0,0,0),(3452,26,132,0,0,0),(3453,26,133,0,0,0),(3454,26,134,0,0,0),(3455,26,135,0,0,0),(3456,26,136,0,0,0),(3457,26,138,0,0,0),(3458,26,139,0,0,0),(3459,26,140,0,0,0),(3460,26,141,0,0,0),(3461,26,142,0,0,0),(3462,26,143,0,0,0),(3463,26,145,0,0,0),(3464,26,146,0,0,0),(3465,26,147,0,0,0),(3466,26,148,0,0,0),(3467,26,152,0,0,0),(3468,26,153,0,0,0),(3469,26,155,0,0,0),(3470,26,157,0,0,0),(3471,26,158,0,0,0),(3472,26,159,0,0,0),(3473,26,161,0,0,0),(3474,26,162,0,0,0),(3475,26,163,0,0,0),(3476,26,164,0,0,0),(3477,26,165,0,0,0),(3478,26,166,0,0,0),(3479,26,167,0,0,0),(3480,26,168,0,0,0),(3481,26,169,0,0,0),(3482,26,170,0,0,0),(3483,26,171,0,0,0),(3484,26,172,0,0,0),(3485,26,174,0,0,0),(3486,26,176,0,0,0),(3487,26,177,0,0,0),(3488,26,178,0,0,0),(3489,26,179,0,0,0),(3490,26,181,0,0,0),(3491,26,183,0,0,0),(3492,26,184,0,0,0),(3493,26,187,0,0,0),(3494,26,188,0,0,0),(3495,26,189,0,0,0),(3496,26,190,0,0,0),(3497,26,191,0,0,0),(3498,26,193,0,0,0),(3499,26,198,0,0,0),(3500,26,200,0,0,0),(3501,26,202,0,0,0),(3502,26,203,0,0,0),(3503,26,205,0,0,0),(3504,26,206,0,0,0),(3505,27,1,0,0,0),(3506,27,3,0,0,0),(3507,27,4,0,0,0),(3508,27,5,0,0,0),(3509,27,7,0,0,0),(3510,27,8,0,0,0),(3511,27,9,0,0,0),(3512,27,10,0,0,0),(3513,27,11,0,0,0),(3514,27,12,0,0,0),(3515,27,15,0,0,0),(3516,27,16,0,0,0),(3517,27,17,0,0,0),(3518,27,18,0,0,0),(3519,27,19,0,0,0),(3520,27,20,0,0,0),(3521,27,21,0,0,0),(3522,27,22,0,0,0),(3523,27,23,0,0,0),(3524,27,24,0,0,0),(3525,27,26,0,0,0),(3526,27,29,0,0,0),(3527,27,30,0,0,0),(3528,27,31,0,0,0),(3529,27,32,0,0,0),(3530,27,33,0,0,0),(3531,27,34,0,0,0),(3532,27,35,0,0,0),(3533,27,36,0,0,0),(3534,27,37,0,0,0),(3535,27,38,0,0,0),(3536,27,39,0,0,0),(3537,27,40,0,0,0),(3538,27,41,0,0,0),(3539,27,42,0,0,0),(3540,27,43,0,0,0),(3541,27,44,0,0,0),(3542,27,45,0,0,0),(3543,27,47,0,0,0),(3544,27,48,0,0,0),(3545,27,52,0,0,0),(3546,27,53,0,0,0),(3547,27,54,0,0,0),(3548,27,55,0,0,0),(3549,27,58,0,0,0),(3550,27,59,0,0,0),(3551,27,60,0,0,0),(3552,27,63,0,0,0),(3553,27,67,0,0,0),(3554,27,72,0,0,0),(3555,27,75,0,0,0),(3556,27,76,0,0,0),(3557,27,77,0,0,0),(3558,27,78,0,0,0),(3559,27,80,0,0,0),(3560,27,81,0,0,0),(3561,27,83,0,0,0),(3562,27,87,0,0,0),(3563,27,88,0,0,0),(3564,27,89,0,0,0),(3565,27,93,0,0,0),(3566,27,96,0,0,0),(3567,27,97,0,0,0),(3568,27,100,0,0,0),(3569,27,101,0,0,0),(3570,27,102,0,0,0),(3571,27,103,0,0,0),(3572,27,104,0,0,0),(3573,27,108,0,0,0),(3574,27,113,0,0,0),(3575,27,114,0,0,0),(3576,27,115,0,0,0),(3577,27,116,0,0,0),(3578,27,117,0,0,0),(3579,27,118,0,0,0),(3580,27,119,0,0,0),(3581,27,120,0,0,0),(3582,27,122,0,0,0),(3583,27,126,0,0,0),(3584,27,127,0,0,0),(3585,27,128,0,0,0),(3586,27,129,0,0,0),(3587,27,130,0,0,0),(3588,27,131,0,0,0),(3589,27,132,0,0,0),(3590,27,133,0,0,0),(3591,27,134,0,0,0),(3592,27,135,0,0,0),(3593,27,136,0,0,0),(3594,27,138,0,0,0),(3595,27,139,0,0,0),(3596,27,140,0,0,0),(3597,27,141,0,0,0),(3598,27,142,0,0,0),(3599,27,143,0,0,0),(3600,27,145,0,0,0),(3601,27,146,0,0,0),(3602,27,147,0,0,0),(3603,27,148,0,0,0),(3604,27,152,0,0,0),(3605,27,153,0,0,0),(3606,27,155,0,0,0),(3607,27,157,0,0,0),(3608,27,158,0,0,0),(3609,27,159,0,0,0),(3610,27,161,0,0,0),(3611,27,162,0,0,0),(3612,27,163,0,0,0),(3613,27,164,0,0,0),(3614,27,165,0,0,0),(3615,27,166,0,0,0),(3616,27,167,0,0,0),(3617,27,168,0,0,0),(3618,27,169,0,0,0),(3619,27,170,0,0,0),(3620,27,171,0,0,0),(3621,27,172,0,0,0),(3622,27,174,0,0,0),(3623,27,176,0,0,0),(3624,27,177,0,0,0),(3625,27,178,0,0,0),(3626,27,179,0,0,0),(3627,27,181,0,0,0),(3628,27,183,0,0,0),(3629,27,184,0,0,0),(3630,27,187,0,0,0),(3631,27,188,0,0,0),(3632,27,189,0,0,0),(3633,27,190,0,0,0),(3634,27,191,0,0,0),(3635,27,193,0,0,0),(3636,27,198,0,0,0),(3637,27,200,0,0,0),(3638,27,202,0,0,0),(3639,27,203,0,0,0),(3640,27,205,0,0,0),(3641,27,206,0,0,0),(3642,28,1,1,4,0),(3643,28,3,1,5,0),(3644,28,4,1,2,0),(3645,28,5,1,10,0),(3646,28,7,1,13,0),(3647,28,8,0,0,0),(3648,28,9,0,0,0),(3649,28,10,1,9,0),(3650,28,11,1,12,0),(3651,28,12,1,2,0),(3652,28,15,1,5,0),(3653,28,16,1,5,0),(3654,28,17,1,5,0),(3655,28,18,1,2,0),(3656,28,19,1,8,0),(3657,28,20,1,9,0),(3658,28,21,1,11,0),(3659,28,22,0,0,0),(3660,28,23,1,11,0),(3661,28,24,1,5,0),(3662,28,26,1,9,0),(3663,28,29,1,7,0),(3664,28,30,1,14,0),(3665,28,31,1,13,0),(3666,28,32,1,12,0),(3667,28,33,1,13,0),(3668,28,34,1,2,0),(3669,28,35,1,8,0),(3670,28,36,1,10,0),(3671,28,37,1,12,0),(3672,28,38,1,6,0),(3673,28,39,1,11,0),(3674,28,40,1,2,0),(3675,28,41,1,9,0),(3676,28,42,1,2,0),(3677,28,43,1,14,0),(3678,28,44,1,12,0),(3679,28,45,1,13,0),(3680,28,47,0,0,0),(3681,28,48,1,2,0),(3682,28,52,1,2,0),(3683,28,53,1,14,0),(3684,28,54,1,10,0),(3685,28,55,1,8,0),(3686,28,58,1,7,0),(3687,28,59,1,10,0),(3688,28,60,1,13,0),(3689,28,63,1,10,0),(3690,28,67,1,4,0),(3691,28,72,1,6,0),(3692,28,75,1,12,0),(3693,28,76,1,4,0),(3694,28,77,1,5,0),(3695,28,78,1,10,0),(3696,28,80,1,8,0),(3697,28,81,1,4,0),(3698,28,83,1,9,0),(3699,28,87,1,10,0),(3700,28,88,1,14,0),(3701,28,89,1,12,0),(3702,28,93,1,9,0),(3703,28,96,1,12,0),(3704,28,97,1,11,0),(3705,28,100,1,3,0),(3706,28,101,1,14,0),(3707,28,102,1,7,0),(3708,28,103,1,7,0),(3709,28,104,1,4,0),(3710,28,108,1,4,0),(3711,28,113,1,9,0),(3712,28,114,1,9,0),(3713,28,115,1,5,0),(3714,28,116,1,6,0),(3715,28,117,1,4,0),(3716,28,118,1,10,0),(3717,28,119,1,14,0),(3718,28,120,1,12,0),(3719,28,122,1,8,0),(3720,28,126,1,7,0),(3721,28,127,1,3,0),(3722,28,128,1,5,0),(3723,28,129,1,13,0),(3724,28,130,1,7,0),(3725,28,131,1,7,0),(3726,28,132,1,7,0),(3727,28,133,1,14,0),(3728,28,134,1,12,0),(3729,28,135,0,0,0),(3730,28,136,1,8,0),(3731,28,138,0,0,0),(3732,28,139,1,3,0),(3733,28,140,1,3,0),(3734,28,141,1,4,0),(3735,28,142,1,13,1),(3736,28,143,1,9,0),(3737,28,145,1,11,0),(3738,28,146,1,6,0),(3739,28,147,1,3,0),(3740,28,148,1,6,0),(3741,28,152,1,13,0),(3742,28,153,1,5,0),(3743,28,155,1,11,0),(3744,28,157,0,0,0),(3745,28,158,1,8,0),(3746,28,159,1,6,0),(3747,28,161,1,13,0),(3748,28,162,1,8,0),(3749,28,163,1,7,0),(3750,28,164,1,3,0),(3751,28,165,1,2,0),(3752,28,166,1,3,0),(3753,28,167,1,2,0),(3754,28,168,1,14,0),(3755,28,169,1,4,0),(3756,28,170,1,3,0),(3757,28,171,1,11,0),(3758,28,172,1,12,0),(3759,28,174,1,8,0),(3760,28,176,1,4,0),(3761,28,177,1,6,0),(3762,28,178,1,6,0),(3763,28,179,1,11,0),(3764,28,181,1,10,0),(3765,28,183,1,6,0),(3766,28,184,1,5,0),(3767,28,187,1,11,0),(3768,28,188,1,3,0),(3769,28,189,1,3,0),(3770,28,190,1,7,0),(3771,28,191,1,11,0),(3772,28,193,1,8,0),(3773,28,198,1,6,0),(3774,28,200,1,14,0),(3775,28,202,1,13,0),(3776,28,203,1,9,0),(3777,28,205,1,10,0),(3778,28,206,1,14,0);
/*!40000 ALTER TABLE `mars_game_cards` ENABLE KEYS */;
UNLOCK TABLES;

--
-- Table structure for table `mars_games`
--

DROP TABLE IF EXISTS `mars_games`;
/*!40101 SET @saved_cs_client     = @@character_set_client */;
/*!40101 SET character_set_client = utf8 */;
CREATE TABLE `mars_games` (
  `id` int(11) NOT NULL AUTO_INCREMENT,
  `oceans` int(11) DEFAULT '0',
  `oxygene` int(11) DEFAULT '0',
  `temperature` int(11) DEFAULT '-30',
  `generation` int(11) DEFAULT '1',
  `hash` varchar(100) DEFAULT NULL,
  `status` int(11) DEFAULT NULL,
  `game_type` varchar(10) DEFAULT NULL,
  PRIMARY KEY (`id`)
) ENGINE=InnoDB AUTO_INCREMENT=29 DEFAULT CHARSET=latin1;
/*!40101 SET character_set_client = @saved_cs_client */;

--
-- Dumping data for table `mars_games`
--

LOCK TABLES `mars_games` WRITE;
/*!40000 ALTER TABLE `mars_games` DISABLE KEYS */;
INSERT INTO `mars_games` VALUES (20,0,0,-30,1,'6041890',NULL,'\0'),(21,0,0,-30,1,'262898',NULL,'\0'),(22,0,0,-30,1,'696582',0,'m'),(23,0,0,-30,1,'2081046',0,'s'),(24,0,0,-30,1,'9292967',0,'s'),(25,0,0,-30,1,'6901672',0,'s'),(26,0,0,-30,1,'3760395',0,'s'),(27,0,0,-30,1,'2153084',0,'m'),(28,0,0,-30,1,'7320839',0,'m');
/*!40000 ALTER TABLE `mars_games` ENABLE KEYS */;
UNLOCK TABLES;

--
-- Table structure for table `mars_player_cards`
--

DROP TABLE IF EXISTS `mars_player_cards`;
/*!40101 SET @saved_cs_client     = @@character_set_client */;
/*!40101 SET character_set_client = utf8 */;
CREATE TABLE `mars_player_cards` (
  `id` int(11) NOT NULL AUTO_INCREMENT,
  `game_id` int(11) NOT NULL,
  `card_id` int(11) NOT NULL,
  `player_id` int(11) NOT NULL,
  `played_generation` int(11) NOT NULL,
  PRIMARY KEY (`id`),
  KEY `game_id` (`game_id`),
  CONSTRAINT `mars_player_cards_ibfk_1` FOREIGN KEY (`game_id`) REFERENCES `mars_games` (`id`) ON DELETE CASCADE
) ENGINE=InnoDB AUTO_INCREMENT=84 DEFAULT CHARSET=latin1;
/*!40101 SET character_set_client = @saved_cs_client */;

--
-- Dumping data for table `mars_player_cards`
--

LOCK TABLES `mars_player_cards` WRITE;
/*!40000 ALTER TABLE `mars_player_cards` DISABLE KEYS */;
INSERT INTO `mars_player_cards` VALUES (80,28,142,13,0);
/*!40000 ALTER TABLE `mars_player_cards` ENABLE KEYS */;
UNLOCK TABLES;

--
-- Table structure for table `mars_player_mats`
--

DROP TABLE IF EXISTS `mars_player_mats`;
/*!40101 SET @saved_cs_client     = @@character_set_client */;
/*!40101 SET character_set_client = utf8 */;
CREATE TABLE `mars_player_mats` (
  `id` int(11) NOT NULL AUTO_INCREMENT,
  `game_id` int(11) NOT NULL,
  `player_id` int(11) NOT NULL,
  `rating` int(11) DEFAULT '14',
  `prod_money` int(11) DEFAULT NULL,
  `prod_steel` int(11) DEFAULT NULL,
  `prod_titan` int(11) DEFAULT NULL,
  `prod_plant` int(11) DEFAULT NULL,
  `prod_energy` int(11) DEFAULT NULL,
  `prod_heat` int(11) DEFAULT NULL,
  `money` int(11) DEFAULT NULL,
  `steel` int(11) DEFAULT NULL,
  `titan` int(11) DEFAULT NULL,
  `plant` int(11) DEFAULT NULL,
  `energy` int(11) DEFAULT NULL,
  `heat` int(11) DEFAULT NULL,
  `tile_green` int(11) DEFAULT '0',
  `tile_city` int(11) DEFAULT '0',
  PRIMARY KEY (`id`),
  KEY `game_id` (`game_id`),
  CONSTRAINT `mars_player_mats_ibfk_1` FOREIGN KEY (`game_id`) REFERENCES `mars_games` (`id`) ON DELETE CASCADE
) ENGINE=InnoDB AUTO_INCREMENT=30 DEFAULT CHARSET=latin1;
/*!40101 SET character_set_client = @saved_cs_client */;

--
-- Dumping data for table `mars_player_mats`
--

LOCK TABLES `mars_player_mats` WRITE;
/*!40000 ALTER TABLE `mars_player_mats` DISABLE KEYS */;
INSERT INTO `mars_player_mats` VALUES (16,20,1,20,0,0,0,0,0,0,0,0,0,0,0,0,0,0),(17,20,2,20,0,0,0,0,0,0,0,0,0,0,0,0,0,0),(18,21,3,20,0,0,0,0,0,0,0,0,0,0,0,0,0,0),(19,21,4,20,0,0,0,0,0,0,0,0,0,0,0,0,0,0),(20,22,5,20,0,0,0,0,0,0,0,0,0,0,0,0,0,0),(21,22,6,20,0,0,0,0,0,0,0,0,0,0,0,0,0,0),(22,23,7,14,0,0,0,0,0,0,0,0,0,0,0,0,0,0),(23,24,8,14,0,0,0,0,0,0,0,0,0,0,0,0,0,0),(24,25,9,14,0,0,0,0,0,0,0,0,0,0,0,0,0,0),(25,26,10,14,0,0,0,0,0,0,0,0,0,0,0,0,0,0),(26,27,11,20,0,0,0,0,0,0,0,0,0,0,0,0,0,0),(27,27,12,20,0,0,0,0,0,0,0,0,0,0,0,0,0,0),(28,28,13,20,0,0,0,0,0,0,8,0,0,0,0,0,0,0),(29,28,14,20,0,0,0,0,0,0,0,0,0,0,0,0,0,0);
/*!40000 ALTER TABLE `mars_player_mats` ENABLE KEYS */;
UNLOCK TABLES;

--
-- Table structure for table `mars_players`
--

DROP TABLE IF EXISTS `mars_players`;
/*!40101 SET @saved_cs_client     = @@character_set_client */;
/*!40101 SET character_set_client = utf8 */;
CREATE TABLE `mars_players` (
  `id` int(11) NOT NULL AUTO_INCREMENT,
  `name` varchar(100) NOT NULL,
  `game_id` int(11) NOT NULL,
  `corporation_id` int(11) DEFAULT NULL,
  PRIMARY KEY (`id`),
  KEY `game_id` (`game_id`),
  CONSTRAINT `mars_players_ibfk_1` FOREIGN KEY (`game_id`) REFERENCES `mars_games` (`id`) ON DELETE CASCADE
) ENGINE=InnoDB AUTO_INCREMENT=15 DEFAULT CHARSET=latin1;
/*!40101 SET character_set_client = @saved_cs_client */;

--
-- Dumping data for table `mars_players`
--

LOCK TABLES `mars_players` WRITE;
/*!40000 ALTER TABLE `mars_players` DISABLE KEYS */;
INSERT INTO `mars_players` VALUES (1,'P1',20,NULL),(2,'P2',20,NULL),(3,'P1',21,NULL),(4,'P2',21,NULL),(5,'P1',22,NULL),(6,'P2',22,NULL),(7,'P1',23,NULL),(8,'P1',24,NULL),(9,'P1',25,NULL),(10,'P1',26,NULL),(11,'P1',27,NULL),(12,'P2',27,NULL),(13,'P1',28,NULL),(14,'P2',28,NULL);
/*!40000 ALTER TABLE `mars_players` ENABLE KEYS */;
UNLOCK TABLES;
/*!40103 SET TIME_ZONE=@OLD_TIME_ZONE */;

/*!40101 SET SQL_MODE=@OLD_SQL_MODE */;
/*!40014 SET FOREIGN_KEY_CHECKS=@OLD_FOREIGN_KEY_CHECKS */;
/*!40014 SET UNIQUE_CHECKS=@OLD_UNIQUE_CHECKS */;
/*!40101 SET CHARACTER_SET_CLIENT=@OLD_CHARACTER_SET_CLIENT */;
/*!40101 SET CHARACTER_SET_RESULTS=@OLD_CHARACTER_SET_RESULTS */;
/*!40101 SET COLLATION_CONNECTION=@OLD_COLLATION_CONNECTION */;
/*!40111 SET SQL_NOTES=@OLD_SQL_NOTES */;

-- Dump completed on 2018-07-12 18:34:28
